https://www.mhlw.go.jp/index.html,image/vnd.microsoft.icon,https://www.nic.it/sites/default/files/favicon.ico,Italy
https://www.mhlw.go.jp/index.html,application/javascript; charset=utf-8,https://code.jquery.com/jquery-3.2.1.min.js,United States
https://www.jst.go.jp,image/x-icon,https://www.mhlw.go.jp/favicon.ico,United States
https://www.jst.go.jp,application/x-javascript,https://jsv2.ptengine.jp/pta.js,Japan
https://www.jst.go.jp,application/x-javascript,https://js.ptengine.jp/70371a08.js,Japan
http://www.bousai.go.jp,image/vnd.microsoft.icon,https://www.jst.go.jp/favicon.ico,Japan
https://www.jpo.go.jp,image/x-icon,https://www.nabunken.go.jp/favicon.ico,Japan
https://www.e-stat.go.jp,image/x-icon,https://www.jpo.go.jp/shared/site_english/images/favicon/favicon.ico,United States
http://www.mext.go.jp,image/x-icon,https://www.e-stat.go.jp/themes/custom/estat/favicon.ico,Japan
https://www.jil.go.jp,image/png,http://www.mext.go.jp/common/top_a_menu/ta_imgs/icon_balloon.png,Japan
https://www.inpit.go.jp,image/vnd.microsoft.icon,https://www.jil.go.jp/favicon.ico,Japan
http://www.maff.go.jp,image/vnd.microsoft.icon,https://www.inpit.go.jp/favicon.ico,Japan
https://www.nims.go.jp,image/x-icon,http://www.maff.go.jp/j/shared_new/shared/images/maff.ico,Taiwan
https://www.kyohaku.go.jp/eng/index.html,image/vnd.microsoft.icon,https://www.nims.go.jp/common/imgs/rc_favicon.ico,Japan
http://www.ncgg.go.jp,image/vnd.microsoft.icon,http://www.gsi.go.jp/favicon.ico,Japan
http://www.ncgg.go.jp,application/javascript; charset=utf-8,http://platform.twitter.com/widgets.js,United States
http://www.ncgg.go.jp,application/javascript; charset=utf-8,https://platform.twitter.com/js/grid~moment~timeline~tweet.3fe74c36d6a2c39e5b77d0f817cb8d96.js,United States
http://www.ncgg.go.jp,application/javascript; charset=utf-8,https://platform.twitter.com/js/moment~timeline~tweet.50bff1a04f1f37b6a41fa15859518e07.js,United States
http://www.ncgg.go.jp,application/javascript; charset=utf-8,https://platform.twitter.com/js/timeline.e4ed2310715834737b04d0727f37e46c.js,United States
http://www.ncgg.go.jp,application/javascript;charset=utf-8,https://cdn.syndication.twimg.com/timeline/profile?callback=__twttr.callbacks.tl_i0_profile_NCGG_PR_old&dnt=false&domain=www.ncgg.go.jp&lang=ja&screen_name=NCGG_PR&suppress_response_codes=true&t=1712029&tz=GMT%2B0800&with_replies=false,United States
https://www.nihs.go.jp,image/vnd.microsoft.icon,http://www.ncgg.go.jp/favicon.ico,Japan
https://www.nihs.go.jp,text/javascript; charset=UTF-8,http://cse.google.com/adsense/search/async-ads.js,United States
https://www.nihs.go.jp,image/png,http://www.google.com/cse/static/images/1x/googlelogo_lightgrey_46x16dp.png,United States
https://www.nihs.go.jp,image/gif,http://www.nihs.go.jp/images/common/spacer.gif,Japan
https://www.nihs.go.jp,image/gif,http://www.nihs.go.jp/images/english/menu1.gif,Japan
https://www.nihs.go.jp,image/gif,http://www.nihs.go.jp/images/common/logo.gif,Japan
https://www.nihs.go.jp,image/gif,http://www.nihs.go.jp/images/english/english-logo.gif,Japan
https://www.nihs.go.jp,image/gif,http://www.nihs.go.jp/images/english/menu2.gif,Japan
https://www.nihs.go.jp,image/gif,http://www.nihs.go.jp/images/english/menu3.gif,Japan
https://www.nihs.go.jp,image/gif,http://www.nihs.go.jp/images/english/menu4.gif,Japan
https://www.nihs.go.jp,image/gif,http://www.nihs.go.jp/images/english/menu5.gif,Japan
https://www.nihs.go.jp,image/gif,http://www.nihs.go.jp/images/english/menu-home.gif,Japan
https://www.nihs.go.jp,image/gif,http://www.nihs.go.jp/images/english/mainPH.gif,Japan
https://www.nihs.go.jp,image/gif,http://www.nihs.go.jp/images/common/icon2.gif,Japan
https://www.nihs.go.jp,image/gif,http://www.nihs.go.jp/images/japan/title-iyakuhin_bg.gif,Japan
https://www.nihs.go.jp,image/gif,http://www.nihs.go.jp/images/english/title-UsefulInfomation.gif,Japan
https://www.nihs.go.jp,image/gif,http://www.nihs.go.jp/images/english/title-aboutNIHS.gif,Japan
https://www.nihs.go.jp,image/gif,http://www.nihs.go.jp/images/english/title-DrugsMedicalDevices.gif,Japan
https://www.nihs.go.jp,image/gif,http://www.nihs.go.jp/images/english/title-Foods.gif,Japan
https://www.nihs.go.jp,image/gif,http://www.nihs.go.jp/images/japan/title-shokuhin_bg.gif,Japan
https://www.nihs.go.jp,image/gif,http://www.nihs.go.jp/images/english/line.gif,Japan
https://www.nihs.go.jp,image/gif,http://www.nihs.go.jp/images/common/title-contents.gif,Japan
https://www.nihs.go.jp,image/gif,http://www.nihs.go.jp/images/common/icon1.gif,Japan
https://www.nihs.go.jp,image/gif,http://www.nihs.go.jp/images/common/ya-b.gif,Japan
https://www.nihs.go.jp,image/gif,http://www.nihs.go.jp/images/english/title-Chemicals.gif,Japan
https://www.nihs.go.jp,image/gif,http://www.nihs.go.jp/images/english/title-Others.gif,Japan
https://www.nihs.go.jp,image/gif,http://www.nihs.go.jp/images/common/hootbg.gif,Japan
https://www.nihs.go.jp,image/gif,http://www.nihs.go.jp/images/english/title-Others-bg.gif,Japan
https://www.jishin.go.jp,image/vnd.microsoft.icon,https://www.rieti.go.jp/favicon.ico,Japan
https://www.jishin.go.jp,application/javascript; charset=utf-8,https://platform.twitter.com/widgets.js,United States
https://www.jishin.go.jp,application/javascript; charset=utf-8,https://platform.twitter.com/js/button.7e70e79397c0c1d312e26417e7f8d53d.js,United States
https://www.jishin.go.jp,image/png,https://www.static.jishin.go.jp/img/common/header_bg.png,Japan
http://www.cao.go.jp,image/png,https://www.jishin.go.jp/wp-content/themes/herp17/img/common/favicon/favicon-32x32.png,Japan
http://www.jfa.maff.go.jp,image/vnd.microsoft.icon,http://www.cao.go.jp/favicon.ico,Japan
http://www.jfa.maff.go.jp,image/gif,http://www.maff.go.jp/comm/attach/img/icon_new.gif,Taiwan
https://www.customs.go.jp,image/x-icon,http://www.jfa.maff.go.jp/j/shared_new/shared/images/jfa.ico,Taiwan
https://japan.kantei.go.jp/,application/javascript,https://cs.nakanohito.jp/b3/bi.js,Japan
https://japan.kantei.go.jp/,image/gif,https://bs.nakanohito.jp/b3/,Japan
https://www.nirs.qst.go.jp,image/vnd.microsoft.icon,https://japan.kantei.go.jp/favicon.ico,Japan
https://www.nirs.qst.go.jp,image/png,https://japan.kantei.go.jp/n3-common/images/index-featured-current.png,Japan
https://www.nirs.qst.go.jp,image/jpeg,https://japan.kantei.go.jp/content/1024bura2_a.jpg,Japan
https://www.nirs.qst.go.jp,image/jpeg,https://japan.kantei.go.jp/content/1025bura_a.jpg,Japan
https://www.nirs.qst.go.jp,image/jpeg,https://japan.kantei.go.jp/content/1016china_a.jpg,Japan
https://www.nirs.qst.go.jp,image/jpeg,https://japan.kantei.go.jp/content/1025china2_a.jpg,Japan
https://www.nirs.qst.go.jp,image/jpeg,https://japan.kantei.go.jp/content/1024bura_a.jpg,Japan
https://www.nirs.qst.go.jp,image/jpeg,https://japan.kantei.go.jp/content/kokkasen_a.jpg,Japan
https://www.nirs.qst.go.jp,image/jpeg,https://japan.kantei.go.jp/content/1023getsurei_a.jpg,Japan
https://www.nirs.qst.go.jp,image/jpeg,https://japan.kantei.go.jp/content/1023meiji_a.jpg,Japan
http://www.enecho.meti.go.jp,image/vnd.microsoft.icon,https://www.npb.go.jp/favicon.ico,Japan
http://www.enecho.meti.go.jp,application/javascript,http://cs.nakanohito.jp/b3/bi.js,Japan
http://www.enecho.meti.go.jp,image/gif,http://c07.nakanohito.jp/b3/,Japan
https://www.ncvc.go.jp,application/javascript,http://www.enecho.meti.go.jp/common/js2/googleSearch.js?_=1540826706219,Taiwan
https://www.ncvc.go.jp,image/x-icon,http://www.enecho.meti.go.jp/common/img/favicon.ico,Taiwan
https://www.ncvc.go.jp,image/jpeg,http://www.enecho.meti.go.jp/common/img/logo.jpg,Taiwan
https://www.ncvc.go.jp,image/png,http://www.enecho.meti.go.jp/common/img/sp/menu.png,Taiwan
https://www.ncvc.go.jp,image/png,http://www.enecho.meti.go.jp/common/img/sp/close.png,Taiwan
https://www.ncvc.go.jp,image/png,http://www.enecho.meti.go.jp/common/img/sp/navSpecial_off.png,Taiwan
https://www.ncvc.go.jp,image/png,http://www.enecho.meti.go.jp/common/img/sp/navNotice_off.png,Taiwan
https://www.ncvc.go.jp,image/png,http://www.enecho.meti.go.jp/common/img/sp/navAbout_off.png,Taiwan
https://www.ncvc.go.jp,image/png,http://www.enecho.meti.go.jp/common/img/sp/navCategory_off.png,Taiwan
https://www.ncvc.go.jp,image/png,http://www.enecho.meti.go.jp/common/img/sp/navAppli_off.png,Taiwan
https://www.ncvc.go.jp,image/png,http://www.enecho.meti.go.jp/common/img/slide/controll/btn_play.png,Taiwan
http://www.bosai.go.jp,text/javascript; charset=UTF-8,http://ajax.googleapis.com/ajax/libs/jquery/1.8.2/jquery.min.js,United States
http://www.bosai.go.jp,application/javascript; charset=utf-8,http://code.jquery.com/jquery-3.1.0.min.js,United States
https://www.nntt.jac.go.jp,image/vnd.microsoft.icon,http://www.bosai.go.jp/common/img/favicon.ico,Japan
https://www.nntt.jac.go.jp,application/javascript; charset=utf-8,https://platform.twitter.com/widgets.js,United States
https://www.kfs.go.jp,image/vnd.microsoft.icon,https://www.nntt.jac.go.jp/favicon.ico,Japan
http://www.momak.go.jp,image/vnd.microsoft.icon,http://www.momat.go.jp/favicon.ico,Japan
http://www.momak.go.jp,image/png,http://www.momat.go.jp/wp-content/themes/momat28/img/top-ribbons-today-wrap.png,Japan
http://www.momak.go.jp,text/javascript; charset=UTF-8,http://ajax.googleapis.com/ajax/libs/jquery/1.8.2/jquery.min.js,United States
http://www.momak.go.jp,application/javascript; charset=utf-8,http://platform.twitter.com/widgets.js,United States
http://www.momak.go.jp,application/javascript; charset=utf-8,https://platform.twitter.com/js/button.7e70e79397c0c1d312e26417e7f8d53d.js,United States
https://www.jamstec.go.jp,application/javascript; charset=utf-8,https://code.jquery.com/jquery-1.12.4.min.js,United States
https://www.jftc.go.jp,image/png,https://www.jamstec.go.jp/flexslider/images/next.png,Japan
https://www.jftc.go.jp,image/png,https://www.jamstec.go.jp/flexslider/images/prev.png,Japan
https://www.jftc.go.jp,image/gif,https://custom.search.yahoo.co.jp/images/window/T6SJcq5ZMIG.SbR2ECDVQ5ONjzOdfqibSCsmlVaIXDJJhEw-.gif,Japan
http://www.chusho.meti.go.jp,image/gif,https://www.jftc.go.jp/images/c_icon_black.gif,Japan
http://www.chusho.meti.go.jp,image/x-icon,https://www.jftc.go.jp/favicon.ico,Japan
http://www.chusho.meti.go.jp,application/javascript,http://cs.nakanohito.jp/b3/bi.js,Japan
http://www.chusho.meti.go.jp,image/gif,http://c07.nakanohito.jp/b3/,Japan
https://www.env.go.jp,image/x-icon,http://www.chusho.meti.go.jp/favicon.ico,Taiwan
https://www.env.go.jp,image/gif,http://custom.search.yahoo.co.jp/images/window/a0p6x2xcMIJuAVTsQZ323vNM.MSEqLCorrcp.gif,Japan
https://www.env.go.jp,image/gif,http://i.yimg.jp/images/search/customsearch/yjlogo/yjlogo_type4.gif,Japan
https://www.env.go.jp,image/jpeg,http://www.env.go.jp/common/img/measures/02.jpg,United States
https://www.nta.go.jp,image/vnd.microsoft.icon,https://www.mlit.go.jp/favicon.ico,Japan
https://www.nta.go.jp,image/gif,http://custom.search.yahoo.co.jp/images/window/petbjRpMM6VZLRwhY6YGmlq.GEZ72uxSBysA.gif,Japan
https://www.nta.go.jp,image/gif,http://i.yimg.jp/images/search/customsearch/yjlogo/yjlogo_type4.gif,Japan
http://www.meti.go.jp,application/javascript,http://cs.nakanohito.jp/b3/bi.js,Japan
http://www.meti.go.jp,image/gif,http://c07.nakanohito.jp/b3/,Japan
http://www.meti.go.jp,text/javascript; charset=utf-8,http://ewb-c.infocreate.co.jp/ewbc/ptspk_loader.js?siteId=003_meti,United States
https://www.kaiho.mlit.go.jp,image/x-icon,http://www.meti.go.jp/favicon.ico,Taiwan
https://www.nies.go.jp,text/javascript;charset=Shift_JIS,https://ma001.sibulla.com/dekatag/access?id=vLfqVvSo,Japan
https://www.nies.go.jp,text/javascript;charset=Windows-31J,https://ma001.sibulla.com/sibulog/access21?id=vLfqVvSo&re=1&js=1&REFERER=&w=1280&h=800&t=National+Institute+for+Environmental+Studies%2c+Japan,Japan
https://www.cas.go.jp,image/vnd.microsoft.icon,https://www.nies.go.jp/favicon.ico,Japan
https://www.fdma.go.jp,image/png,http://www.tobunken.go.jp/image/ico/favicon-32x32.png,Japan
https://www.nict.go.jp,image/x-icon,http://www.mod.go.jp/favicon32.ico,Japan
https://www.nict.go.jp,image/png,http://www.mod.go.jp/favicon96.png,Japan
http://www.kokuminhogo.go.jp,image/x-icon,https://www.nict.go.jp/favicon.ico,Japan
https://www.niid.go.jp/,image/png,https://www.ncc.go.jp/core/img/stop_bt.png,Japan
https://www.niid.go.jp/,image/png,https://www.ncc.go.jp/core/img/start_bt.png,Japan
https://www.jasso.go.jp,application/x-javascript,https://rsv.dga.jp/s/jasso/search_tool_n1.js,Japan
https://www.jasso.go.jp,application/x-javascript,https://rsv.dga.jp/s/jasso/i_search_assist_n1.js,Japan
https://www.gov-online.go.jp,image/x-icon,https://www.mofa.go.jp/favicon.ico,Netherlands
https://www.jma.go.jp,image/vnd.microsoft.icon,https://www.gov-online.go.jp/favicon.ico,Japan
https://www.jma.go.jp,image/gif,https://custom.search.yahoo.co.jp/images/window/pD.LqPJKNL6pX5S8V0Zj684fKOuX.849vg9h.gif,Japan
https://www.jma.go.jp,application/json; charset=utf-8,https://www.data.jma.go.jp/hp_notice/message.json,United States
http://www.esri.go.jp,image/gif,https://www.jma.go.jp/jma/com/images/icon_arrow03.gif,United States
http://www.esri.go.jp,image/png,http://www.esri.cao.go.jp/jp/stat/shouhi/open_chosa/shouhisya_mind.png,Japan
http://www.archives.go.jp,image/vnd.microsoft.icon,http://www.esri.go.jp/favicon.ico,Japan
http://www.archives.go.jp,text/javascript; charset=UTF-8,http://cse.google.com/adsense/search/async-ads.js,United States
http://www.archives.go.jp,image/png,http://www.google.com/cse/static/images/1x/googlelogo_lightgrey_46x16dp.png,United States
https://www.kunaicho.go.jp,image/vnd.microsoft.icon,http://www.archives.go.jp/favicon.ico,Japan
https://www.kantei.go.jp,application/javascript,https://cs.nakanohito.jp/b3/bi.js,Japan
https://www.kantei.go.jp,image/gif,https://bs.nakanohito.jp/b3/,Japan
https://www.e-gov.go.jp,image/vnd.microsoft.icon,https://www.kantei.go.jp/favicon.ico,Japan
https://www.e-gov.go.jp,image/gif,http://custom.search.yahoo.co.jp/images/window/NTl8fm5FYakLmGiXtcLJRcCo6vqQ6Cqlwafy7OsTkA--.gif,Japan
https://www.jbic.go.jp/ja/,application/javascript,https://bizsearch-asp.accelatech.com/bizasp/js/accela_suggest.js,Japan
https://www.jbic.go.jp/ja/,application/javascript,https://bizsearch-asp.accelatech.com/bizasp/js/accela_suggest2.js,Japan
https://www.mint.go.jp,image/png,https://www.jbic.go.jp/ja/top/image/footer_btn_top.png,Japan
https://www.mint.go.jp,image/vnd.microsoft.icon,https://www.jbic.go.jp/favicon.ico,Japan
https://www.nmwa.go.jp,application/javascript; charset=utf-8,https://platform.twitter.com/widgets.js,United States
https://www.nmwa.go.jp,application/javascript; charset=utf-8,https://platform.twitter.com/js/grid~moment~timeline~tweet.3fe74c36d6a2c39e5b77d0f817cb8d96.js,United States
https://www.nmwa.go.jp,application/javascript; charset=utf-8,https://platform.twitter.com/js/moment~timeline~tweet.50bff1a04f1f37b6a41fa15859518e07.js,United States
https://www.nmwa.go.jp,application/javascript; charset=utf-8,https://platform.twitter.com/js/timeline.e4ed2310715834737b04d0727f37e46c.js,United States
https://www.nmwa.go.jp,application/javascript; charset=utf-8,https://platform.twitter.com/js/button.7e70e79397c0c1d312e26417e7f8d53d.js,United States
https://www.nmwa.go.jp,application/javascript;charset=utf-8,https://cdn.syndication.twimg.com/timeline/profile?callback=__twttr.callbacks.tl_i0_profile_NMWATokyo_old&dnt=false&domain=www.nmwa.go.jp&lang=ja&screen_name=NMWATokyo&suppress_response_codes=true&t=1712029&tz=GMT%2B0800&with_replies=false,United States
http://www.gender.go.jp,image/gif,https://www.nmwa.go.jp/jp/img/submenu06_03_on.gif,Japan
http://www.gender.go.jp,image/gif,https://www.nmwa.go.jp/jp/img/submenu06_05_on.gif,Japan
http://www.gender.go.jp,image/gif,https://www.nmwa.go.jp/jp/img/submenu07_01_on.gif,Japan
http://www.gender.go.jp,image/gif,https://www.nmwa.go.jp/jp/img/submenu06_04_on.gif,Japan
http://www.gender.go.jp,image/gif,https://www.nmwa.go.jp/jp/img/submenu07_02_on.gif,Japan
http://www.gender.go.jp,image/gif,https://www.nmwa.go.jp/jp/img/bn_group_on.gif,Japan
http://www.gender.go.jp,image/jpeg,https://www.nmwa.go.jp/jp/img/bn_disabled_on.jpg,Japan
http://www.gender.go.jp,image/gif,https://www.nmwa.go.jp/jp/img/bn_members_on.gif,Japan
http://www.gender.go.jp,image/gif,https://www.nmwa.go.jp/jp/img/bn_briefguides_on.gif,Japan
http://www.gender.go.jp,image/gif,https://www.nmwa.go.jp/jp/img/bn_donation_on.gif,Japan
http://www.gender.go.jp,image/gif,https://www.nmwa.go.jp/jp/img/bn_worldheritage_on.gif,Japan
http://www.gender.go.jp,image/gif,https://www.nmwa.go.jp/jp/img/bn_tour_on.gif,Japan
http://www.shugiintv.go.jp,image/vnd.microsoft.icon,http://www.gender.go.jp/favicon.ico,Japan
https://www.japaneselawtranslation.go.jp,image/gif,http://www.shugiintv.go.jp/images/b_japanese_on.gif,Japan
https://www.japaneselawtranslation.go.jp,image/gif,http://www.shugiintv.go.jp/images/b_english_on.gif,Japan
https://www.japaneselawtranslation.go.jp,image/x-icon,http://www.shugiintv.go.jp/favicon_wb.ico,Japan
https://www.japaneselawtranslation.go.jp,image/gif,http://www.japaneselawtranslation.go.jp/img/bth_fc_en.gif,Japan
https://www.japaneselawtranslation.go.jp,image/gif,http://www.japaneselawtranslation.go.jp/img/logo.gif,Japan
https://www.japaneselawtranslation.go.jp,image/gif,http://www.japaneselawtranslation.go.jp/img/bth_f1_en.gif,Japan
https://www.japaneselawtranslation.go.jp,image/gif,http://www.japaneselawtranslation.go.jp/img/bth_f2_en.gif,Japan
https://www.japaneselawtranslation.go.jp,image/gif,http://www.japaneselawtranslation.go.jp/img/bth_sitemap_en.gif,Japan
https://www.japaneselawtranslation.go.jp,image/gif,http://www.japaneselawtranslation.go.jp/img/bth_f3_en.gif,Japan
https://www.japaneselawtranslation.go.jp,image/gif,http://www.japaneselawtranslation.go.jp/img/bth_bar_en.gif,Japan
https://www.japaneselawtranslation.go.jp,image/gif,http://www.japaneselawtranslation.go.jp/img/bth_help_en.gif,Japan
https://www.japaneselawtranslation.go.jp,image/gif,http://www.japaneselawtranslation.go.jp/img/icon_arrow.gif,Japan
https://www.japaneselawtranslation.go.jp,image/gif,http://www.japaneselawtranslation.go.jp/img/bth_ja.gif,Japan
https://www.japaneselawtranslation.go.jp,image/gif,http://www.japaneselawtranslation.go.jp/img/title_whatsnew_en.gif,Japan
https://www.japaneselawtranslation.go.jp,image/gif,http://www.japaneselawtranslation.go.jp/img/about_site_en.gif,Japan
https://www.japaneselawtranslation.go.jp,image/gif,http://www.japaneselawtranslation.go.jp/img/mojlogo.gif,Japan
https://www.nite.go.jp,image/vnd.microsoft.icon,https://www.japaneselawtranslation.go.jp/favicon.ico,Japan
https://www.nite.go.jp,application/javascript; charset=utf-8,https://platform.twitter.com/widgets.js,United States
https://www.nite.go.jp,application/javascript; charset=utf-8,https://platform.twitter.com/js/grid~moment~timeline~tweet.3fe74c36d6a2c39e5b77d0f817cb8d96.js,United States
https://www.nite.go.jp,application/javascript; charset=utf-8,https://platform.twitter.com/js/moment~timeline~tweet.50bff1a04f1f37b6a41fa15859518e07.js,United States
https://www.nite.go.jp,application/javascript; charset=utf-8,https://platform.twitter.com/js/timeline.e4ed2310715834737b04d0727f37e46c.js,United States
https://www.nite.go.jp,application/javascript;charset=utf-8,https://cdn.syndication.twimg.com/timeline/profile?callback=__twttr.callbacks.tl_i0_profile_NITE_JP_old&dnt=false&domain=www.nite.go.jp&lang=ja&screen_name=NITE_JP&suppress_response_codes=true&t=1712029&tz=GMT%2B0800&with_replies=false,United States
https://www.jica.go.jp,image/vnd.microsoft.icon,https://www.nite.go.jp/data/000060014.ico,Japan
https://www.jica.go.jp,image/png,https://www.nite.go.jp/data/000000055.png,Japan
https://www.jica.go.jp,image/png,https://www.nite.go.jp/data/000000018.png,Japan
https://www.jica.go.jp,image/png,https://www.nite.go.jp/data/000000013.png,Japan
https://www.ipa.go.jp,image/x-icon,https://www.stat.go.jp/favicon.ico,Japan
https://www.jpf.go.jp,image/vnd.microsoft.icon,https://www.ipa.go.jp/files/000034570.ico,Japan
https://www.jpf.go.jp,application/x-javascript,https://sv7.logmill.net/bin/ina?1206317597D9399msep;https://www.jpf.go.jp/,Japan
https://www.jpf.go.jp,application/x-javascript,https://sv7.logmill.net/bin/opo?2msep;msep;cc18551d471a25abd224msep;1msep;FDSSCOMPIDmsep;FDSSSSVCIDmsep;msep;https://www.jpf.go.jp/msep;500msep;320msep;18msep;4b0msep;219msep;,Japan
https://www.moj.go.jp,application/javascript,http://www.moj.go.jp/content/jquery.min1.8.2.js,Japan
https://www.moj.go.jp,application/javascript,http://www.moj.go.jp/content/jquery-ui-1.8rc3.custom.min.js,Japan
https://www.moj.go.jp,application/javascript,http://www.moj.go.jp/content/common.js,Japan
https://www.moj.go.jp,application/javascript,http://www.moj.go.jp/content/fontsize.js,Japan
https://www.moj.go.jp,application/javascript,http://www.moj.go.jp/content/sp_common.js,Japan
https://www.moj.go.jp,application/javascript,http://www.moj.go.jp/content/sp_top.js,Japan
https://www.moj.go.jp,image/gif,http://www.moj.go.jp/content/000000049.gif,Japan
https://www.moj.go.jp,image/gif,http://www.moj.go.jp/content/000126951.gif,Japan
https://www.moj.go.jp,text/javascript; charset=utf-8,http://ewb-c.infocreate.co.jp/ewbc/ptspk_loader.js?siteId=018_moj,United States
https://www.moj.go.jp,application/javascript,http://www.moj.go.jp/content/jquery.bxslider.min.js,Japan
https://www.moj.go.jp,image/gif,http://www.moj.go.jp/content/000070721.gif,Japan
https://www.moj.go.jp,image/gif,http://www.moj.go.jp/content/000070720.gif,Japan
https://www.moj.go.jp,image/gif,http://www.moj.go.jp/content/000126948.gif,Japan
https://www.moj.go.jp,image/gif,http://www.moj.go.jp/content/000070718.gif,Japan
https://www.moj.go.jp,image/gif,http://www.moj.go.jp/content/000126944.gif,Japan
https://www.moj.go.jp,image/gif,http://www.moj.go.jp/content/000126942.gif,Japan
https://www.moj.go.jp,image/gif,http://www.moj.go.jp/content/000126946.gif,Japan
https://www.moj.go.jp,image/png,http://www.moj.go.jp/content/001227649.png,Japan
https://www.moj.go.jp,image/jpeg,http://www.moj.go.jp/content/001263962.jpg,Japan
https://www.moj.go.jp,image/png,http://www.moj.go.jp/content/001261884.png,Japan
https://www.moj.go.jp,image/jpeg,http://www.moj.go.jp/content/001263975.jpg,Japan
https://www.moj.go.jp,image/png,http://www.moj.go.jp/content/001232648.png,Japan
https://www.moj.go.jp,image/jpeg,http://www.moj.go.jp/content/001229195.jpg,Japan
https://www.moj.go.jp,text/javascript,http://c.marsflag.com/mf/mfx/js/mfx-sbox.js,United States
https://www.moj.go.jp,image/jpeg,http://www.moj.go.jp/content/000000041.jpg,Japan
https://www.moj.go.jp,image/gif,http://www.moj.go.jp/content/000000042.gif,Japan
https://www.moj.go.jp,image/gif,http://www.moj.go.jp/content/000000038.gif,Japan
https://www.moj.go.jp,image/gif,http://www.moj.go.jp/content/000126947.gif,Japan
https://www.moj.go.jp,image/gif,http://www.moj.go.jp/content/000126943.gif,Japan
https://www.moj.go.jp,image/gif,http://www.moj.go.jp/content/000126945.gif,Japan
https://www.moj.go.jp,image/gif,http://www.moj.go.jp/content/000126950.gif,Japan
https://www.moj.go.jp,text/javascript,http://c.marsflag.com/mf/gui/gui.js,United States
https://www.moj.go.jp,image/jpeg,http://www.moj.go.jp/content/001222348.jpg,Japan
https://www.moj.go.jp,image/jpeg,http://www.moj.go.jp/content/001225764.jpg,Japan
https://www.moj.go.jp,image/jpeg,http://www.moj.go.jp/content/001223573.jpg,Japan
https://www.moj.go.jp,image/png,http://www.moj.go.jp/content/001222352.png,Japan
https://www.moj.go.jp,image/jpeg,http://www.moj.go.jp/content/001264984.jpg,Japan
https://www.moj.go.jp,image/gif,http://www.moj.go.jp/content/000000040.gif,Japan
https://www.moj.go.jp,image/gif,http://www.moj.go.jp/content/000126958.gif,Japan
https://www.moj.go.jp,image/gif,http://www.moj.go.jp/content/000000161.gif,Japan
https://www.moj.go.jp,image/gif,http://www.moj.go.jp/content/000000046.gif,Japan
https://www.moj.go.jp,application/x-javascript,http://c.marsflag.com/lib/js/md5.min.js,United States
https://www.moj.go.jp,image/gif,http://www.moj.go.jp/content/000000052.gif,Japan
https://www.moj.go.jp,image/png,http://www.moj.go.jp/content/001272591.png,Japan
https://www.moj.go.jp,image/gif,http://www.moj.go.jp/content/000000159.gif,Japan
https://www.moj.go.jp,image/gif,http://www.moj.go.jp/content/000000051.gif,Japan
https://www.moj.go.jp,image/gif,http://www.moj.go.jp/content/000000166.gif,Japan
https://www.moj.go.jp,text/javascript,http://c.marsflag.com/mf/cs.js,United States
https://www.moj.go.jp,image/png,http://www.moj.go.jp/content/000126957.png,Japan
https://www.moj.go.jp,image/jpeg,http://www.moj.go.jp/content/001203975.jpg,Japan
https://www.moj.go.jp,image/png,http://www.moj.go.jp/content/001254951.png,Japan
https://www.moj.go.jp,image/jpeg,http://www.moj.go.jp/content/001233365.jpg,Japan
https://www.moj.go.jp,text/javascript,http://c.marsflag.com/mf/gui/js/customer/gui-mf.js,United States
https://www.moj.go.jp,image/gif,http://www.moj.go.jp/content/000000163.gif,Japan
https://www.moj.go.jp,image/png,http://www.moj.go.jp/content/001229967.png,Japan
https://www.moj.go.jp,text/javascript,http://c.marsflag.com/mf/gui/js/lib/jquery2.js,United States
https://www.moj.go.jp,image/jpeg,http://www.moj.go.jp/content/001222351.jpg,Japan
https://www.moj.go.jp,image/bmp,http://www.moj.go.jp/content/001222350.bmp,Japan
https://www.moj.go.jp,text/javascript,http://c.marsflag.com/mf/gui/js/serp.js,United States
https://www.moj.go.jp,image/jpeg,http://www.moj.go.jp/content/001263963.jpg,Japan
https://www.moj.go.jp,image/png,http://www.moj.go.jp/content/001182292.png,Japan
https://www.moj.go.jp,image/jpeg,http://www.moj.go.jp/content/001179331.jpg,Japan
https://www.moj.go.jp,image/jpeg,http://www.moj.go.jp/content/001183930.jpg,Japan
https://www.moj.go.jp,image/png,http://www.moj.go.jp/content/001209437.png,Japan
https://www.moj.go.jp,image/jpeg,http://www.moj.go.jp/content/000019842.jpg,Japan
https://www.moj.go.jp,image/png,http://www.moj.go.jp/content/001259816.png,Japan
https://www.moj.go.jp,image/jpeg,http://www.moj.go.jp/content/000020688.jpg,Japan
https://www.moj.go.jp,image/png,http://www.moj.go.jp/content/001210077.png,Japan
https://www.moj.go.jp,image/png,http://www.moj.go.jp/content/001128361.png,Japan
https://www.moj.go.jp,image/png,http://www.moj.go.jp/content/001267125.png,Japan
https://www.moj.go.jp,image/png,http://www.moj.go.jp/content/001141995.png,Japan
https://www.moj.go.jp,image/jpeg,http://www.moj.go.jp/content/000124708.jpg,Japan
https://www.moj.go.jp,image/jpeg,http://www.moj.go.jp/content/000020685.jpg,Japan
https://www.moj.go.jp,image/jpeg,http://www.moj.go.jp/content/000101170.jpg,Japan
https://www.moj.go.jp,image/png,http://www.moj.go.jp/content/001145565.png,Japan
https://www.moj.go.jp,image/gif,http://www.moj.go.jp/content/000000165.gif,Japan
https://www.moj.go.jp,image/gif,http://www.moj.go.jp/content/000000164.gif,Japan
https://www.moj.go.jp,image/png,http://www.moj.go.jp/content/001249874.png,Japan
https://www.moj.go.jp,image/jpeg,http://www.moj.go.jp/content/001249718.jpg,Japan
https://www.moj.go.jp,image/jpeg,http://www.moj.go.jp/content/000020689.jpg,Japan
https://www.moj.go.jp,image/jpeg,http://www.moj.go.jp/content/000020691.jpg,Japan
https://www.moj.go.jp,image/jpeg,http://www.moj.go.jp/content/000020693.jpg,Japan
https://www.moj.go.jp,image/jpeg,http://www.moj.go.jp/content/000020690.jpg,Japan
https://www.moj.go.jp,image/gif,http://www.moj.go.jp/content/000106882.gif,Japan
https://www.moj.go.jp,image/png,http://www.moj.go.jp/content/001138919.png,Japan
https://www.moj.go.jp,image/jpeg,http://www.moj.go.jp/content/001249457.jpg,Japan
https://www.moj.go.jp,image/gif,http://www.moj.go.jp/content/000000035.gif,Japan
https://www.moj.go.jp,image/gif,http://www.moj.go.jp/content/001269624.gif,Japan
https://www.moj.go.jp,image/gif,http://www.moj.go.jp/content/000000050.gif,Japan
https://www.moj.go.jp,image/gif,http://www.moj.go.jp/content/000000162.gif,Japan
https://www.moj.go.jp,image/gif,http://www.moj.go.jp/content/000000232.gif,Japan
https://www.moj.go.jp,image/gif,http://www.moj.go.jp/content/000000160.gif,Japan
http://www.ndl.go.jp/,image/png,http://c.marsflag.com/mf/gui/img/bar/A/navigation-bar-result.png,United States
http://www.ndl.go.jp/,text/javascript; charset=utf-8,http://www.google.com/jsapi,United States
http://www.ndl.go.jp/,text/javascript; charset=utf-8,http://www.google.com/uds/?file=search&v=1&hl=ja,United States
http://www.ndl.go.jp/,application/x-javascript; charset=UTF-8,http://www.google.com/uds/api/search/1.0/c891f6315aacc94dc79953d1f142739e/default+ja.I.js,United States
http://www.ndl.go.jp/,text/javascript; charset=UTF-8,http://cse.google.com/adsense/search/async-ads.js,United States
http://www.ndl.go.jp/,image/png,http://www.google.com/cse/static/images/1x/googlelogo_lightgrey_46x16dp.png,United States
https://www.jinji.go.jp,image/png,http://www.ndl.go.jp/default/images/home.png,Japan
https://www.jinji.go.jp,image/png,http://www.ndl.go.jp/default/images/arrow_down_w.png,Japan
https://www.jinji.go.jp,image/png,http://www.ndl.go.jp/favicons.png,Japan
https://www.ntj.jac.go.jp,image/vnd.microsoft.icon,https://www.nilim.go.jp/favicon.ico,Japan
http://www.nsr.go.jp,text/javascript; charset=utf-8,http://www.google.com/jsapi,United States
http://www.nsr.go.jp,text/javascript; charset=utf-8,http://www.google.com/uds/?file=search&v=1&hl=ja,United States
http://www.nsr.go.jp,application/x-javascript; charset=UTF-8,http://www.google.com/uds/api/search/1.0/c891f6315aacc94dc79953d1f142739e/default+ja.I.js,United States
http://www.nsr.go.jp,image/png,http://www.google.com/cse/static/images/1x/googlelogo_lightgrey_46x16dp.png,United States
http://www.nsr.go.jp,text/javascript; charset=UTF-8,http://cse.google.com/adsense/search/async-ads.js,United States
https://www.ncgm.go.jp,image/png,https://www.fsa.go.jp/libs/images/btn_language_pc.png,United States
https://www.ncgm.go.jp,image/png,https://www.fsa.go.jp/libs/images/btn_search_pc.png,United States
https://www.ncgm.go.jp,image/x-icon,https://www.fsa.go.jp/favicon.ico,United States
https://www.jpnsport.go.jp,image/vnd.microsoft.icon,https://www.ncgm.go.jp/favicon.ico,Japan
https://www.ncnp.go.jp,image/jpeg,https://www.jpnsport.go.jp/Portals/0/images/toppickup/sportinnovationlogo.jpg,Japan
https://www.ncnp.go.jp,image/jpeg,https://www.jpnsport.go.jp/Portals/0/images/topPickup/history_3.jpg,Japan
https://www.ncnp.go.jp,image/jpeg,https://www.jpnsport.go.jp/Portals/0/images/toppickup/integrity_top.jpg,Japan
https://www.ncnp.go.jp,image/jpeg,https://www.jpnsport.go.jp//corp/Portals/0/images/contents/pickup/hpckoubo.jpg?11713109270,Japan
https://www.ncnp.go.jp,image/jpeg,https://www.jpnsport.go.jp//corp/Portals/0/corp/jouhou_kokusai/imgjsn.jpg?1175314292237,Japan
https://www.ncnp.go.jp,image/jpeg,https://www.jpnsport.go.jp/Portals/0/images/topPickup/sports_soudan_banner.jpg,Japan
https://www.ncnp.go.jp,image/jpeg,https://www.jpnsport.go.jp/corp/Portals/0/images/contents/pickup/sinko.jpg,Japan
https://www.ncnp.go.jp,image/jpeg,https://www.jpnsport.go.jp/corp/Portals/0/images/contents/pickup/waiwai.jpg,Japan
https://www.ncnp.go.jp,image/gif,https://www.jpnsport.go.jp//images/banner_totobigsite.gif,Japan
https://www.ncnp.go.jp,image/gif,https://www.jpnsport.go.jp//images/banner_kokoroproject.gif,Japan
https://www.ncnp.go.jp,image/jpeg,https://www.jpnsport.go.jp/Portals/0/images/topPickup/chiikidayori.jpg,Japan
https://www.ncnp.go.jp,image/jpeg,https://www.jpnsport.go.jp/corp/Portals/0/jsc_top/growing_banner.jpg,Japan
https://www.ncnp.go.jp,image/jpeg,https://www.jpnsport.go.jp//Portals/0/images/topslide/SFTBanner-200by80.jpg,Japan
https://www.ncnp.go.jp,image/jpeg,https://www.jpnsport.go.jp//Portals/0/images/topbanner/ajitore_online_banner2.jpg,Japan
https://www.ncnp.go.jp,image/jpeg,https://www.jpnsport.go.jp//corp/Portals/0/images/JSAbanner.jpg,Japan
https://www.ncnp.go.jp,image/png,https://www.jpnsport.go.jp/corp/Portals/0/jsc_top/banner_220%C3%9780.png,Japan
https://www.ncnp.go.jp,image/jpeg,https://www.jpnsport.go.jp/corp/Portals/0/jsc_top/banner_100%C3%9775.jpg,Japan
https://www.ncnp.go.jp,image/jpeg,https://www.jpnsport.go.jp//Portals/0/images/topslide/SFTBanner-120by90.jpg,Japan
https://www.ncnp.go.jp,image/jpeg,https://www.jpnsport.go.jp//Portals/0/images/topbanner/ourstadiumu_banner.jpg,Japan
https://www.ncnp.go.jp,image/jpeg,https://www.jpnsport.go.jp/corp/Portals/0/jsc_top/jstarpr.jpg,Japan
https://www.ncnp.go.jp,image/jpeg,https://www.jpnsport.go.jp//images/topSlider/ambassador.jpg,Japan
https://www.ncnp.go.jp,image/gif,https://www.jpnsport.go.jp/corp/Portals/0/top_all/images/newsrelease.gif,Japan
https://www.ncnp.go.jp,image/jpeg,https://www.jpnsport.go.jp/corp/Portals/0/jsc_top/pathway.jpg,Japan
https://www.ncnp.go.jp,application/javascript; charset=utf-8,https://platform.twitter.com/widgets.js,United States
https://www.ncnp.go.jp,application/javascript; charset=utf-8,https://platform.twitter.com/js/grid~moment~timeline~tweet.3fe74c36d6a2c39e5b77d0f817cb8d96.js,United States
https://www.ncnp.go.jp,application/javascript; charset=utf-8,https://platform.twitter.com/js/moment~timeline~tweet.50bff1a04f1f37b6a41fa15859518e07.js,United States
https://www.ncnp.go.jp,application/javascript; charset=utf-8,https://platform.twitter.com/js/timeline.e4ed2310715834737b04d0727f37e46c.js,United States
https://www.ncnp.go.jp,application/javascript;charset=utf-8,https://cdn.syndication.twimg.com/timeline/profile?callback=__twttr.callbacks.tl_i0_profile_NCNP_PR_old&dnt=false&domain=www.ncnp.go.jp&lang=ja&screen_name=NCNP_PR&suppress_response_codes=true&t=1712029&tz=GMT%2B0800&with_replies=false,United States
http://www.nmao.go.jp,application/javascript; charset=utf-8,http://platform.twitter.com/widgets.js,United States
http://www.nmao.go.jp,application/javascript; charset=utf-8,https://platform.twitter.com/js/button.7e70e79397c0c1d312e26417e7f8d53d.js,United States
https://www.jaea.go.jp,image/gif,http://www.nmao.go.jp/shared/img/hdr_btn_korean_o.gif,Japan
https://www.jaea.go.jp,image/gif,http://www.nmao.go.jp/shared/img/hdr_btn_chinese_o.gif,Japan
https://www.jaea.go.jp,image/gif,http://www.nmao.go.jp/shared/img/lm_exhi_nowon_o.gif,Japan
https://www.jaea.go.jp,image/gif,http://www.nmao.go.jp/shared/img/gb_exhibition_o.gif,Japan
https://www.jaea.go.jp,image/gif,http://www.nmao.go.jp/shared/img/hdr_btn_english_o.gif,Japan
https://www.jaea.go.jp,image/gif,http://www.nmao.go.jp/shared/img/lm_exhi_upcoming_o.gif,Japan
https://www.jaea.go.jp,image/vnd.microsoft.icon,http://www.nmao.go.jp/icon.ico,Japan
https://www.jaea.go.jp,image/gif,http://www.nmao.go.jp/shared/img/lm_exhi_previous_o.gif,Japan
https://www.jaea.go.jp,image/gif,http://www.nmao.go.jp/shared/img/gb_event_o.gif,Japan
https://www.jaea.go.jp,image/gif,http://www.nmao.go.jp/shared/img/gb_usage_o.gif,Japan
https://www.jaea.go.jp,image/gif,http://www.nmao.go.jp/shared/img/lm_access_o.gif,Japan
https://www.jaea.go.jp,image/gif,http://www.nmao.go.jp/shared/img/lm_open_o.gif,Japan
https://www.jaea.go.jp,image/gif,http://www.nmao.go.jp/shared/img/lm_group_o.gif,Japan
https://www.jaea.go.jp,image/gif,http://www.nmao.go.jp/shared/img/lm_viewing_o.gif,Japan
https://www.jaea.go.jp,image/gif,http://www.nmao.go.jp/shared/img/lm_floor_map_o.gif,Japan
https://www.jaea.go.jp,image/gif,http://www.nmao.go.jp/shared/img/lm_facilities_o.gif,Japan
https://www.jaea.go.jp,image/gif,http://www.nmao.go.jp/shared/img/lm_museum_shop_o.gif,Japan
https://www.jaea.go.jp,image/gif,http://www.nmao.go.jp/shared/img/lm_restaurant_o.gif,Japan
https://www.jaea.go.jp,image/gif,http://www.nmao.go.jp/shared/img/gb_guide_o.gif,Japan
https://www.jaea.go.jp,image/gif,http://www.nmao.go.jp/shared/img/lm_message_o.gif,Japan
https://www.jaea.go.jp,image/gif,http://www.nmao.go.jp/shared/img/lm_museum_history_o.gif,Japan
https://www.jaea.go.jp,image/gif,http://www.nmao.go.jp/shared/img/lm_publication_o.gif,Japan
https://www.jaea.go.jp,image/gif,http://www.nmao.go.jp/shared/img/lm_kifu_o.gif,Japan
https://www.jaea.go.jp,image/gif,http://www.nmao.go.jp/shared/img/lm_collection_search_o.gif,Japan
https://www.jaea.go.jp,image/gif,http://www.nmao.go.jp/shared/img/gb_faq_o.gif,Japan
https://www.jaea.go.jp,image/gif,http://www.nmao.go.jp/shared/img/rb_tomonokai_o.gif,Japan
https://www.jaea.go.jp,image/gif,http://www.nmao.go.jp/shared/img/rb_campus_o.gif,Japan
https://www.jaea.go.jp,image/gif,http://www.nmao.go.jp/shared/img/rb_kodomo_bijutour_o.gif,Japan
https://www.jaea.go.jp,image/gif,http://www.nmao.go.jp/shared/img/gb_access_o.gif,Japan
https://www.jaea.go.jp,image/gif,http://www.nmao.go.jp/shared/img/rb_school_o.gif,Japan
https://www.jaea.go.jp,image/gif,http://www.nmao.go.jp/shared/img/rb_publication_o.gif,Japan
https://www.jaea.go.jp,image/gif,http://www.nmao.go.jp/shared/img/rb_museum_shop_o.gif,Japan
https://www.jaea.go.jp,image/gif,http://www.nmao.go.jp/shared/img/rb_restaurant_o.gif,Japan
https://www.jaea.go.jp,image/gif,http://www.nmao.go.jp/shared/img/rb_press_o.gif,Japan
https://www.jaea.go.jp,image/gif,http://www.nmao.go.jp/shared/img/rb_kifukin_o.gif,Japan
https://www.jaea.go.jp,image/gif,http://www.nmao.go.jp/shared/img/btn_links_o.gif,Japan
https://www.jaea.go.jp,image/gif,http://www.nmao.go.jp/shared/img/rb_sns_o.gif,Japan
http://www.nedo.go.jp,image/x-icon,https://www.jaea.go.jp/favicon.ico,United States
