https://www.rbkc.gov.uk,image/x-icon,http://www.nedo.go.jp/favicon.ico,Japan
https://www.rbkc.gov.uk,image/gif,http://www.nedo.go.jp/content/100063031.gif,Japan
https://www.rbkc.gov.uk,image/gif,http://www.nedo.go.jp/content/100063033.gif,Japan
https://www.rbkc.gov.uk,image/gif,http://www.nedo.go.jp/content/100063036.gif,Japan
https://www.rbkc.gov.uk,image/gif,http://www.nedo.go.jp/content/100063039.gif,Japan
https://www.rbkc.gov.uk,image/gif,http://www.nedo.go.jp/content/100063038.gif,Japan
https://www.rbkc.gov.uk,image/gif,http://www.nedo.go.jp/content/100063046.gif,Japan
https://www.rbkc.gov.uk,application/javascript; charset=utf-8,https://platform.twitter.com/widgets.js,United States
https://www.rbkc.gov.uk,application/javascript,https://ws.sharethis.com/button/buttons.js,United States
https://www.rbkc.gov.uk,application/javascript,https://ws.sharethis.com/button/async-buttons.js,United States
https://www.rbkc.gov.uk,application/javascript,https://wsstatic.govmetric.com/js/client/gm_sidebar.js,Ireland
https://www.rbkc.gov.uk,image/png,https://wsstatic.govmetric.com/imgs/triggers/cnr_rate.png,Ireland
https://www.rbkc.gov.uk,application/javascript,https://ws.sharethis.com/button/p.js,United States
https://www.rbkc.gov.uk,application/javascript,https://t.sharethis.com/1/d/t.dhj?rnd=1540826849030&cid=c010&dmn=www.rbkc.gov.uk,United States
https://www.rbkc.gov.uk,application/javascript; charset=utf-8,https://platform.twitter.com/js/grid~moment~timeline~tweet.3fe74c36d6a2c39e5b77d0f817cb8d96.js,United States
https://www.rbkc.gov.uk,application/javascript; charset=utf-8,https://platform.twitter.com/js/moment~timeline~tweet.50bff1a04f1f37b6a41fa15859518e07.js,United States
https://www.rbkc.gov.uk,application/javascript; charset=utf-8,https://platform.twitter.com/js/timeline.e4ed2310715834737b04d0727f37e46c.js,United States
https://www.rbkc.gov.uk,application/javascript;charset=utf-8,https://cdn.syndication.twimg.com/timeline/profile?callback=__twttr.callbacks.tl_i0_profile_RBKC_old&dnt=false&domain=www.rbkc.gov.uk&lang=en&screen_name=RBKC&suppress_response_codes=true&t=1712029&tweet_limit=3&tz=GMT%2B0800&with_replies=false,United States
https://www.rbkc.gov.uk,image/gif,https://uk1.siteimprove.com/image.aspx?url=https%3A%2F%2Fwww.rbkc.gov.uk%2F&title=Royal%20Borough%20of%20Kensington%20and%20Chelsea%20%7C&res=1280x800&accountid=456378&rt=4888&prev=1540826887165&luid=4d5297f9-65c0-b227-6747-b8b83a138032&rnd=69343,United Kingdom
https://acss.food.gov.uk,image/vnd.microsoft.icon,https://www.rbkc.gov.uk/sites/default/files/favicon.ico,United Kingdom
https://acss.food.gov.uk,image/gif,https://uk1.siteimprove.com/image.aspx?url=https%3A%2F%2Facss.food.gov.uk%2F&title=Food%20Standards%20Agency%20-%20Homepage&res=1280x800&accountid=267311&rt=2749&prev=1540826912774&luid=d7059e36-f3bb-425c-00f2-c90084f96895&rnd=90871,United Kingdom
https://acss.food.gov.uk,application/x-javascript,https://script.crazyegg.com/pages/scripts/0040/4800.js?428007,United States
https://www.norfolk.gov.uk,text/javascript;charset=ISO-8859-1,"https://bam.nr-data.net/1/ae88c80a08?a=124806333&v=1099.d27c17c&to=ZlQAMENXXBcCUkVcW18eNxZYGVsKB1RJG0RZQQ%3D%3D&rst=3724&ref=https://acss.food.gov.uk/&ap=32&be=1633&fe=3587&dc=1910&perf=%7B%22timing%22:%7B%22of%22:1540826850868,%22n%22:0,%22f%22:3,%22dn%22:472,%22dne%22:472,%22c%22:472,%22s%22:495,%22ce%22:527,%22rq%22:528,%22rp%22:1570,%22rpe%22:1575,%22dl%22:1577,%22di%22:1910,%22ds%22:1910,%22de%22:1934,%22dc%22:3587,%22l%22:3587,%22le%22:3589%7D,%22navigation%22:%7B%7D%7D&at=ShMDRgtNTxk%3D&jsonp=NREUM.setToken",United States
https://www.norfolk.gov.uk,application/javascript,https://websurveys2.govmetric.com/js/client/gm_sidebar.js,Ireland
https://www.norfolk.gov.uk,image/png,https://websurveys2.servmetric.com/imgs/smileys/large/good/smiley.png,Ireland
https://www.norfolk.gov.uk,image/png,https://websurveys2.servmetric.com/imgs/smileys/large/poor/smiley.png,Ireland
https://www.norfolk.gov.uk,image/png,https://websurveys2.servmetric.com/imgs/smileys/large/average/smiley.png,Ireland
https://www.norfolk.gov.uk,application/javascript,https://v4in1-si.click4assistance.co.uk/SI.js,United Kingdom
https://www.norfolk.gov.uk,application/javascript,https://websurveys2.servmetric.com//js/client/gm_intro.js?v=2.2.10,Ireland
https://www.norfolk.gov.uk,image/gif,https://uk1.siteimprove.com/image.aspx?url=https%3A%2F%2Fwww.norfolk.gov.uk%2F&title=Home%20-%20Norfolk%20County%20Council&res=1280x800&accountid=470587&rt=6153&prev=1540826877404&luid=0f302dd8-a279-a123-d4f9-fbcd6370f415&rnd=18039,United Kingdom
https://www.edinburgh.gov.uk,image/x-icon,https://www.norfolk.gov.uk/content/sites/norfolk/images/favicon.ico,United Kingdom
https://www.royalgreenwich.gov.uk,image/x-icon,https://www.edinburgh.gov.uk/site/styles/img/icons/favicon.ico,United Kingdom
https://www.royalgreenwich.gov.uk,application/javascript,https://www.browsealoud.com/plus/scripts/ba.js,United States
https://www.royalgreenwich.gov.uk,application/javascript,https://plus.browsealoud.com/modules/2.5.4/ba-library.min.js,United States
https://www.royalgreenwich.gov.uk,application/javascript,https://plus.browsealoud.com/modules/2.5.4/ba-library-ui.min.js,United States
https://www.royalgreenwich.gov.uk,application/javascript,https://uk1.siteimprove.com/js/siteanalyze_5164167.js,United Kingdom
https://www.royalgreenwich.gov.uk,application/javascript,https://socitm.govmetric.com/js9/socitm-snippet.js,Ireland
https://www.royalgreenwich.gov.uk,application/javascript,https://df3afthv6z8r.cloudfront.net/js10/socitm-newintro.min.js?v=4.9.2,United States
https://www.royalgreenwich.gov.uk,application/x-javascript,https://plus.browsealoud.com/js/urlinfo/www.royalgreenwich.gov.uk.js,United States
https://www.royalgreenwich.gov.uk,image/gif,https://uk1.siteimprove.com/image.aspx?url=https%3A%2F%2Fwww.royalgreenwich.gov.uk%2F&title=Homepage%20%7C%20Royal%20Borough%20of%20Greenwich&res=1280x800&accountid=5164167&rt=4430&prev=1540826954092&luid=d51e74d7-9917-dc51-b5e5-34b04cc37b39&rnd=22953,United Kingdom
https://www.royalgreenwich.gov.uk,text/javascript; charset=utf-8,https://socitm.govmetric.com/jsconfig/socitm_proxy.aspx?ref=170,Ireland
https://www.royalgreenwich.gov.uk,application/x-javascript; charset=utf-8,https://socitm.govmetric.com/hitcounter.aspx?code=170,Ireland
https://www.hse.gov.uk,image/png,https://www.royalgreenwich.gov.uk/site/images/favicons/favicon-32x32.png?v=YAo6aLBB2g,United Kingdom
https://www.hse.gov.uk,image/png,https://www.royalgreenwich.gov.uk/site/images/favicons/favicon-16x16.png?v=YAo6aLBB2g,United Kingdom
https://www.hse.gov.uk,image/x-icon,https://www.royalgreenwich.gov.uk/site/images/favicons/favicon.ico?v=YAo6aLBB2g,United Kingdom
https://www.hse.gov.uk,image/jpeg,http://www.hse.gov.uk/assets/v4-images/website/print/print-logo.jpg,United Kingdom
https://www.hse.gov.uk,application/x-javascript,http://www.hse.gov.uk/assets/v4-js/site-tracker-web.min.js,United Kingdom
https://www.hse.gov.uk,image/jpeg,http://www.hse.gov.uk/assets/v4-images/website/print/print-header-bground.jpg,United Kingdom
https://www.hse.gov.uk,application/x-javascript,http://www.hse.gov.uk/assets/v4-js/jquery.min.js,United Kingdom
https://www.hse.gov.uk,text/javascript; charset=utf-8,http://www.google.co.uk/jsapi,United States
https://www.hse.gov.uk,application/x-javascript,http://www.hse.gov.uk/assets/survey/survey.js,United Kingdom
https://www.hse.gov.uk,application/x-javascript,http://www.hse.gov.uk/assets/v4-js/website.min.js,United Kingdom
https://www.hse.gov.uk,application/x-javascript,http://www.hse.gov.uk/assets/v4-js/extra-homepage.js,United Kingdom
https://www.hse.gov.uk,application/x-javascript,http://www.hse.gov.uk/assets/v4-js/core.min.js,United Kingdom
https://www.hse.gov.uk,image/gif,http://www.hse.gov.uk/assets/v4-images/website/logos/hselogo.gif,United Kingdom
https://www.hse.gov.uk,image/png,http://www.hse.gov.uk/assets/v4-homepage/images/toolbox.png,United Kingdom
https://www.hse.gov.uk,application/javascript; charset=utf-8,http://siteimproveanalytics.com/js/siteanalyze_6798.js,United States
https://www.hse.gov.uk,image/gif,http://analytics.hse.gov.uk/si/track.gif?f=pcrtgyuo&d=aHR0cDovL3d3dy5oc2UuZ292LnVrLw__*TlRBdU9USXlMamd4TkRJeU16TXhNemt6TnpndU1UVTBNRGd5TmpnNE1qQTFPQzR0TWpBeU1qbGxORGNfKg__**dDE1NDA4MjY4ODIwNThoNTA_*Y289MjQmc3I9MTI4MHg4MDAmbHQ9MjAxOC0xMC0yOVQyMzoyODowMiZqdj0w*cGFnZQ__*NTAuNzU5LjkzMTYzODAyMzUzNDMuMTU0MDgyNjg4MjA2Mi4tMjAyMjllNDc_*MQ__*&c=eec86135,United Kingdom
https://www.hse.gov.uk,application/javascript; charset=utf-8,http://static.ads-twitter.com/uwt.js,United States
https://www.hse.gov.uk,application/x-javascript,http://www.hse.gov.uk/assets/v4-js/hse-primary.min.js,United Kingdom
https://www.hse.gov.uk,application/x-javascript;charset=utf-8,https://sjs.bizographics.com/insight.min.js,United States
https://www.hse.gov.uk,image/png,http://www.hse.gov.uk/assets/v4-images/website/dropdown/navBackground.png,United Kingdom
https://www.hse.gov.uk,image/png,http://www.hse.gov.uk/assets/v4-homepage/images/hub-youtube.png,United Kingdom
https://www.hse.gov.uk,image/png,http://www.hse.gov.uk/assets/v4-homepage/images/hub-twitter.png,United Kingdom
https://www.hse.gov.uk,image/png,http://www.hse.gov.uk/assets/v4-homepage/images/hub-linkedin.png,United Kingdom
https://www.hse.gov.uk,image/png,http://www.hse.gov.uk/assets/v4-homepage/images/hub-facebook.png,United Kingdom
https://www.hse.gov.uk,image/png,http://www.hse.gov.uk/assets/v4-images/website/dropdown/navSeperators.png,United Kingdom
https://www.hse.gov.uk,image/png,http://www.hse.gov.uk/assets/v4-images/website/socialmedia/twit-follow.png,United Kingdom
https://www.hse.gov.uk,image/jpeg,http://www.hse.gov.uk/assets/v4-homepage/images/newspics/logo-news.jpg,United Kingdom
https://www.hse.gov.uk,image/jpeg,http://www.hse.gov.uk/assets/v4-homepage/images/newspics/wire-gauze.jpg,United Kingdom
https://www.hse.gov.uk,image/png,http://www.hse.gov.uk/assets/v4-homepage/images/newspics/eu.png,United Kingdom
https://www.hse.gov.uk,image/png,http://www.hse.gov.uk/assets/v4-homepage/images/fatigue.png,United Kingdom
https://www.hse.gov.uk,application/x-javascript; charset=UTF-8,http://www.google.com/uds/api/search/1.0/c891f6315aacc94dc79953d1f142739e/default+en.I.js,United States
https://www.hse.gov.uk,image/png,http://www.hse.gov.uk/assets/v4-homepage/images/electrical-safety.png,United Kingdom
https://www.hse.gov.uk,image/png,http://www.hse.gov.uk/assets/v4-homepage/images/hse-inspectors.png,United Kingdom
https://www.hse.gov.uk,image/jpeg,http://www.hse.gov.uk/pubns/assets/product-images/lawposter.jpg,United Kingdom
https://www.hse.gov.uk,image/jpeg,http://www.hse.gov.uk/pubns/assets/product-images/accident-book.jpg,United Kingdom
https://www.hse.gov.uk,image/png,http://www.hse.gov.uk/assets/v4-images/website/socialmedia/iconBookmark.png,United Kingdom
https://www.hse.gov.uk,image/png,http://www.hse.gov.uk/assets/v4-images/website/socialmedia/star.png,United Kingdom
https://www.hse.gov.uk,image/png,http://www.hse.gov.uk/assets/v4-images/website/socialmedia/iconUpdate.png,United Kingdom
https://www.hse.gov.uk,image/png,http://www.hse.gov.uk/assets/v4-images/website/socialmedia/iconShare.png,United Kingdom
https://www.hse.gov.uk,image/gif,http://uk1.siteimprove.com/image.aspx?url=http%3A%2F%2Fwww.hse.gov.uk%2F&title=HSE%3A%20Information%20about%20health%20and%20safety%20at%20work&res=1280x800&accountid=6798&rt=3544&prev=1540826907505&luid=49c7f1e9-b7af-e713-8681-c4f10f1dbe45&rnd=9738,United Kingdom
https://www.hse.gov.uk,image/png,http://www.hse.gov.uk/assets/v4-images/website/jqueryui/ui-bg_dots-small_65_a6a6a6_2x2.png,United Kingdom
https://www.hse.gov.uk,image/png,http://www.hse.gov.uk/assets/v4-images/website/jqueryui/ui-icons_ffffff_256x240.png,United Kingdom
https://www.hse.gov.uk,image/png,http://www.hse.gov.uk/assets/v4-images/website/jqueryui/ui-bg_highlight-soft_15_b82533_1x100.png,United Kingdom
https://www.hse.gov.uk,image/png,http://www.hse.gov.uk/assets/v4-images/website/jqueryui/ui-bg_flat_75_ffffff_40x100.png,United Kingdom
https://www.hse.gov.uk,image/png,http://www.hse.gov.uk/assets/v4-images/website/jqueryui/ui-bg_highlight-hard_100_eeeeee_1x100.png,United Kingdom
https://www.hse.gov.uk,image/png,http://www.hse.gov.uk/assets/v4-images/website/jqueryui/ui-bg_highlight-hard_100_d1d1d1_1x100.png,United Kingdom
https://www.hse.gov.uk,text/javascript; charset=UTF-8,http://cse.google.com/adsense/search/async-ads.js,United States
https://www.hse.gov.uk,image/jpeg,http://www.hse.gov.uk/assets/v4-homepage/carousel/coshh-lung.jpg,United Kingdom
https://www.hse.gov.uk,image/png,http://www.google.com/cse/static/images/1x/googlelogo_lightgrey_46x16dp.png,United States
https://www.hse.gov.uk,image/jpeg,http://www.hse.gov.uk/assets/v4-homepage/carousel/stats-poster.jpg,United Kingdom
https://www.hse.gov.uk,image/jpeg,http://www.hse.gov.uk/assets/v4-homepage/carousel/l153.jpg,United Kingdom
https://www.hse.gov.uk,image/jpeg,http://www.hse.gov.uk/assets/v4-homepage/carousel/hsg65.jpg,United Kingdom
https://www.hse.gov.uk,image/jpeg,http://www.hse.gov.uk/assets/v4-homepage/carousel/hsg268.jpg,United Kingdom
https://www.hse.gov.uk,image/jpeg,http://www.hse.gov.uk/assets/v4-homepage/carousel/indg163.jpg,United Kingdom
https://www.hse.gov.uk,image/jpeg,http://www.hse.gov.uk/assets/v4-homepage/carousel/indg453.jpg,United Kingdom
https://www.hse.gov.uk,image/jpeg,http://www.hse.gov.uk/assets/v4-homepage/carousel/indg327.jpg,United Kingdom
https://www.hse.gov.uk,image/png,http://www.hse.gov.uk/assets/v4-images/shared/page-furniture.png,United Kingdom
https://www.hse.gov.uk,image/png,http://www.hse.gov.uk/assets/v4-images/website/sprites/bullets.png,United Kingdom
https://www.hse.gov.uk,image/png,http://www.hse.gov.uk/assets/v4-images/website/sprites/more-boxes.png,United Kingdom
https://www.hse.gov.uk,image/png,http://www.hse.gov.uk/assets/v4-images/shared/more-boxes.png,United Kingdom
https://www.hse.gov.uk,image/png,http://www.hse.gov.uk/assets/v4-homepage/sprite.png,United Kingdom
https://www.hse.gov.uk,image/png,http://www.hse.gov.uk/assets/v4-homepage/grab.png,United Kingdom
https://www.hse.gov.uk,image/png,http://www.hse.gov.uk/assets/v4-images/shared/cookie-close.png,United Kingdom
https://www.hse.gov.uk,image/png,http://www.hse.gov.uk/assets/v4-images/website/dropdown/dropFeatured.png,United Kingdom
https://www.hse.gov.uk,image/jpeg,http://www.hse.gov.uk/assets/v4-images/website/dropdown/careers-featured.jpg,United Kingdom
https://www.hse.gov.uk,image/png,http://www.hse.gov.uk/assets/v4-images/website/socialmedia/close.png,United Kingdom
https://www.hse.gov.uk,image/png,http://www.hse.gov.uk/assets/v4-images/website/socialmedia/shareTwitter.png,United Kingdom
https://www.hse.gov.uk,image/png,http://www.hse.gov.uk/assets/v4-images/website/socialmedia/twit-tweet.png,United Kingdom
https://www.hse.gov.uk,image/png,http://www.hse.gov.uk/assets/v4-images/website/socialmedia/sharePrint.png,United Kingdom
https://www.hse.gov.uk,image/png,http://www.hse.gov.uk/assets/v4-images/website/socialmedia/updateEbulletin.png,United Kingdom
https://www.hse.gov.uk,image/png,http://www.hse.gov.uk/assets/v4-images/website/socialmedia/updateRss.png,United Kingdom
https://www.hse.gov.uk,image/png,http://www.hse.gov.uk/assets/v4-images/website/socialmedia/updatePodcast.png,United Kingdom
https://www.hse.gov.uk,image/png,http://www.hse.gov.uk/assets/v4-images/website/socialmedia/bookmarkBrowser.png,United Kingdom
https://www.hse.gov.uk,image/png,http://www.hse.gov.uk/assets/v4-images/website/socialmedia/bookmarkDelicious.png,United Kingdom
https://www.hse.gov.uk,image/gif,http://www.hse.gov.uk/assets/v4-images/website/socialmedia/delicious.small.gif,United Kingdom
https://www.hse.gov.uk,image/png,http://www.hse.gov.uk/assets/v4-images/website/socialmedia/bookmarkStumble.png,United Kingdom
https://www.hse.gov.uk,image/png,http://www.hse.gov.uk/assets/v4-images/website/socialmedia/bookmarkReddit.png,United Kingdom
https://www.hse.gov.uk,image/gif,http://www.hse.gov.uk/assets/v4-images/website/socialmedia/spreddit7.gif,United Kingdom
https://www.sheffield.gov.uk/,image/x-icon,http://www.hse.gov.uk/favicon.ico,United Kingdom
http://www.nationalarchives.gov.uk/webarchive/,application/x-javascript,https://www.nationalarchives.gov.uk/scripts/footer-img.js?ver=1.14,United Kingdom
http://www.nationalarchives.gov.uk/webarchive/,application/x-javascript,https://www.nationalarchives.gov.uk/scripts/aa-popup.js?ver=1.14,United Kingdom
http://www.nationalarchives.gov.uk/webarchive/,image/jpeg,https://www.nationalarchives.gov.uk/images/global/inf-3-1738-grace-golden.jpg,United Kingdom
http://www.nationalarchives.gov.uk/webarchive/,image/png,https://nationalarchives.gov.uk/wp-content/themes/tna-base/img/social/twitter.png,United Kingdom
http://www.nationalarchives.gov.uk/webarchive/,image/png,https://nationalarchives.gov.uk/wp-content/themes/tna-base/img/social/flickr.png,United Kingdom
http://www.nationalarchives.gov.uk/webarchive/,image/png,https://nationalarchives.gov.uk/wp-content/themes/tna-base/img/social/youtube-play.png,United Kingdom
http://www.nationalarchives.gov.uk/webarchive/,image/png,https://nationalarchives.gov.uk/wp-content/themes/tna-base/img/social/facebook.png,United Kingdom
http://www.nationalarchives.gov.uk/webarchive/,image/png,https://nationalarchives.gov.uk/wp-content/themes/tna-base/img/social/rss.png,United Kingdom
http://www.nationalarchives.gov.uk/webarchive/,image/png,https://www.nationalarchives.gov.uk/wp-content/themes/tna-base/img/tna-newsletter-icon.png,United Kingdom
http://www.nationalarchives.gov.uk/webarchive/,application/x-javascript,http://smartsource.nationalarchives.gov.uk/dcsdhhxq6000004rry7ab39or_9h9r/wtid.js,United Kingdom
http://www.nationalarchives.gov.uk/webarchive/,image/gif,http://smartsource.nationalarchives.gov.uk/dcsdhhxq6000004rry7ab39or_9h9r/dcs.gif?dcsredirect=1&dcsdat=1540826891768&dcssip=www.nationalarchives.gov.uk&dcsuri=/webarchive/&WT.co_f=140.112.249.226-10351680.30699420&WT.vtid=140.112.249.226-10351680.30699420&WT.vtvs=1540826891770&WT.vt_f_tlv=0&WT.tz=8&WT.bh=23&WT.ul=zh-TW&WT.cd=24&WT.sr=1280x800&WT.jo=No&WT.ti=UK%20Government%20Web%20Archive&WT.js=Yes&WT.jv=1.5&WT.ct=unknown&WT.bs=1200x537&WT.fv=Not%20enabled&WT.slv=Not%20enabled&WT.tv=8.6.2&WT.dl=0&WT.ssl=0&WT.es=www.nationalarchives.gov.uk/webarchive/&WT.vt_f_tlh=0&WT.vt_f_d=1&WT.vt_f_s=1&WT.vt_f_a=1&WT.vt_f=1,United Kingdom
http://www.nationalarchives.gov.uk/webarchive/,image/jpeg,https://www.nationalarchives.gov.uk/images/global/copy-1-277-f222-skegness-crop.jpg,United Kingdom
https://www.myjobscotland.gov.uk,image/x-icon,http://www.nationalarchives.gov.uk/wp-content/themes/tna-base/img/favicon.ico,United Kingdom
https://www.myjobscotland.gov.uk,image/x-icon,http://www.nationalarchives.gov.uk/wp-content/themes/tna-base/img/favicon.ico,United Kingdom
https://www.myjobscotland.gov.uk,application/javascript; charset=utf-8,https://cdn.apple-mapkit.com/mk/5.0.x/mapkit.js,United States
https://www.myjobscotland.gov.uk,image/png,https://cdn.apple-mapkit.com/mk/5.0.0/images/pins/pin-base_2x.png,United States
https://www.myjobscotland.gov.uk,image/png,https://cdn.apple-mapkit.com/mk/5.0.0/images/pins/pin-head_2x.png,United States
https://www.myjobscotland.gov.uk,image/png,https://cdn.apple-mapkit.com/mk/5.0.0/images/pins/pin-floating-base_2x.png,United States
https://www.myjobscotland.gov.uk,image/png,https://cdn.apple-mapkit.com/mk/5.0.0/images/pins/pin-floating-head_2x.png,United States
https://www.myjobscotland.gov.uk,image/png,https://cdn.apple-mapkit.com/mk/5.0.0/images/pins/pin-down1-base_2x.png,United States
https://www.myjobscotland.gov.uk,image/png,https://cdn.apple-mapkit.com/mk/5.0.0/images/pins/pin-down1-head_2x.png,United States
https://www.myjobscotland.gov.uk,image/png,https://cdn.apple-mapkit.com/mk/5.0.0/images/pins/pin-down2-base_2x.png,United States
https://www.myjobscotland.gov.uk,image/png,https://cdn.apple-mapkit.com/mk/5.0.0/images/pins/pin-down2-head_2x.png,United States
https://www.myjobscotland.gov.uk,image/png,https://cdn.apple-mapkit.com/mk/5.0.0/images/pins/pin-down3-base_2x.png,United States
https://www.myjobscotland.gov.uk,image/png,https://cdn.apple-mapkit.com/mk/5.0.0/images/pins/pin-down3-head_2x.png,United States
https://www.myjobscotland.gov.uk,image/png,https://cdn.apple-mapkit.com/mk/5.0.0/images/pins/marker-selected_2x.png,United States
https://www.myjobscotland.gov.uk,application/json,https://cdn.apple-mapkit.com/mk/5.0.0/locales/zh-TW/strings.json,United States
https://www.myjobscotland.gov.uk,image/png,https://cdn.apple-mapkit.com/mk/5.0.0/images/pins/marker-bubble_2x.png,United States
https://www.myjobscotland.gov.uk,image/png,https://cdn.apple-mapkit.com/mk/5.0.0/images/pins/pin-shadow_2x.png,United States
https://www.myjobscotland.gov.uk,image/png,https://cdn.apple-mapkit.com/mk/5.0.0/images/pins/marker-default_2x.png,United States
https://www.brent.gov.uk,application/json;charset=utf8,https://cdn.apple-mapkit.com/ma/bootstrap?apiVersion=2&mkjsVersion=5.0.0&poi=1,United States
https://www.brent.gov.uk,image/png,https://www.myjobscotland.gov.uk/sites/all/themes/custom/mjs/assets/img/favicons/favicon-32x32.png,United Kingdom
https://www.brent.gov.uk,application/json,https://www.myjobscotland.gov.uk/mjsapi/menus?path=/,United Kingdom
https://www.brent.gov.uk,image/png,https://www.myjobscotland.gov.uk/sites/all/themes/custom/mjs/assets/img/favicons/favicon-16x16.png,United Kingdom
https://www.brent.gov.uk,application/javascript,https://www.browsealoud.com/plus/scripts/2.5.1/ba.js,United States
https://www.brent.gov.uk,application/javascript,https://plus.browsealoud.com/modules/2.5.1/ba-library.min.js,United States
https://www.brent.gov.uk,application/javascript,https://plus.browsealoud.com/modules/2.5.1/ba-library-ui.min.js,United States
https://www.brent.gov.uk,application/x-javascript,https://plus.browsealoud.com/js/urlinfo/www.brent.gov.uk.js,United States
https://www.brent.gov.uk,image/png,https://plus.browsealoud.com/modules/2.3.7/images/BA-Launchpad-orange-120x52.png,United States
https://tfl.gov.uk/,image/png,"https://brent.logo-net.co.uk/Log/Track/LGNref.php?SID=119&PURL=https://www.brent.gov.uk/&PID=0&LID=0&DID=218&CID=0&CRID=0&CTXID=7&BTYP=0&FTYP=0&CURTS=&CCS=00|00&GEP=&TMK=0&G=&PCLID=10903&LOCREF=NONE&id_TBURT=5529262475bd72717b730b8.03515831&lgn_csc=111540826904056^0^0&LOGAM=undefined.undefined|NaN|0.0.1200.0|1,^1^1185&STRT=2018-10-29%2015:28:23&DW=1185&DH=2504&AUM=4&MUM=4&TUM=4&VW=1200&DCCK=1&LIFECK=360&pageTitle=Brent%20Council&setTracking=1",United Kingdom
https://tfl.gov.uk/,image/x-icon,https://www.brent.gov.uk/favicon.ico,United Kingdom
https://tfl.gov.uk/,image/x-icon,https://www.brent.gov.uk/favicon.ico,United Kingdom
https://tfl.gov.uk/,application/javascript,https://c.amazon-adsystem.com/aax2/amzn_ads.js,United States
https://tfl.gov.uk/,text/javascript;charset=UTF-8,https://aax.amazon-adsystem.com/e/dtb/bid?src=3199&u=https%3A%2F%2Ftfl.gov.uk%2F&cb=1021362&gdprl=%7B%22status%22%3A%22no-cmp%22%7D,Singapore
https://tfl.gov.uk/,application/javascript,https://p.cpx.to/p/12247/px.js,United States
https://tfl.gov.uk/,application/javascript,https://widget.surveymonkey.com/collect/website/js/tRaiETqnLgj758hTBazgd7Ur0ofBDQeC5UlqMEsf4yicAJSKPaiUDe1Gpi8FhurV.js,United States
https://tfl.gov.uk/,text/javascript,https://widget.surveymonkey.com/collect/website/js/cookie.js?_=1540826913119,United States
https://tfl.gov.uk/,application/x-javascript,https://secure.quantserve.com/quant.js,Japan
https://tfl.gov.uk/,image/gif,https://pixel.quantserve.com/pixel;r=1255133850;source=TLM;rf=3;a=p-mjq2rgU4Jj7VF;url=https%3A%2F%2Ftfl.gov.uk%2F;fpan=1;fpa=P0-992260976-1540826914134;ns=0;ce=1;qjs=1;qv=4c19192-20180628134937;cm=;ref=;je=0;sr=1280x800x24;enc=n;dst=0;et=1540826914134;tzo=-480;ogl=url.https%3A%2F%2Fwww%252Etfl%252Egov%252Euk%2F%2Ctitle.Keeping%20London%20moving%2Cdescription.Information%20on%20all%20forms%20of%20transport%20in%20London%20including%20cycle%20hire%252E%20Routes%252C%20ma%2Csite_name.Transport%20for%20London,Japan
https://tfl.gov.uk/,image/gif,https://pixel.quantserve.com/pixel;r=726013737;event=rule;labels=keywords.Maps%2Ckeywords.Plan%20a%20journey%2Ckeywords.Realtime%20traffic%2Ckeywords.Routes%2Ckeywords.Ticket%20sales%2Ckeywords.Travel%20updates%2Ckeywords.TfL%2Ctitle.Keeping%20London%20moving%2Cauthor.https%3A%2F%2Ffacebook%20com%2Ftransportforlondon%2Cauthor.Transport%20for%20London%20%7C%20Every%20Journey%20Matters;rf=0;a=p-mjq2rgU4Jj7VF;url=https%3A%2F%2Ftfl.gov.uk%2F;fpan=0;fpa=P0-992260976-1540826914134;ns=0;ce=1;qjs=1;qv=4c19192-20180628134937;cm=;ref=;je=0;sr=1280x800x24;enc=n;dst=0;et=1540826914321;tzo=-480;ogl=url.https%3A%2F%2Fwww%252Etfl%252Egov%252Euk%2F%2Ctitle.Keeping%20London%20moving%2Cdescription.Information%20on%20all%20forms%20of%20transport%20in%20London%20including%20cycle%20hire%252E%20Routes%252C%20ma%2Csite_name.Transport%20for%20London,Japan
https://tfl.gov.uk/,image/gif,https://smetrics.tfl.gov.uk/b/ss/tfl-global/1/H.27.5/s91846483300176?AQB=1&pccr=true&vidn=2DEB9391052A108D-40000107C0000764&&ndh=1&t=29%2F9%2F2018%2023%3A28%3A33%201%20-480&ns=tfl&pageName=%2F%3A%20%5BKeeping%20London%20moving%20-%20Transport%20for%20London%5D&g=https%3A%2F%2Ftfl.gov.uk%2F&cc=GBP&server=tfl.gov.uk&events=event36%3D78&v2=3%3A28%20PM%7CMonday&v3=29%2F10%2F2018&v4=First%20Visit&v7=%2F%3A%20%5BKeeping%20London%20moving%20-%20Transport%20for%20London%5D&c51=78&s=1280x800&c=24&j=1.6&v=N&k=N&bw=1200&bh=537&p=Chrome%20PDF%20Plugin%3BChrome%20PDF%20Viewer%3BNative%20Client%3B&AQE=1,United States
https://tfl.gov.uk/,image/png,https://s.cpx.to/ca.png?dsp=dbm&fid=42d77aa0-9a6c-44cd-891d-ec89a213aeff&google_gid=CAESEM2xmXlQgOGAV7uCx00lQrI&google_cver=1,Ireland
https://tfl.gov.uk/,image/gif,https://collect-eu-west-1.tealiumiq.com/tfl/main/2/i.gif,Ireland
https://tfl.gov.uk/,image/png,https://s.cpx.to/sync?dsp=avocet&dsp_uid=308426c5-2110-483a-a59a-e31663d41e41&fid=42d77aa0-9a6c-44cd-891d-ec89a213aeff,Ireland
https://tfl.gov.uk/,image/png,https://s.cpx.to/an_fire?app_nexus_uid=2558993678369280643&pid=12247&ref=&hn_ver=10&fid=42d77aa0-9a6c-44cd-891d-ec89a213aeff,Ireland
https://tfl.gov.uk/,text/javascript,https://js-sec.indexww.com/ht/p/183778-113668365508142.js,Taiwan
https://tfl.gov.uk/,text/javascript,https://static.criteo.net/js/ld/publishertag.js,Singapore
https://www.forestry.gov.uk,application/json,https://fastlane.rubiconproject.com/a/api/fastlane.json?account_id=13950&size_id=15&p_pos=btf&rp_floor=0.01&rf=https%3A%2F%2Ftfl.gov.uk%2F&p_screen_res=1280x800&site_id=173544&zone_id=846144&kw=rp.fastlane&tk_flint=custom&rand=0.2148981735962261,Hong Kong
https://www.forestry.gov.uk,application/javascript; charset=utf-8,https://secure.adnxs.com/jpt?id=13145160&size=300x250&callback=headertag.DistrictMHtb.adResponseCallback&callback_uid=q7xDYGxR&psa=0&referrer=https%3A%2F%2Ftfl.gov.uk%2F,United States
https://www.forestry.gov.uk,application/json,https://fastlane.rubiconproject.com/a/api/fastlane.json?account_id=13950&size_id=57&p_pos=btf&rp_floor=0.01&rf=https%3A%2F%2Ftfl.gov.uk%2F&p_screen_res=1280x800&site_id=173544&zone_id=838902&kw=rp.fastlane&tk_flint=custom&rand=0.9776585508132822&alt_size_ids=55,Hong Kong
https://www.forestry.gov.uk,text/javascript,https://as-sec.casalemedia.com/cygnus?v=7.2&s=168901&fn=headertag.IndexExchangeHtb.adResponseCallback&r=%7B%22id%22%3A20308734%2C%22site%22%3A%7B%22page%22%3A%22https%3A%2F%2Ftfl.gov.uk%2F%22%7D%2C%22imp%22%3A%5B%7B%22banner%22%3A%7B%22w%22%3A300%2C%22h%22%3A250%2C%22topframe%22%3A1%7D%2C%22ext%22%3A%7B%22sid%22%3A%224%22%2C%22siteID%22%3A%22250622%22%7D%2C%22id%22%3A%221%22%7D%2C%7B%22banner%22%3A%7B%22w%22%3A970%2C%22h%22%3A90%2C%22topframe%22%3A1%7D%2C%22ext%22%3A%7B%22sid%22%3A%223%22%2C%22siteID%22%3A%22250621%22%7D%2C%22id%22%3A%222%22%7D%2C%7B%22banner%22%3A%7B%22w%22%3A970%2C%22h%22%3A250%2C%22topframe%22%3A1%7D%2C%22ext%22%3A%7B%22sid%22%3A%222%22%2C%22siteID%22%3A%22250620%22%7D%2C%22id%22%3A%223%22%7D%5D%2C%22ext%22%3A%7B%22source%22%3A%22ixwrapper%22%7D%7D,United States
https://www.forestry.gov.uk,application/javascript; charset=utf-8,https://secure.adnxs.com/jpt?id=13145159&size=970x250&callback=headertag.DistrictMHtb.adResponseCallback&callback_uid=NtGraqJv&psa=0&promo_sizes=970x90&referrer=https%3A%2F%2Ftfl.gov.uk%2F,United States
https://www.forestry.gov.uk,application/json; charset=utf-8,https://ib.adnxs.com/ut/v2/prebid,United States
https://www.forestry.gov.uk,text/javascript,https://apex.go.sonobi.com/trinity.js?key_maker=%7B%22Desktop-btf-adv-3-300x250-4%22%3A%2222a292197b86ca5eb466%22%2C%22Desktop-atf-adv-0-970x250_970x90-2%22%3A%22c4c3371ed7f3b7ce0938%22%7D&cv=sbi,United States
https://www.forestry.gov.uk,application/x-javascript,https://ap.lijit.com/rtb/bid?callback=window.headertag.SovrnHtb.adResponseCallback&br=%7B%22id%22%3A%22_PSbtLycN%22%2C%22site%22%3A%7B%22domain%22%3A%22tfl.gov.uk%22%2C%22page%22%3A%22%2F%22%7D%2C%22imp%22%3A%5B%7B%22id%22%3A%22bu6FK286%22%2C%22banner%22%3A%7B%22w%22%3A300%2C%22h%22%3A250%7D%2C%22tagid%22%3A%22560399%22%7D%2C%7B%22id%22%3A%221YauxyOZ%22%2C%22banner%22%3A%7B%22w%22%3A970%2C%22h%22%3A250%7D%2C%22tagid%22%3A%22560397%22%7D%5D%7D,United States
https://www.forestry.gov.uk,application/json,https://ap.lijit.com/readerinfo?loc=https://tfl.gov.uk,United States
https://www.forestry.gov.uk,image/gif,https://sync.go.sonobi.com/us.gif?nw=td&nuid=573e2c50-ffa6-45e0-ace1-ffcc9d9cfd79&pubid=234290c125,United States
https://www.forestry.gov.uk,image/gif,https://sync.go.sonobi.com/us.gif?nw=mediamath&nuid=bc185bd7-2134-4a00-a0ff-cbe07e2ca7a1,United States
https://www.forestry.gov.uk,image/gif,https://sync.go.sonobi.com/us.gif?nw=pp&nuid=hUnlUnxdFMTx,United States
https://www.birmingham.gov.uk,image/x-icon,https://www.forestry.gov.uk/favicon.ico,Germany
https://www.birmingham.gov.uk,application/javascript,https://websurveys2.govmetric.com/js/client/gm_sidebar.js,Ireland
https://www.birmingham.gov.uk,image/png,https://websurveys2.govmetric.com/imgs/triggers/cnr.png,Ireland
https://www.birmingham.gov.uk,application/javascript,https://socitm.govmetric.com/js9/socitm-snippet.js,Ireland
https://www.birmingham.gov.uk,application/javascript,https://websurveys2.servmetric.com//js/client/gm_intro.js?v=2.2.10,Ireland
https://www.birmingham.gov.uk,application/javascript,https://df3afthv6z8r.cloudfront.net/js10/socitm-newintro.min.js?v=4.9.2,United States
https://www.birmingham.gov.uk,text/javascript; charset=utf-8,https://socitm.govmetric.com/jsconfig/socitm_proxy.aspx?ref=61,Ireland
https://www.birmingham.gov.uk,application/x-javascript; charset=utf-8,https://socitm.govmetric.com/hitcounter.aspx?code=61,Ireland
https://acmsf.food.gov.uk,image/png,https://www.birmingham.gov.uk/site/favicon/favicon-32x32.png?v=kPP6reKB8a,United States
https://acmsf.food.gov.uk,image/png,https://www.birmingham.gov.uk/site/favicon/favicon-16x16.png?v=kPP6reKB8a,United States
https://acmsf.food.gov.uk,image/png,https://www.birmingham.gov.uk/site/favicon/favicon-96x96.png?v=kPP6reKB8a,United States
https://acmsf.food.gov.uk,application/x-javascript,https://script.crazyegg.com/pages/scripts/0040/4800.js?428007,United States
https://acmsf.food.gov.uk,image/gif,https://uk1.siteimprove.com/image.aspx?url=https%3A%2F%2Facmsf.food.gov.uk%2F&title=Food%20Standards%20Agency%20-%20Homepage&res=1280x800&accountid=267311&rt=1971&prev=1540826940393&luid=bbb90e1c-d571-7a61-d42e-b3c9c2884861&rnd=25515,United Kingdom
https://www.nationalarchives.gov.uk,image/png,https://nationalarchives.gov.uk/wp-content/themes/tna-base/img/social/twitter.png,United Kingdom
https://www.nationalarchives.gov.uk,image/png,https://nationalarchives.gov.uk/wp-content/themes/tna-base/img/social/youtube-play.png,United Kingdom
https://www.nationalarchives.gov.uk,image/png,https://nationalarchives.gov.uk/wp-content/themes/tna-base/img/social/flickr.png,United Kingdom
https://www.nationalarchives.gov.uk,image/png,https://nationalarchives.gov.uk/wp-content/themes/tna-base/img/social/facebook.png,United Kingdom
https://www.nationalarchives.gov.uk,image/png,https://nationalarchives.gov.uk/wp-content/themes/tna-base/img/social/rss.png,United Kingdom
https://www.nationalarchives.gov.uk,image/jpeg,http://www.nationalarchives.gov.uk/about/our-research-and-academic-collaboration/wp-content/uploads/sites/13/2017/05/IMG_1958-crop.jpg,United Kingdom
https://www.nationalarchives.gov.uk,image/gif,https://smartsource.nationalarchives.gov.uk/dcsdhhxq6000004rry7ab39or_9h9r/dcs.gif?&dcsdat=1540826934446&dcssip=www.nationalarchives.gov.uk&dcsuri=/&WT.co_f=140.112.249.226-10351680.30699420&WT.vtid=140.112.249.226-10351680.30699420&WT.vtvs=1540826891770&WT.tz=8&WT.bh=23&WT.ul=zh-TW&WT.cd=24&WT.sr=1280x800&WT.jo=No&WT.ti=The%20National%20Archives&WT.js=Yes&WT.jv=1.5&WT.ct=unknown&WT.bs=1200x537&WT.fv=Not%20enabled&WT.slv=Not%20enabled&WT.tv=8.6.2&WT.dl=0&WT.ssl=1&WT.es=www.nationalarchives.gov.uk/&WT.vt_f_tlh=1540826891,United Kingdom
https://www.nationalarchives.gov.uk,image/jpeg,https://blog.nationalarchives.gov.uk/wp-content/uploads/2018/10/7.MPI1-134-Radical-Reformers-St-Peters-Place-Manchester-1819crop.jpg,United Kingdom
https://www.leicester.gov.uk,image/x-icon,https://www.nationalarchives.gov.uk/wp-content/themes/tna-base/img/favicon.ico,United Kingdom
https://www.leicester.gov.uk,image/x-icon,https://www.nationalarchives.gov.uk/wp-content/themes/tna-base/img/favicon.ico,United Kingdom
https://www.leicester.gov.uk,application/javascript; charset=utf-8,https://platform.twitter.com/widgets.js,United States
https://www.leicester.gov.uk,application/javascript; charset=utf-8,https://platform.twitter.com/js/grid~moment~timeline~tweet.3fe74c36d6a2c39e5b77d0f817cb8d96.js,United States
https://www.leicester.gov.uk,application/javascript; charset=utf-8,https://platform.twitter.com/js/moment~timeline~tweet.50bff1a04f1f37b6a41fa15859518e07.js,United States
https://www.leicester.gov.uk,application/javascript; charset=utf-8,https://platform.twitter.com/js/timeline.e4ed2310715834737b04d0727f37e46c.js,United States
https://www.leicester.gov.uk,application/javascript;charset=utf-8,https://cdn.syndication.twimg.com/timeline/profile?callback=__twttr.callbacks.tl_i0_profile_Leicester_News_old&dnt=false&domain=www.leicester.gov.uk&lang=en&screen_name=Leicester_News&suppress_response_codes=true&t=1712029&tz=GMT%2B0800&with_replies=false,United States
https://www.lambeth.gov.uk,image/x-icon,https://www.merton.gov.uk/Style%20Library/Merton-Branding/SP-BluePrint/img/favicon.ico,United Kingdom
https://www.lambeth.gov.uk,application/javascript; charset=utf-8,https://code.jquery.com/ui/1.10.3/jquery-ui.js,United States
https://www.lambeth.gov.uk,text/javascript,https://content.govdelivery.com/overlay/js/5003.js,Netherlands
https://www.lambeth.gov.uk,image/gif,https://uk1.siteimprove.com/image.aspx?url=https%3A%2F%2Fwww.lambeth.gov.uk%2F&title=Lambeth%20Council&res=1280x800&accountid=460537&rt=12861&prev=1540826977537&luid=b5e0bac1-d51e-bc7c-0c66-4876e336bc89&rnd=40239,United Kingdom
https://www.lambeth.gov.uk,application/x-javascript,https://script.crazyegg.com/pages/scripts/0030/4676.js?428007,United States
https://www.ofgem.gov.uk,image/gif,https://www.lambeth.gov.uk/sites/all/themes/lambeth/images/colorbox/loading_animation.gif,Ireland
https://www.ofgem.gov.uk,image/vnd.microsoft.icon,https://www.lambeth.gov.uk/sites/all/themes/lambeth/favicon.ico,Ireland
https://www.ofgem.gov.uk,image/png,https://content.govdelivery.com/attachments/fancy_images/UKLAMBETH/2018/02/1769584/lambethoverlay_original.png,Netherlands
https://www.ofgem.gov.uk,application/x-javascript,https://secure.quantserve.com/quant.js,Japan
https://www.ofgem.gov.uk,application/x-javascript;charset=utf-8,https://sjs.bizographics.com/insight.min.js,United States
https://www.ofgem.gov.uk,image/gif,https://pixel.quantserve.com/pixel;r=1270123670;labels=Page.Home;rf=0;a=p-MvkCd7h9C6Jfn;url=https%3A%2F%2Fwww.ofgem.gov.uk%2F;fpan=1;fpa=P0-260562930-1540826962947;ns=0;ce=1;qjs=1;qv=4c19192-20180628134937;cm=;ref=;je=0;sr=1280x800x24;enc=n;dst=0;et=1540826962946;tzo=-480;ogl=site_name.Ofgem%2Curl.https%3A%2F%2Fwww%252Eofgem%252Egov%252Euk%2Fhome%2Ctitle.Home%2Cimage.https%3A%2F%2Fwww%252Eofgem%252Egov%252Euk%2Fsites%2Fdefault%2Ffiles%2Fimages%2Fbody-images%2Fofgem_smm_ofgeml%2Cimage%3Aurl.https%3A%2F%2Fwww%252Eofgem%252Egov%252Euk%2Fsites%2Fdefault%2Ffiles%2Fimages%2Fbody-images%2Fofgem_smm_ofgeml%2Cimage%3Asecure_url.https%3A%2F%2Fwww%252Eofgem%252Egov%252Euk%2Fsites%2Fdefault%2Ffiles%2Fimages%2Fbody-images%2Fofgem_smm_ofgeml%2Cimage%3Atype.image%2Fpng%2Cimage%3Awidth.120%2Cimage%3Aheight.120,Japan
https://www.ofgem.gov.uk,image/gif,https://p.typekit.net/p.gif?s=1&k=ede4ucd&ht=tk&h=www.ofgem.gov.uk&f=139.175.176.5474.143.144.147.148&a=4842803&js=1.19.2&app=typekit&e=js&_=1540826963067,Europe
https://www.ofgem.gov.uk,image/gif,https://uk1.siteimprove.com/image.aspx?url=https%3A%2F%2Fwww.ofgem.gov.uk%2F&title=Ofgem&res=1280x800&accountid=6581&rt=4174&prev=1540827012383&luid=290421e2-ec23-c7d1-d74c-5ba8e5d7621c&rnd=44858,United Kingdom
https://www.liverpool.gov.uk,image/x-icon,https://www.ofgem.gov.uk/sites/default/files/favicon.ico,United Kingdom
https://www.liverpool.gov.uk,application/javascript,https://uk1.siteimprove.com/js/siteanalyze_467613.js,United Kingdom
https://www.liverpool.gov.uk,image/gif,https://uk1.siteimprove.com/image.aspx?url=https%3A%2F%2Fwww.liverpool.gov.uk%2F&title=Home%20-%20Liverpool%20City%20Council&res=1280x800&accountid=467613&rt=5731&prev=1540827016457&luid=40a91a84-60eb-a10f-88b8-37d546de52c7&rnd=76071,United Kingdom
https://www.haringey.gov.uk,application/javascript,https://socitm.govmetric.com/js9/socitm-snippet.js,Ireland
https://www.haringey.gov.uk,text/javascript;charset=UTF-8,https://ads.counciladvertising.net/code/haringeyc/media/public,United Kingdom
https://www.haringey.gov.uk,application/javascript,https://df3afthv6z8r.cloudfront.net/js10/socitm-newintro.min.js?v=4.9.2,United States
https://www.kent.gov.uk,application/javascript,https://wsstatic.govmetric.com/js/client/gm_sidebar.js,Ireland
https://www.kent.gov.uk,application/x-javascript; charset=utf-8,https://cdn4.userzoom.com/files/js/QzM1MVQx.js?t=uz_til&cuid=1230ADCC5332E2119DA70022196C4538,United States
http://jncc.defra.gov.uk/,application/javascript; charset=utf-8,http://platform.twitter.com/widgets.js,United States
http://jncc.defra.gov.uk/,application/javascript,http://apikeys.civiccomputing.com/c/v?d=jncc.defra.gov.uk&p=cookiecontrol%20free&v=6&k=b59291165f6a10397125792d9554579be115b67d,United Kingdom
http://jncc.defra.gov.uk/,application/javascript; charset=utf-8,https://platform.twitter.com/js/grid~moment~timeline~tweet.3fe74c36d6a2c39e5b77d0f817cb8d96.js,United States
http://jncc.defra.gov.uk/,application/javascript; charset=utf-8,https://platform.twitter.com/js/moment~timeline~tweet.50bff1a04f1f37b6a41fa15859518e07.js,United States
http://jncc.defra.gov.uk/,application/javascript; charset=utf-8,https://platform.twitter.com/js/timeline.e4ed2310715834737b04d0727f37e46c.js,United States
http://jncc.defra.gov.uk/,text/javascript; charset=UTF-8,http://cse.google.com/adsense/search/async-ads.js,United States
http://jncc.defra.gov.uk/,application/javascript;charset=utf-8,https://cdn.syndication.twimg.com/timeline/profile?callback=__twttr.callbacks.tl_i0_profile_JNCC_UK_old&dnt=false&domain=jncc.defra.gov.uk&lang=en&screen_name=JNCC_UK&suppress_response_codes=true&t=1712029&tweet_limit=2&tz=GMT%2B0800&with_replies=false,United States
http://jncc.defra.gov.uk/,image/png,http://www.google.com/cse/static/images/1x/googlelogo_lightgrey_46x16dp.png,United States
http://jncc.defra.gov.uk/,image/png,http://apikeys.civiccomputing.com/p/cc/6.0/ccc-icons.png,United Kingdom
https://www.bristol.gov.uk,image/x-icon,http://jncc.defra.gov.uk/templates/default/favicon.ico,United Kingdom
https://www.nottinghamcity.gov.uk,text/javascript;charset=UTF-8,https://ads.counciladvertising.net/code/nottinghamcc/ibar/public,United Kingdom
https://www.nottinghamcity.gov.uk,application/x-javascript,https://secure.quantserve.com/quant.js,Japan
https://www.nottinghamcity.gov.uk,image/gif,https://pixel.quantserve.com/pixel;r=1647508;labels=title.Home%2Ctitle.Home%2Cauthor.Nottingham%20City%20Council;rf=0;a=p-mjq2rgU4Jj7VF;url=https%3A%2F%2Fwww.nottinghamcity.gov.uk%2F;fpan=1;fpa=P0-1377205352-1540826994791;ns=0;ce=1;qjs=1;qv=4c19192-20180628134937;cm=;ref=;je=0;sr=1280x800x24;enc=n;dst=0;et=1540826994790;tzo=-480;ogl=title.Home%2Cdescription.Nottingham%20City%20Council%20supports%20a%20range%20of%20community%20focused%20services%252E%20Our%20team%2Curl.https%3A%2F%2Fwww%252Enottinghamcity%252Egov%252Euk%2F%2Csite_name.Nottingham%20City%20Council%2Ctype.website,Japan
https://www.hackney.gov.uk,application/javascript,https://socitm.govmetric.com/js9/socitm-snippet.js,Ireland
https://www.hackney.gov.uk,application/javascript,https://df3afthv6z8r.cloudfront.net/js10/socitm-newintro.min.js?v=4.9.2,United States
https://www.hackney.gov.uk,text/javascript; charset=utf-8,https://socitm.govmetric.com/jsconfig/socitm_proxy.aspx?ref=172,Ireland
https://www.hackney.gov.uk,application/x-javascript; charset=utf-8,https://socitm.govmetric.com/hitcounter.aspx?code=172,Ireland
https://www.london.gov.uk,image/x-icon,https://www.hackney.gov.uk/favicon.ico,United Kingdom
https://www.london.gov.uk,application/javascript; charset=utf-8,https://platform.twitter.com/widgets.js,United States
https://gov.wales/,text/javascript;charset=ISO-8859-1,"https://bam.nr-data.net/1/9616c02dfb?a=14560523&v=1071.385e752&to=YFFUYEFSWRJUABILDlkbd1dHWlgPGg0JBgRoRFdTVmxBCFAU&rst=3375&ref=https://www.london.gov.uk/&ap=1239&be=1317&fe=3257&dc=1760&perf=%7B%22timing%22:%7B%22of%22:1540827006355,%22n%22:0,%22f%22:2,%22dn%22:14,%22dne%22:14,%22c%22:14,%22s%22:40,%22ce%22:80,%22rq%22:81,%22rp%22:1256,%22rpe%22:1262,%22dl%22:1264,%22di%22:1759,%22ds%22:1759,%22de%22:1968,%22dc%22:3256,%22l%22:3256,%22le%22:3288%7D,%22navigation%22:%7B%7D%7D&at=TBZXFglIShw%3D&jsonp=NREUM.setToken",United States
https://www.towerhamlets.gov.uk/Home.aspx,application/javascript; charset=utf-8,https://platform.twitter.com/widgets.js?build=110130,United States
https://www.towerhamlets.gov.uk/Home.aspx,application/javascript,https://www.browsealoud.com/plus/scripts/ba.js,United States
https://www.towerhamlets.gov.uk/Home.aspx,application/javascript,https://plus.browsealoud.com/modules/2.5.4/ba-library.min.js,United States
https://www.towerhamlets.gov.uk/Home.aspx,application/javascript,https://plus.browsealoud.com/modules/2.5.4/ba-library-ui.min.js,United States
https://www.towerhamlets.gov.uk/Home.aspx,image/gif,https://uk1.siteimprove.com/image.aspx?url=https%3A%2F%2Fwww.towerhamlets.gov.uk%2FHome.aspx&title=Home&res=1280x800&accountid=486329&rt=3098&prev=1540827097613&luid=7f1c7d0e-bdb9-3c83-d5de-6a5c6773392b&rnd=55666,United Kingdom
https://www.towerhamlets.gov.uk/Home.aspx,application/x-javascript,https://plus.browsealoud.com/js/urlinfo/www.towerhamlets.gov.uk.js,United States
https://acaf.food.gov.uk,image/x-icon,https://www.towerhamlets.gov.uk/favicon.ico,United Kingdom
https://acaf.food.gov.uk,application/x-javascript,https://script.crazyegg.com/pages/scripts/0040/4800.js?428007,United States
https://acaf.food.gov.uk,image/gif,https://uk1.siteimprove.com/image.aspx?url=https%3A%2F%2Facaf.food.gov.uk%2F&title=Food%20Standards%20Agency%20-%20Homepage&res=1280x800&accountid=267311&rt=3221&prev=1540827100740&luid=fd431bd1-a7b2-3937-0240-7732b086351d&rnd=64466,United Kingdom
https://www.gov.uk/government/organisations/intellectual-property-office,text/javascript;charset=ISO-8859-1,"https://bam.nr-data.net/1/ae88c80a08?a=124806333&v=1099.d27c17c&to=ZlQAMENXXBcCUkVcW18eNxZYGVsKB1RJG0RZQQ%3D%3D&rst=3568&ref=https://acaf.food.gov.uk/&ap=115&be=1885&fe=3563&dc=2153&perf=%7B%22timing%22:%7B%22of%22:1540827019480,%22n%22:0,%22f%22:3,%22dn%22:3,%22dne%22:3,%22c%22:3,%22ce%22:3,%22rq%22:466,%22rp%22:1837,%22rpe%22:1842,%22dl%22:1845,%22di%22:2152,%22ds%22:2152,%22de%22:2176,%22dc%22:3562,%22l%22:3562,%22le%22:3563%7D,%22navigation%22:%7B%7D%7D&at=ShMDRgtNTxk%3D&jsonp=NREUM.setToken",United States
https://www.richmond.gov.uk,application/javascript; charset=utf-8,https://netdna.bootstrapcdn.com/bootstrap/3.0.3/js/bootstrap.min.js,United States
https://www.richmond.gov.uk,text/javascript; charset=utf-8,https://www2.richmond.gov.uk/Account/LoginStatusHTMLHPShort.aspx?callback=jQuery1110006505389702421982_1540827025873&_=1540827025874,United Kingdom
https://www.glasgow.gov.uk,text/javascript,https://script-rumlive.rum.nccgroup-webperf.com/,United States
https://www.aberdeencity.gov.uk,text/javascript,https://content.govdelivery.com/overlay/js/2921.js,Netherlands
https://www.aberdeencity.gov.uk,application/javascript,https://socitm.govmetric.com/js9/socitm-snippet.js,Ireland
https://www.aberdeencity.gov.uk,application/javascript,https://df3afthv6z8r.cloudfront.net/js10/socitm-newintro.min.js?v=4.9.2,United States
https://www.aberdeencity.gov.uk,text/javascript; charset=utf-8,https://socitm.govmetric.com/jsconfig/socitm_proxy.aspx?ref=443,Ireland
https://www.aberdeencity.gov.uk,application/x-javascript; charset=utf-8,https://socitm.govmetric.com/hitcounter.aspx?code=443,Ireland
https://www.aberdeencity.gov.uk,image/jpeg,https://content.govdelivery.com/attachments/fancy_images/UKABERDEENCC/2017/09/1526227/acc-b-w_original.jpg,Netherlands
https://www.brighton-hove.gov.uk,image/vnd.microsoft.icon,https://www.aberdeencity.gov.uk/sites/default/themes/aberdeen_bootstrap_cdn/favicon.ico,Ireland
https://www.brighton-hove.gov.uk,application/javascript; charset=utf-8,https://platform.twitter.com/widgets.js,United States
https://www.gov.uk/government/organisations/department-for-international-development,image/x-icon,https://www.brighton-hove.gov.uk/favicon.ico,Ireland
https://www.ons.gov.uk,image/png,https://www.oxfordshire.gov.uk/themes/custom/occ/images/favicon/favicon.png,United Kingdom
https://www.ons.gov.uk,image/gif,https://www.oxfordshire.gov.uk/themes/custom/occ/images/favicon/favicon.gif,United Kingdom
https://www.ons.gov.uk,image/vnd.microsoft.icon,https://www.oxfordshire.gov.uk/themes/custom/occ/images/favicon/favicon.ico,United Kingdom
https://www.ons.gov.uk,image/vnd.microsoft.icon,https://www.oxfordshire.gov.uk/themes/custom/occ/images/favicon/favicon.ico,United Kingdom
https://www.ons.gov.uk,image/vnd.microsoft.icon,https://www.oxfordshire.gov.uk/themes/custom/occ/favicon.ico,United Kingdom
https://www.gov.uk/government/organisations/cabinet-office,image/vnd.microsoft.icon,https://www.nidirect.gov.uk/sites/all/themes/nidirect_theme/favicon.ico,United Kingdom
https://www.croydon.gov.uk,text/javascript;charset=ISO-8859-1,"https://bam.nr-data.net/1/ae88c80a08?a=86904927&v=1099.d27c17c&to=ZlQAMENXXBcCUkVcW18eIwdFX10KTEFQUlFuUgMHWVM%3D&rst=2464&ref=https://www.food.gov.uk/&ap=22&be=1666&fe=2299&dc=2159&perf=%7B%22timing%22:%7B%22of%22:1540827141963,%22n%22:0,%22f%22:5,%22dn%22:11,%22dne%22:212,%22c%22:212,%22s%22:235,%22ce%22:310,%22rq%22:311,%22rp%22:1623,%22rpe%22:1631,%22dl%22:1632,%22di%22:2158,%22ds%22:2159,%22de%22:2253,%22dc%22:2297,%22l%22:2298,%22le%22:2302%7D,%22navigation%22:%7B%7D%7D&at=ShMDRgtNTxk%3D&jsonp=NREUM.setToken",United States
https://www.croydon.gov.uk,application/javascript,https://www.browsealoud.com/plus/scripts/ba.js,United States
https://www.croydon.gov.uk,text/javascript;charset=UTF-8,https://ads.counciladvertising.net/code/croydonlbc/adunit2/public,United Kingdom
https://www.croydon.gov.uk,text/javascript;charset=UTF-8,https://ads.counciladvertising.net/code/croydonlbc/adunit1/public,United Kingdom
https://www.croydon.gov.uk,application/javascript,https://p.cpx.to/p/12187/px.js,United States
https://www.croydon.gov.uk,application/javascript,https://plus.browsealoud.com/modules/2.5.4/ba-library.min.js,United States
https://www.croydon.gov.uk,image/png,https://s.cpx.to/ca.png?dsp=dbm&fid=f10ea05a-8e17-437d-852e-795da3c95f09&google_gid=CAESEAwzMbYSDgz4U04W4YhA6S0&google_cver=1,Ireland
https://www.croydon.gov.uk,image/png,https://s.cpx.to/sync?dsp=avocet&dsp_uid=6563389d-c29c-496b-988c-7fb25f8be374&fid=f10ea05a-8e17-437d-852e-795da3c95f09,Ireland
https://www.croydon.gov.uk,image/png,https://s.cpx.to/an_fire?app_nexus_uid=7923925790448767088&pid=12187&ref=&hn_ver=10&fid=f10ea05a-8e17-437d-852e-795da3c95f09,Ireland
https://www.croydon.gov.uk,application/javascript,https://plus.browsealoud.com/modules/2.5.4/ba-library-ui.min.js,United States
https://www.moneyclaim.gov.uk/,image/vnd.microsoft.icon,https://www.croydon.gov.uk/sites/all/themes/lbc/favicon.ico,Ireland
https://www.moneyclaim.gov.uk/,application/x-javascript,https://plus.browsealoud.com/js/urlinfo/www.croydon.gov.uk.js,United States
https://www.barnet.gov.uk/citizen-home,image/gif,https://www.moneyclaim.gov.uk/web/images/button_primary_big_arrow_right.gif,United Kingdom
https://www.barnet.gov.uk/citizen-home,image/gif,https://www.moneyclaim.gov.uk/web/images/small_arrow_left.gif,United Kingdom
https://www.barnet.gov.uk/citizen-home,image/x-icon,https://www.moneyclaim.gov.uk/web/images/favicon.ico,United Kingdom
https://www.barnet.gov.uk/citizen-home,image/gif,https://www.moneyclaim.gov.uk/web/images/pcol_slice.gif,United Kingdom
https://www.barnet.gov.uk/citizen-home,image/gif,https://www.moneyclaim.gov.uk/web/images/logo.gif,United Kingdom
https://www.barnet.gov.uk/citizen-home,application/javascript,https://websurveys2.govmetric.com/js/client/gm_sidebar.js,Ireland
https://www.barnet.gov.uk/citizen-home,image/png,https://websurveys2.govmetric.com/imgs/triggers/combined.png,Ireland
https://www.barnet.gov.uk/citizen-home,application/javascript,https://websurveys2.servmetric.com//js/client/gm_intro.js?v=2.2.10,Ireland
https://www.barnet.gov.uk/citizen-home,application/javascript;charset=UTF-8,https://account.barnet.gov.uk/publicaccesslive/selfservice/citizenportal/myprofilewidget.htm?jsoncallback=jQuery111302618760746612374_1540827159024,United Kingdom
https://www.gov.uk/government/organisations/department-for-transport,image/x-icon;charset=UTF-8,https://www.barnet.gov.uk/docroot/img/barnet-favicon.ico,United Kingdom
https://www.cornwall.gov.uk,image/vnd.microsoft.icon,https://www.legislation.gov.uk/favicon.ico,United States
https://www.swansea.gov.uk/residents,image/png,https://www.cornwall.gov.uk/Content/themes/default/bullets.png,Netherlands
https://www.swansea.gov.uk/residents,image/x-icon,https://www.cornwall.gov.uk/favicon.ico,Netherlands
https://www.swansea.gov.uk/residents,text/javascript;charset=UTF-8,https://ads.counciladvertising.net/code/swanseacc/leaderboard/public,United Kingdom
https://www.swansea.gov.uk/residents,text/javascript;charset=UTF-8,https://ads.counciladvertising.net/code/swanseacc/media/public,United Kingdom
https://www.swansea.gov.uk/residents,application/javascript,https://socitm.govmetric.com/js9/socitm-snippet.js,Ireland
https://www.swansea.gov.uk/residents,application/x-javascript,https://secure.quantserve.com/quant.js,Japan
https://www.swansea.gov.uk/residents,application/javascript,https://p.cpx.to/p/12187/px.js,United States
https://www.swansea.gov.uk/residents,text/javascript,https://static.criteo.net/js/ld/publishertag.prebid.js,Singapore
https://www.swansea.gov.uk/residents,text/javascript,https://static.criteo.net/js/ld/publishertag.prebid.js,Singapore
https://www.swansea.gov.uk/residents,image/gif,https://pixel.quantserve.com/pixel;r=1117189391;rf=0;a=p-mjq2rgU4Jj7VF;url=https%3A%2F%2Fwww.swansea.gov.uk%2Fresidents;fpan=1;fpa=P0-1658543822-1540827176124;ns=0;ce=1;qjs=1;qv=4c19192-20180628134937;cm=;ref=;je=0;sr=1280x800x24;enc=n;dst=0;et=1540827176112;tzo=-480;ogl=,Japan
https://www.swansea.gov.uk/residents,application/javascript,https://df3afthv6z8r.cloudfront.net/js10/socitm-newintro.min.js?v=4.9.2,United States
https://www.swansea.gov.uk/residents,image/gif,https://socitm.govmetric.com/images/_e.gif,Ireland
https://www.swansea.gov.uk/residents,application/json; charset=utf-8,https://bidder.criteo.com/cdb?ptv=58&profileId=185&av=11&wv=1.18.0&cb=67811724318,Singapore
https://www.swansea.gov.uk/residents,application/json,https://as-sec.casalemedia.com/cygnus?s=246211&v=7.2&r=%7B%22id%22%3A%2254ec5bf9e0354f%22%2C%22imp%22%3A%5B%7B%22id%22%3A%2268c0c56bbb4d53%22%2C%22banner%22%3A%7B%22w%22%3A728%2C%22h%22%3A90%2C%22topframe%22%3A1%7D%2C%22ext%22%3A%7B%22siteID%22%3A%22246211%22%2C%22sid%22%3A%22leader%22%7D%7D%5D%2C%22site%22%3A%7B%22page%22%3A%22https%3A%2F%2Fwww.swansea.gov.uk%2Fresidents%22%2C%22ref%22%3A%22%22%7D%2C%22ext%22%3A%7B%22source%22%3A%22prebid%22%7D%7D&ac=j&sd=1&,Taiwan
https://www.swansea.gov.uk/residents,application/json,https://fastlane.rubiconproject.com/a/api/fastlane.json?account_id=13950&site_id=68010&zone_id=322786&size_id=2&p_pos=atf&rf=https%3A%2F%2Fwww.swansea.gov.uk%2Fresidents&tk_flint=pbjs_lite_v1.18.0&x_source.tid=db06f2df-7614-4abe-bc2d-440c8d435e98&p_screen_res=1280x800&rp_floor=0.01&rp_secure=1&slots=1&rand=0.1617642542176838,Hong Kong
https://www.swansea.gov.uk/residents,application/json; charset=utf-8,https://ib.adnxs.com/ut/v3/prebid,Singapore
https://www.swansea.gov.uk/residents,text/javascript; charset=utf-8,https://socitm.govmetric.com/jsconfig/socitm_proxy.aspx?ref=509,Ireland
https://www.swansea.gov.uk/residents,application/json,https://apex.go.sonobi.com/trinity.json?key_maker=%7B%22%2F31781941%2Fcan_swanseacc%7C14ef9c605849e0c%22%3A%22728x90%22%7D&ref=https%3A%2F%2Fwww.swansea.gov.uk%2Fresidents&s=8430a262-911f-436d-b97d-5e6048e3f665&pv=8baf88c6-062a-444d-863c-4cb646c68a72&vp=desktop&lib_name=prebid&lib_v=1.18.0&us=5&,United States
https://www.swansea.gov.uk/residents,application/x-javascript; charset=utf-8,https://socitm.govmetric.com/hitcounter.aspx?code=509,Ireland
https://www.swansea.gov.uk/residents,application/json,https://api.assertcom.de/,Germany
https://www.newham.gov.uk/Pages/index.aspx,image/png,https://www.swansea.gov.uk/themes/swansea/images/newwindow.png,United Kingdom
https://www.newham.gov.uk/Pages/index.aspx,application/json,https://api.assertcom.de/?event=activeView&entityId=LvuLYE3Aus7h2ACsm&impressionUUID=540c9646-e7bd-4c20-b30e-7017f69ecb2b,Germany
https://www.newham.gov.uk/Pages/index.aspx,image/jpeg,https://www.swansea.gov.uk/media/28273/October-holidays-2018-slider/image/Oct_half_term_2018_slider.jpg,United Kingdom
https://www.newham.gov.uk/Pages/index.aspx,application/javascript,https://www.browsealoud.com/plus/scripts/ba.js,United States
https://www.newham.gov.uk/Pages/index.aspx,application/javascript,https://socitm.govmetric.com/js9/socitm-snippet.js,Ireland
https://www.newham.gov.uk/Pages/index.aspx,application/javascript,https://plus.browsealoud.com/modules/2.5.4/ba-library.min.js,United States
https://www.newham.gov.uk/Pages/index.aspx,application/javascript,https://df3afthv6z8r.cloudfront.net/js10/socitm-newintro.min.js?v=4.9.2,United States
https://www.newham.gov.uk/Pages/index.aspx,application/javascript,https://plus.browsealoud.com/modules/2.5.4/ba-library-ui.min.js,United States
https://www.newham.gov.uk/Pages/index.aspx,text/javascript; charset=utf-8,https://socitm.govmetric.com/jsconfig/socitm_proxy.aspx?ref=245,Ireland
https://www.newham.gov.uk/Pages/index.aspx,application/javascript,https://uk1.siteimprove.com/js/siteanalyze_470583.js,United Kingdom
https://www.newham.gov.uk/Pages/index.aspx,application/x-javascript,https://plus.browsealoud.com/js/urlinfo/www.newham.gov.uk.js,United States
https://www.newham.gov.uk/Pages/index.aspx,application/x-javascript; charset=utf-8,https://socitm.govmetric.com/hitcounter.aspx?code=245,Ireland
https://www.newham.gov.uk/Pages/index.aspx,image/gif,https://uk1.siteimprove.com/image.aspx?url=https%3A%2F%2Fwww.newham.gov.uk%2FPages%2Findex.aspx&title=Home&res=1280x800&accountid=470583&rt=8588&prev=1540827245782&luid=79e53823-8bbf-8f36-6896-849b655f83f9&rnd=5957,United Kingdom
https://www.islington.gov.uk,application/x-javascript,https://www.newham.gov.uk/_layouts/sp.core.js?rev=7ByNlH%2BvcgRJg%2BRCctdC0w%3D%3D,United Kingdom
https://www.islington.gov.uk,application/x-javascript,https://www.newham.gov.uk/_layouts/1033/core.js?rev=Emb5hNX1RZMNXk9oS82yvA%3D%3D,United Kingdom
https://www.islington.gov.uk,image/x-icon,https://www.newham.gov.uk/_layouts/images/LBN.Web.Branding/favicon.ico,United Kingdom
https://www.islington.gov.uk,application/x-javascript,https://www.newham.gov.uk/_layouts/cui.js?rev=OOyJv78CADNBeet%2FvTvniQ%3D%3D,United Kingdom
https://www.islington.gov.uk,application/x-javascript; charset=utf-8,https://www.newham.gov.uk/_layouts/ScriptResx.ashx?culture=en%2Dus&name=SP%2ERes&rev=b6%2FcRx1a6orhAQ%2FcF%2B0ytQ%3D%3D,United Kingdom
https://www.islington.gov.uk,application/x-javascript,https://www.newham.gov.uk/_layouts/sp.ui.dialog.js?rev=Tpcmo1%2FSu6R0yewHowDl5g%3D%3D,United Kingdom
https://www.islington.gov.uk,application/x-javascript,https://www.newham.gov.uk/_layouts/sp.runtime.js?rev=IGffcZfunndj0247nOxKVg%3D%3D,United Kingdom
https://www.islington.gov.uk,text/javascript,https://content.govdelivery.com/overlay/js/6077.js,Netherlands
https://www.islington.gov.uk,application/json,https://apikeys.civiccomputing.com/c/v?d=www.islington.gov.uk&p=CookieControl%20Multi-Site&v=8&k=fbb8dc650d938720810351158cde7363681aa845&format=json,United Kingdom
https://www.islington.gov.uk,image/png,https://content.govdelivery.com/attachments/fancy_images/UKISLINGTON/2018/07/2041945/overlay-banner_original.png,Netherlands
https://www.hants.gov.uk,image/png,https://www.islington.gov.uk/_common/img/favicon-32x32.png,Netherlands
https://www.hants.gov.uk,image/png,https://www.islington.gov.uk/_common/img/favicon-16x16.png,Netherlands
https://www.hants.gov.uk,image/png,https://www.islington.gov.uk/_common/img/favicon-96x96.png,Netherlands
https://www.hants.gov.uk,image/png,https://www.islington.gov.uk/_common/img/android-chrome-192x192.png,Netherlands
https://www.hants.gov.uk,image/x-icon,https://www.islington.gov.uk/_common/img/favicon.ico,Netherlands
https://www.cityoflondon.gov.uk/Pages/default.aspx,image/x-icon,https://www.hants.gov.uk/assets/images/favicon.ico,United Kingdom
https://www.manchester.gov.uk,image/x-icon,https://www.cityoflondon.gov.uk/_layouts/CityOfLondon.SharePoint/images/favicon.ico,United Kingdom
https://www.manchester.gov.uk,image/jpeg,https://www.cityoflondon.gov.uk/carousel-pictures/voting-elections.jpg,United Kingdom
https://www.manchester.gov.uk,application/javascript,https://www.browsealoud.com/plus/scripts/ba.js,United States
https://www.manchester.gov.uk,text/javascript,https://secure.manchester.gov.uk/site/javascript/homepage_widget.js?md=1517437314,United Kingdom
https://www.manchester.gov.uk,text/javascript,https://secure.manchester.gov.uk/site/js/horizslider.js,United Kingdom
https://www.manchester.gov.uk,text/javascript,https://secure.manchester.gov.uk/site/js/main.js,United Kingdom
https://www.manchester.gov.uk,text/javascript,https://secure.manchester.gov.uk/site/js/live_search.js,United Kingdom
https://www.manchester.gov.uk,text/javascript,https://secure.manchester.gov.uk/site/js/flickity.js,United Kingdom
https://www.manchester.gov.uk,image/jpeg,https://secure.manchester.gov.uk/images/94639_Take_10_Carousel_Image_1000x516.jpg,United Kingdom
https://www.manchester.gov.uk,image/jpeg,https://secure.manchester.gov.uk/images/94741.12_Christmas_2018_Website_carousel_HR.jpg,United Kingdom
https://www.manchester.gov.uk,image/jpeg,https://secure.manchester.gov.uk/images/rsz_bonfire_night_2017_fireworks_homepage_carousel.jpg,United Kingdom
https://www.manchester.gov.uk,application/javascript,https://plus.browsealoud.com/modules/2.5.4/ba-library.min.js,United States
https://www.manchester.gov.uk,application/javascript,https://plus.browsealoud.com/modules/2.5.4/ba-library-ui.min.js,United States
https://www.manchester.gov.uk,image/svg+xml,https://secure.manchester.gov.uk/site/styles/css_img/logo-white.svg,United Kingdom
https://www.manchester.gov.uk,image/gif,https://secure.manchester.gov.uk/site/styles/css_img/slider-spinner.gif,United Kingdom
https://www.manchester.gov.uk,application/javascript,https://uk1.siteimprove.com/js/siteanalyze_469695.js,United Kingdom
https://www.manchester.gov.uk,image/gif,https://uk1.siteimprove.com/image.aspx?url=https%3A%2F%2Fwww.manchester.gov.uk%2F&title=Manchester%20City%20Council%20Homepage&res=1280x800&accountid=469695&rt=6985&prev=1540827265279&luid=41a2c0ac-ad55-6d3e-f580-06987cfa98ff&dnt=true&rnd=94204,United Kingdom
https://acnfp.food.gov.uk,image/x-icon,https://secure.manchester.gov.uk/site/favicon.ico,United Kingdom
https://acnfp.food.gov.uk,application/x-javascript,https://script.crazyegg.com/pages/scripts/0040/4800.js?428007,United States
https://acnfp.food.gov.uk,image/gif,https://uk1.siteimprove.com/image.aspx?url=https%3A%2F%2Facnfp.food.gov.uk%2F&title=Food%20Standards%20Agency%20-%20Homepage&res=1280x800&accountid=267311&rt=2138&prev=1540827228753&luid=7b6271b5-157b-76e6-5dbe-091e3d093441&rnd=71010,United Kingdom
https://www.dorsetforyou.gov.uk/home.aspx,image/gif,https://socsi.in/tracking/log?uuid=0f174b479963286c&url=https%3A%2F%2Fwww.dorsetforyou.gov.uk%2Fhome.aspx&referer=&timestamp=1540827221633,United Kingdom
https://www.dorsetforyou.gov.uk/home.aspx,image/png,https://news.dorsetforyou.gov.uk/wp-content/uploads/2018/02/new-give-feedback4.png,United Kingdom
https://www.dorsetforyou.gov.uk/home.aspx,application/javascript; charset=utf-8,https://code.jquery.com/ui/1.12.1/jquery-ui.min.js,United States
https://www.gov.uk/government/organisations/foreign-commonwealth-office,image/png,https://www.dorsetforyou.gov.uk/site-elements/images/favicons/favicon-32x32.png,United Kingdom
https://www.gov.uk/government/organisations/foreign-commonwealth-office,image/gif,https://socsi.in/tracking/logFinish?uuid=0f174b479963286c&url=https%3A%2F%2Fwww.dorsetforyou.gov.uk%2Fhome.aspx&referer=&timestamp=1540827225951,United Kingdom
https://www.gov.uk/government/organisations/foreign-commonwealth-office,image/png,https://www.dorsetforyou.gov.uk/site-elements/images/favicons/favicon-16x16.png,United Kingdom
https://www.lbhf.gov.uk,application/javascript,https://websurveys.servmetric.com/client/js/gm_sidebar.js,Ireland
https://www.lbhf.gov.uk,application/javascript; charset=utf-8,https://platform.twitter.com/widgets.js,United States
https://www.lbhf.gov.uk,application/javascript; charset=utf-8,https://platform.twitter.com/js/grid~moment~timeline~tweet.3fe74c36d6a2c39e5b77d0f817cb8d96.js,United States
https://www.lbhf.gov.uk,application/javascript; charset=utf-8,https://platform.twitter.com/js/timeline.e4ed2310715834737b04d0727f37e46c.js,United States
https://www.lbhf.gov.uk,application/javascript; charset=utf-8,https://platform.twitter.com/js/moment~timeline~tweet.50bff1a04f1f37b6a41fa15859518e07.js,United States
https://www.lbhf.gov.uk,application/javascript,https://uk1.siteimprove.com/js/siteanalyze_871894.js,United Kingdom
https://www.lbhf.gov.uk,application/javascript; charset=utf-8,https://hfcouncil.disqus.com/embed.js?_=1540827230710,United States
https://www.lbhf.gov.uk,application/javascript;charset=utf-8,https://cdn.syndication.twimg.com/timeline/profile?callback=__twttr.callbacks.tl_i0_profile_LBHF_old&dnt=true&domain=www.lbhf.gov.uk&lang=en&screen_name=LBHF&suppress_response_codes=true&t=1712030&tz=GMT%2B0800&with_replies=false,United States
https://www.lbhf.gov.uk,image/gif,https://uk1.siteimprove.com/image.aspx?url=https%3A%2F%2Fwww.lbhf.gov.uk%2F&title=LBHF%20%7C%20London%20Borough%20of%20Hammersmith%20%26%20Fulham&res=1280x800&accountid=871894&rt=5138&prev=1540827320181&luid=682dc994-5f03-c6f1-d341-b8f0c48997c9&rnd=50413,United Kingdom
https://www.lbhf.gov.uk,application/javascript; charset=UTF-8,https://disqus.com/next/config.js,United States
https://www.lbhf.gov.uk,application/javascript; charset=utf-8,https://hfcouncil.disqus.com/count.js?_=1540827230711,United States
https://www.lbhf.gov.uk,application/javascript; charset=UTF-8,https://hfcouncil.disqus.com/count-data.js?1=node%2F5468&1=node%2F5479&1=node%2F5482&1=node%2F5483&1=node%2F5485&1=node%2F5487&1=node%2F5504&1=node%2F5520&1=node%2F5525&1=node%2F5530,United States
https://www.lbhf.gov.uk,application/javascript; charset=UTF-8,https://hfcouncil.disqus.com/count-data.js?1=node%2F5176&1=node%2F5257&1=node%2F5394&1=node%2F5421&1=node%2F5438&1=node%2F5452&1=node%2F5458&1=node%2F5463&1=node%2F5464&1=node%2F5465,United States
https://www.lbhf.gov.uk,application/javascript; charset=UTF-8,https://hfcouncil.disqus.com/count-data.js?1=node%2F5531,United States
https://www.blog.gov.uk,image/png,"https://lbhf.logo-net.co.uk/Log/Track/LGNref.php?SID=35&PURL=https://www.lbhf.gov.uk/&PID=0&LID=0&DID=298&CID=0&CRID=0&CTXID=24&BTYP=0&FTYP=0&CURTS=&CCS=00|00&GEP=&TMK=0&G=&PCLID=45&LOCREF=NONE&id_TBURT=8773181985bd72861947907.65212725&lgn_csc=121540827233719^0^0&LOGAM=undefined.undefined|NaN|0.0.1200.0|1,undefined.undefined|NaN|0.0.1200.0|4,undefined.undefined|NaN|0.0.1200.0|4,undefined.undefined|NaN|0.0.1200.0|4,undefined.undefined|NaN|0.0.1200.0|4,^5^1185&STRT=2018-10-29%2015:33:53&DW=1185&DH=5854&AUM=4&MUM=4&TUM=20&VW=1200&DCCK=1&LIFECK=360&pageTitle=LBHF%20%7C%20London%20Borough%20of%20Hammersmith%20%26%20Fulham&setTracking=1",United Kingdom
https://www.blog.gov.uk,image/png,https://www.lbhf.gov.uk/sites/all/themes/custom/lbhf_refresh/favicon-32x32.png,Ireland
https://cot.food.gov.uk,application/x-javascript,https://script.crazyegg.com/pages/scripts/0040/4800.js?428007,United States
https://cot.food.gov.uk,image/gif,https://uk1.siteimprove.com/image.aspx?url=https%3A%2F%2Fcot.food.gov.uk%2F&title=Food%20Standards%20Agency%20-%20Homepage&res=1280x800&accountid=267311&rt=1743&prev=1540827319637&luid=59ddeab4-ee99-d61c-965c-c6b4408b56f3&rnd=51466,United Kingdom
http://wiltshire.gov.uk,application/javascript; charset=UTF-8,http://www.googletagmanager.com/gtm.js?id=GTM-MMJLFN,United States
http://www.saas.gov.uk,image/vnd.microsoft.icon,http://wiltshire.gov.uk/img/f/favicon.ico,Ireland
http://www.saas.gov.uk,text/javascript;charset=ISO-8859-1,"https://bam.nr-data.net/1/e6d99c34c8?a=7350278&v=1071.385e752&to=ZVYEMkBUXRBVVkBYC1wcJwVGXFwNG1FRVwVHXxJJW1tXBkwaXV8AV0s%3D&rst=3665&ref=http://wiltshire.gov.uk/&ap=203&be=817&fe=3586&dc=2442&perf=%7B%22timing%22:%7B%22of%22:1540827250562,%22n%22:0,%22f%22:1,%22dn%22:8,%22dne%22:267,%22c%22:267,%22ce%22:512,%22rq%22:513,%22rp%22:767,%22rpe%22:772,%22dl%22:774,%22di%22:2442,%22ds%22:2442,%22de%22:2456,%22dc%22:3586,%22l%22:3586,%22le%22:3588%7D,%22navigation%22:%7B%7D%7D&at=SREHRAhOTh4%3D&jsonp=NREUM.setToken",United States
http://www.saas.gov.uk,text/javascript; charset=UTF-8,http://ajax.googleapis.com/ajax/libs/webfont/1.1.2/webfont.js,United States
http://www.saas.gov.uk,application/javascript,http://seal.digicert.com/seals/cascade/seal.min.js,Singapore
https://www.surreycc.gov.uk,image/png,"http://seal.digicert.com/seals/cascade/?s=52JI0eOr,7,s,www.saas.gov.uk",Singapore
https://www.surreycc.gov.uk,image/gif,https://uk1.siteimprove.com/image.aspx?url=https%3A%2F%2Fwww.surreycc.gov.uk%2F&title=Surrey%20County%20Council%20-%20Home&res=1280x800&accountid=465884&rt=2549&prev=1540827340106&luid=c13da379-ec35-0b77-b068-6b4dd9488074&feedbackid=26585922821&dnt=true&rnd=69297,United Kingdom
https://www.westminster.gov.uk,application/javascript; charset=utf-8,https://platform.twitter.com/widgets.js,United States
https://www.westminster.gov.uk,application/javascript; charset=utf-8,https://platform.twitter.com/js/grid~moment~timeline~tweet.3fe74c36d6a2c39e5b77d0f817cb8d96.js,United States
https://www.westminster.gov.uk,application/javascript; charset=utf-8,https://platform.twitter.com/js/moment~timeline~tweet.50bff1a04f1f37b6a41fa15859518e07.js,United States
https://www.westminster.gov.uk,application/javascript; charset=utf-8,https://platform.twitter.com/js/timeline.e4ed2310715834737b04d0727f37e46c.js,United States
https://www.westminster.gov.uk,application/javascript;charset=utf-8,https://cdn.syndication.twimg.com/timeline/profile?callback=__twttr.callbacks.tl_i0_profile_CityWestminster_old&dnt=false&domain=www.westminster.gov.uk&lang=en&screen_name=CityWestminster&suppress_response_codes=true&t=1712030&tz=GMT%2B0800&with_replies=false,United States
https://www.essex.gov.uk/Pages/Default.aspx,image/png,"https://westminstercore.logo-net.co.uk/Log/Track/LGNref.php?SID=60&PURL=https://www.westminster.gov.uk/&PID=0&LID=0&DID=156&CID=0&CRID=1685,&CTXID=0&BTYP=0&FTYP=0&CURTS=&CCS=0|1685,&GEP=&TMK=0&G=&PCLID=5&LOCREF=NONE&id_TBURT=340971385bd7288b9c75f1.21697609&lgn_csc=721540827276040^0^0&LOGAM=undefined.undefined|NaN|0.0.1200.0|1,undefined.undefined|NaN|0.0.1200.0|4,^2^1185&STRT=2018-10-29%2015:34:35&DW=1185&DH=2995&AUM=4&MUM=4&TUM=8&VW=1200&DCCK=1&LIFECK=360&pageTitle=Westminster%20City%20Council%20%7C&setTracking=1",United Kingdom
https://www.essex.gov.uk/Pages/Default.aspx,image/vnd.microsoft.icon,https://www.westminster.gov.uk/sites/www.westminster.gov.uk/themes/wcc/favicon.ico,Ireland
https://www.essex.gov.uk/Pages/Default.aspx,application/javascript,https://websurveys.govmetric.com/js/client/gm_sidebar.js,Ireland
https://www.essex.gov.uk/Pages/Default.aspx,application/x-javascript,https://c1.rfihub.net/js/tc.min.js,Taiwan
https://www.essex.gov.uk/Pages/Default.aspx,application/javascript,https://a.rfihub.com/idr.js?_callback=window.RocketfuelBCP.jsonpCallbacks.request_cmZpSWRJbkNhY2hl,Hong Kong
https://www.essex.gov.uk/Pages/Default.aspx,image/png,https://wsstatic.govmetric.com/imgs/smileys/trans/good.png,Ireland
https://www.essex.gov.uk/Pages/Default.aspx,image/png,https://wsstatic.govmetric.com/imgs/smileys/trans/average.png,Ireland
https://www.essex.gov.uk/Pages/Default.aspx,image/png,https://wsstatic.govmetric.com/imgs/smileys/trans/poor.png,Ireland
https://www.essex.gov.uk/Pages/Default.aspx,application/javascript,https://websurveys2.servmetric.com//js/client/gm_intro.js?v=2.2.0,Ireland
https://devon.gov.uk,image/x-icon,https://www.essex.gov.uk/_layouts/15/ecc/favicon.ico,United Kingdom
https://www.wandsworth.gov.uk,image/x-icon,http://www.gateway.gov.uk/favicon.ico,United Kingdom
https://www.wandsworth.gov.uk,application/javascript; charset=utf-8,https://platform.twitter.com/widgets.js,United States
https://www.wandsworth.gov.uk,text/javascript;charset=UTF-8,https://ads.counciladvertising.net/code/wandsworthlbc/media/public,United Kingdom
https://www.wandsworth.gov.uk,text/javascript;charset=UTF-8,https://ads.counciladvertising.net/code/wandsworthlbc/leaderboard/public,United Kingdom
https://www.wandsworth.gov.uk,application/javascript; charset=utf-8,https://platform.twitter.com/js/grid~moment~timeline~tweet.3fe74c36d6a2c39e5b77d0f817cb8d96.js,United States
https://www.wandsworth.gov.uk,application/javascript; charset=utf-8,https://platform.twitter.com/js/moment~timeline~tweet.50bff1a04f1f37b6a41fa15859518e07.js,United States
https://www.wandsworth.gov.uk,application/javascript; charset=utf-8,https://platform.twitter.com/js/timeline.e4ed2310715834737b04d0727f37e46c.js,United States
https://www.wandsworth.gov.uk,text/javascript,https://static.criteo.net/js/ld/publishertag.prebid.js,Singapore
https://www.wandsworth.gov.uk,application/x-javascript,https://secure.quantserve.com/quant.js,Japan
https://www.wandsworth.gov.uk,text/javascript,https://static.criteo.net/js/ld/publishertag.prebid.js,Singapore
https://www.wandsworth.gov.uk,application/javascript,https://uk1.siteimprove.com/js/siteanalyze_373895.js,United Kingdom
https://www.wandsworth.gov.uk,application/javascript,https://p.cpx.to/p/12187/px.js,United States
https://www.wandsworth.gov.uk,image/gif,https://pixel.quantserve.com/pixel;r=1548132391;labels=home;rf=0;a=p-mjq2rgU4Jj7VF;url=https%3A%2F%2Fwww.wandsworth.gov.uk%2F;fpan=1;fpa=P0-1201106449-1540827294973;ns=0;ce=1;qjs=1;qv=4c19192-20180628134937;cm=;ref=;je=0;sr=1280x800x24;enc=n;dst=0;et=1540827294972;tzo=-480;ogl=,Japan
https://www.wandsworth.gov.uk,application/javascript;charset=utf-8,https://cdn.syndication.twimg.com/timeline/profile?callback=__twttr.callbacks.tl_i0_profile_wandbc_old&dnt=true&domain=www.wandsworth.gov.uk&lang=en&screen_name=wandbc&suppress_response_codes=true&t=1712030&tz=GMT%2B0800&with_replies=false,United States
https://www.wandsworth.gov.uk,application/json,https://fastlane.rubiconproject.com/a/api/fastlane.json?account_id=13950&site_id=67886&zone_id=321950&size_id=2&p_pos=atf&rf=https%3A%2F%2Fwww.wandsworth.gov.uk%2F&tk_flint=pbjs_lite_v1.29.0&x_source.tid=9728c02e-eb09-47ee-ab70-fcd9af6bf37a&p_screen_res=1280x800&rp_floor=0.01&rp_secure=1&slots=1&rand=0.857249579660075,Hong Kong
https://www.wandsworth.gov.uk,application/json,https://as-sec.casalemedia.com/cygnus?s=246221&v=7.2&r=%7B%22id%22%3A%22741aee22e30d4d%22%2C%22imp%22%3A%5B%7B%22id%22%3A%228178d48d6bf0b1%22%2C%22banner%22%3A%7B%22w%22%3A728%2C%22h%22%3A90%2C%22topframe%22%3A1%7D%2C%22ext%22%3A%7B%22siteID%22%3A%22246221%22%2C%22sid%22%3A%22leader%22%7D%7D%5D%2C%22site%22%3A%7B%22page%22%3A%22https%3A%2F%2Fwww.wandsworth.gov.uk%2F%22%2C%22ref%22%3A%22%22%7D%2C%22ext%22%3A%7B%22source%22%3A%22prebid%22%7D%7D&ac=j&sd=1&,Taiwan
https://www.wandsworth.gov.uk,application/json; charset=utf-8,https://ib.adnxs.com/ut/v3/prebid,Singapore
https://www.wandsworth.gov.uk,image/gif,https://uk1.siteimprove.com/image.aspx?url=https%3A%2F%2Fwww.wandsworth.gov.uk%2F&title=Wandsworth%20Council%20Homepage&res=1280x800&accountid=373895&rt=4000&prev=1540827338908&luid=64af4036-4d88-15e4-3a45-9fc5170ff6f4&feedbackid=1727493937&rnd=15376,United Kingdom
https://www.wandsworth.gov.uk,application/json,https://apex.go.sonobi.com/trinity.json?key_maker=%7B%22%2F31781941%2Fcan_wandsworthlbc%7C46238772ecdbc5%22%3A%22728x90%22%7D&ref=https%3A%2F%2Fwww.wandsworth.gov.uk%2F&s=3ac23e38-9272-4915-871e-6b421ae9a2b3&pv=8787deb4-0080-482e-bc55-889db512afaf&vp=desktop&lib_name=prebid&lib_v=1.29.0&us=5&,United States
https://www.wandsworth.gov.uk,application/json,https://api.assertcom.de/,Germany
https://www.wandsworth.gov.uk,image/gif,https://sync.go.sonobi.com/us.gif?nw=td&nuid=5770d6e7-e2fe-4a2b-a14b-9efa7f31391f&pubid=234290c125,United States
https://www.wandsworth.gov.uk,image/gif,https://sync.go.sonobi.com/us.gif?nw=bidswitch&nuid=a1c2f042-1e50-46b0-88f1-e850ce6c73a2,United States
https://www.wandsworth.gov.uk,application/json,https://api.assertcom.de/?event=activeView&entityId=LvuLYE3Aus7h2ACsm&impressionUUID=fb601ec6-1c8a-4879-8189-333ee2706b0c,Germany
https://www.wandsworth.gov.uk,image/gif,https://sync.go.sonobi.com/us.gif?nw=pp&nuid=60OpYuQjsuol,United States
https://www.wandsworth.gov.uk,image/gif,https://sync.go.sonobi.com/us.gif?nw=gm&nuid=ChUItJ7B3rL0vOhwEJ6HoeCRvrTPywE%3d,United States
http://www.gro.gov.uk/gro/content/,image/x-icon,https://www.wandsworth.gov.uk/site/favicon.ico,United Kingdom
https://www.lewisham.gov.uk/pages/default.aspx,image/x-icon,http://www.gro.gov.uk/favicon.ico,United Kingdom
http://www.ukho.gov.uk/Pages/home.aspx,image/x-icon,http://astro.ukho.gov.uk/ws.ico,United Kingdom
http://www.ukho.gov.uk/Pages/home.aspx,application/javascript; charset=UTF-8,http://www.googletagmanager.com/gtm.js?id=GTM-M6N24V,United States
http://www.ukho.gov.uk/Pages/home.aspx,text/javascript,http://www.green-bloc9.com/js/24979.js,United States
http://www.ukho.gov.uk/Pages/home.aspx,text/javascript,https://secure.leadforensics.com/Track/Capture.aspx?retType=js&trk_uid=&trk_user=24979&trk_sw=1280&trk_sh=800&trk_ref=&trk_tit=This%20site%20has%20moved%20and%20will%20soon%20be%20closing.&trk_loc=http%3A%2F%2Fwww.ukho.gov.uk%2FPages%2Fhome.aspx&trk_agn=Netscape&trk_agv=Mozilla%2F5.0%20(Macintosh%3B%20Intel%20Mac%20OS%20X%2010_12_3)%20AppleWebKit%2F537.36%20(KHTML%2C%20like%20Gecko)%20Chrome%2F70.0.3538.77%20Safari%2F537.36.lfcd24.lflngzh-TW&trk_dom=www.ukho.gov.uk&trk_cookie=NA,United States
https://www.lancashire.gov.uk/,application/javascript; charset=utf-8,https://code.jquery.com/jquery.js,United States
https://www.lancashire.gov.uk/,application/javascript,https://uk1.siteimprove.com/js/siteanalyze_462650.js,United Kingdom
https://www.lancashire.gov.uk/,image/gif,https://uk1.siteimprove.com/image.aspx?url=https%3A%2F%2Fwww.lancashire.gov.uk%2F&title=Home%20-%20Lancashire%20County%20Council&res=1280x800&accountid=462650&rt=6240&prev=1540827389789&luid=e459bc3e-efc6-6ebe-7eda-c881c4ce4f6c&rnd=341,United Kingdom
https://www.newcastle.gov.uk,image/x-icon,https://www.lancashire.gov.uk/css/img/favicon.ico,United Kingdom
https://www.bromley.gov.uk/site/,image/png,https://www.newcastle.gov.uk/sites/all/themes/ncctheme2014_zurb/favicons/favicon-32x32.png,United Kingdom
https://www.bromley.gov.uk/site/,image/png,https://www.newcastle.gov.uk/sites/all/themes/ncctheme2014_zurb/favicons/favicon-16x16.png,United Kingdom
https://www.bromley.gov.uk/site/,image/png,https://www.newcastle.gov.uk/sites/all/themes/ncctheme2014_zurb/favicons/favicon-96x96.png,United Kingdom
https://www.bromley.gov.uk/site/,image/png,https://www.newcastle.gov.uk/sites/all/themes/ncctheme2014_zurb/favicons/android-chrome-192x192.png,United Kingdom
https://www.bromley.gov.uk/site/,image/vnd.microsoft.icon,https://www.newcastle.gov.uk/sites/all/themes/ncctheme2014_zurb/favicons/favicon.ico,United Kingdom
https://www.metoffice.gov.uk,image/x-icon,https://www.bromley.gov.uk/site/favicon.ico,United Kingdom
https://www.metoffice.gov.uk,application/x-javascript,https://secure.quantserve.com/quant.js,Japan
https://www.metoffice.gov.uk,application/json;charset=utf-8,https://beacon.statful.com/beacon/metrics,United States
https://www.gamblingcommission.gov.uk/home.aspx,application/javascript; charset=utf-8,https://platform.twitter.com/widgets.js,United States
https://www.highland.gov.uk,image/png,https://www.gamblingcommission.gov.uk/site-elements/images/icons/favicon.png,United Kingdom
https://www.highland.gov.uk,application/javascript,https://www.browsealoud.com/plus/scripts/ba.js,United States
https://www.highland.gov.uk,application/javascript,https://plus.browsealoud.com/modules/2.5.4/ba-library.min.js,United States
https://www.highland.gov.uk,application/javascript,https://plus.browsealoud.com/modules/2.5.4/ba-library-ui.min.js,United States
https://www.highland.gov.uk,application/x-javascript,https://plus.browsealoud.com/js/urlinfo/www.highland.gov.uk.js,United States
https://www.scotlandspeople.gov.uk,image/x-icon,https://www.highland.gov.uk/site/favicon.ico,United Kingdom
https://www.coventry.gov.uk,image/png,https://www.scotlandspeople.gov.uk/favicon-32x32.png?v=1540393635,United Kingdom
https://www.coventry.gov.uk,image/png,https://www.scotlandspeople.gov.uk/favicon-16x16.png?v=1540393635,United Kingdom
https://www.coventry.gov.uk,image/vnd.microsoft.icon,https://www.scotlandspeople.gov.uk/sites/all/themes/ScotlandsPeople/favicon.ico,United Kingdom
https://www.coventry.gov.uk,image/vnd.microsoft.icon,https://www.scotlandspeople.gov.uk/favicon.ico?v=1540393635,United Kingdom
https://www.coventry.gov.uk,image/vnd.microsoft.icon,https://www.scotlandspeople.gov.uk/favicon.ico?v=1540393635,United Kingdom
https://www.coventry.gov.uk,application/javascript,https://www.browsealoud.com/plus/scripts/ba.js,United States
https://www.coventry.gov.uk,application/javascript,https://plus.browsealoud.com/modules/2.5.4/ba-library.min.js,United States
https://www.coventry.gov.uk,application/javascript,https://plus.browsealoud.com/modules/2.5.4/ba-library-ui.min.js,United States
https://www.coventry.gov.uk,application/javascript; charset=utf-8,https://coventrycc.disqus.com/count.js,United States
https://www.coventry.gov.uk,image/gif,https://uk1.siteimprove.com/image.aspx?url=https%3A%2F%2Fwww.coventry.gov.uk%2F&title=Coventry%20City%20Council%20Homepage&res=1280x800&accountid=368743&rt=3809&prev=1540827393684&luid=89470ae0-1f50-e19e-a1c7-0615e659eb13&rnd=5729,United Kingdom
https://www.coventry.gov.uk,application/x-javascript,https://plus.browsealoud.com/js/urlinfo/www.coventry.gov.uk.js,United States
https://www.coventry.gov.uk,image/gif,https://plus.browsealoud.com/modules/2.5.4/images/launchpads/0/grey-fg.gif,United States
https://www.mi5.gov.uk,image/x-icon,https://www.coventry.gov.uk/site/favicon.ico,United Kingdom
https://www.cps.gov.uk,application/json,https://apikeys.civiccomputing.com/c/v?d=www.cps.gov.uk&p=CookieControl%20Multi-Site&v=8&k=8704fbe51005d5bdadef489a0d059936e8063924&format=json,United Kingdom
