https://www.pole-emploi.fr/accueil/,application/javascript; charset=utf-8,https://tag.aticdn.net/475540/smarttag.js,United States
https://www.pole-emploi.fr/accueil/,application/javascript,https://appdynamics.pole-emploi.fr/scripts/adrum-4.5.5.1766.js,France
https://www.pole-emploi.fr/accueil/,image/gif,https://engage.commander1.com/reach?tc_firsttime=1&tc_s=4340,France
https://www.laposte.fr,application/javascript,https://appdynamics.pole-emploi.fr/scripts/adrum-ext.1e7ae776e98edf9dbe67b04f7583da9a.js,France
https://www.laposte.fr,image/gif,https://engage.commander1.com/reach?tc_s=1491,France
https://www.laposte.fr,text/javascript,https://secure-assets.rubiconproject.com/utils/xapi/multi-sync.js,Netherlands
https://www.laposte.fr,text/javascript,https://secure-assets.rubiconproject.com/utils/xapi/multi-sync.js,Netherlands
https://www.laposte.fr,image/gif,https://privacy.commander1.com/privacyHit.php?id=1&site=1491&version=007&id_privacy=1&privacy_action=V&TCPID=119461311224397799948&tc_optout=1&rand=0.01269501437232079,France
https://www.laposte.fr,image/gif,https://ads.stickyadstv.com/data-registering?dataProviderId=706&,Taiwan
https://www.laposte.fr,image/gif,https://ads.stickyadstv.com/data-registering?dataProviderId=706&,Taiwan
https://www.laposte.fr,application/json,https://i2-xjwkcjdqvdtyklvwxxwakspvkwugpc.init.cedexis-radar.net/i2/1/11074/j1/20/112/1555737083/0/0/providers.json?imagesok=1&n=1&p=1&r=1&t=1,United States
https://www.laposte.fr,image/gif,https://logs4.xiti.com/hit.xiti?s=502841&ts=1555737082519&idclient=03a0b0e9-0910-46c6-b5b8-2e440d4b41cd&vtag=5.15.0&ptag=js&r=1280x800x24x24&re=800x600&hl=13x11x22&lng=en-US&idp=1311226392882&jv=0&an=224088289&p=accueil_portail_particuliers&s2=1&vrn=1&x7=https%3A%2F%2Fwww.laposte.fr%2F&x8=[non]&x9=[non]&x11=[non]&x13=[non]&ptype=1-1-6&ref=,France
https://www.laposte.fr,image/gif,https://logs4.xiti.com/hit.xiti?s=502841&ts=1555737082594&idclient=03a0b0e9-0910-46c6-b5b8-2e440d4b41cd&vtag=5.15.0&ptag=js&r=1280x800x24x24&re=800x600&hl=13x11x22&lng=en-US&an=224088289&ati=INT-71-[p1_slider_jeu_new2_part]||&type=AT,France
https://www.laposte.fr,image/gif,https://logs4.xiti.com/hit.xiti?s=502841&ts=1555737082602&idclient=03a0b0e9-0910-46c6-b5b8-2e440d4b41cd&vtag=5.15.0&ptag=js&r=1280x800x24x24&re=800x600&hl=13x11x22&lng=en-US&an=224088289&ati=PUB-display-[HomePage-accueil_portail_particuliers]-[regie-adverline]-[0x14]-[]-[]-[]-&type=AT,France
https://www.laposte.fr,image/gif,https://logs4.xiti.com/hit.xiti?s=502841&ts=1555737082604&idclient=03a0b0e9-0910-46c6-b5b8-2e440d4b41cd&vtag=5.15.0&ptag=js&r=1280x800x24x24&re=800x600&hl=13x11x22&lng=en-US&an=224088289&ati=PUB-display-[HomePage-accueil_portail_particuliers]-[regie-adverline]-[0x11]-[]-[]-[]-&type=AT,France
https://www.laposte.fr,image/gif,https://logs4.xiti.com/hit.xiti?s=502841&ts=1555737082606&idclient=03a0b0e9-0910-46c6-b5b8-2e440d4b41cd&vtag=5.15.0&ptag=js&r=1280x800x24x24&re=800x600&hl=13x11x22&lng=en-US&an=224088289&ati=PUB-display-[HomePage-accueil_portail_particuliers]-[regie-adverline]-[0x14]-[]-[]-[]-&type=AT,France
https://www.laposte.fr,text/javascript,https://adverline-s.nuggad.net/rc?nuggn=1427996861&nuggsid=17141806&nuggrid=https%3A%2F%2Fwww.laposte.fr%2F,Germany
https://www.laposte.fr,image/gif,https://ads.stickyadstv.com/data-registering?dataProviderId=706&d1=1&d10=9&d11=9&d12=9&d2=9&d13=9&d3=9&d4=9&d7=9&d8=9&d9=9&i9=9&i46=9&i21=9&i13=9&i3=9&i10=9&i11=9&i20=9&i17=9&i18=9&i15=9&i36=9&i1=9&i14=9&i44=9&i28=9&i42=9&i26=9&i27=9&i8=9&i29=9&i23=9&a5=9&a9=9&a1=9&a20=9&a2=9&a10=9&a7=9&a8=9&a12=9&a18=9&a6=9&a11=9&a14=9&a16=9&a17=9&a21=9&a13=9&a15=9&a3=9&a4=9&a22=9&i48=9&i12=9&i16=9&g1=9&g2=9&g3=9&g4=9&g5=9&n1=9&n2=9&n3=9&n4=9&n5=9&n6=9&n7=9&n8=9&n9=9&f2=1&h1=0&h2=0&h3=0&h4=0&h5=0&h6=0&h7=0&h8=0&h9=0&h10=0&h11=0&h12=0&h13=0&h14=0&h15=0&h16=0&h17=0&ex=9&eb=9&ad=9&sb=9&on=9&dd=9&ds=9&dp=9&hm_eat=0&hm_afd=0&hm_acimp=0&hm_pmg=0&hm_penv=0&hm_fasl=0,Taiwan
https://www.laposte.fr,image/gif,https://pixel.rubiconproject.com/tap.php?v=39422|1||39424|0||39426|0||39428|0||39430|0||39432|0||39434|0||39436|0||39438|0||39440|0||39442|0||39444|0||39446|0||39448|0||39450|0||39452|0||39454|0||39456|0||60656|0||39458|0||39460|0||39462|0||39464|0||39466|0||39468|0||43666|0||43664|0||43668|0||39470|0||39472|0||39474|0||39476|0||39478|0||39480|0||39482|0||39484|0||39486|0||39488|0||39490|0||39492|0||39494|0||39496|0||39498|0||39500|0||39502|0||39504|0||39506|0||39508|0||39510|0||39512|0||39514|0||39516|0||39518|0||39520|0||39522|0||39524|0||39526|0||39528|0||39530|0||39532|0||39534|0||39536|0||39538|0||39540|0||39542|0||39544|0||39546|0||39548|0||39550|0||39552|0||39554|0||39556|0||39558|0||39560|0||39562|0||39564|0||39566|0||39568|0||39570|0||39572|0||39574|0||39576|0||39578|0||39580|0||39582|0||39584|0||39586|0||39588|0||39590|0||39592|0||39594|0||39596|0||39598|0||39600|0||39602|0||39604|0||39606|0||39608|0||39610|0||39612|0||39614|0||39616|0||39618|0||39620|0||39622|0||39624|0||39626|0||39628|0||39630|0||39632|0||39634|0||39636|0||39638|0||39640|0||39642|0||39644|0||39646|0||39648|0||39650|0||39652|0||39654|0||39656|0||39658|0||39660|0||39662|0||39664|0||39666|0||39668|0||39670|0||39672|0||39674|0||39676|0||39678|0||39680|0||39682|0||39684|0||39686|0||39688|0||39690|0||39692|0||39694|0||39696|0||39698|0||39700|0||39702|0||39704|0||39706|0||39708|0||39710|0||39712|0||39714|0||39716|0||39718|0||39720|0||39722|0||39724|0||39726|0||39728|0||39730|0||39732|0||39734|0||39736|0||39738|0||39740|0||39742|0||39744|0||39746|0||39748|0||39750|0||39752|0||39754|0||39756|0||39758|0||39760|0||39762|0||39764|0||39766|0||39768|0||39774|0||39776|0||39770|0||39772|0||39778|0||39780|0||39782|0||39784|0||39786|0||39788|0||39790|0||39792|0||39794|0||39796|0||39798|0||39800|0||39802|0||39804|0||39806|0||39808|0||39810|0||39812|0||39814|0||39816|0||39818|0||39820|0||39822|0||39824|0||39826|0||39828|0||39830|0||39832|0||39834|0||39836|0||39838|0||39840|0||39842|0||39844|0||39846|1||39848|0||39850|0||39852|0||39854|0||39856|0||39858|0||39860|0||39862|0||39864|0||39876|0||39878|0||39880|0||39882|0||39884|0||39886|0||39888|0||39890|0||39892|0||39894|0||39896|0||39898|0||39900|0||39902|0||39904|0||39906|0||39908|0||332342|0||332346|0||332348|0||332350|0||332352|0||332354|0||332356|0||332358|0||332360|0||332362|0||332364|0||332366|0||332368|0||332370|0||332372|0||332374|0||332376|0||332378|0||332380|0||332382|0||332384|0||332386|0||332388|0||332390|0||332392|0||332394|0||332396|0||332398|0||332400|0||332402|0||332404|0||332406|0||332408|0||332410|0||332412|0||367282|0||367284|0||367286|0||367288|0||367290|0||367292|0||367294|0||367296|0||367298|0||367300|0||367302|0||367304|0||367306|0||367308|0||367310|0||367312|0||367314|0||39874|0||45684|0||45690|0||45688|0||45692|0||45694|0||446472|0||446470|0||446482|0||446480|0||446478|0||446474|0||486790|0||486792|0||486796|0||486798|0||486800|0||486802|0||486804|0||486806|0||486892|0||486894|0||486896|0||486972|0||486974|0||486960|0||486964|0||486980|0||486946|0||486956|0||486966|0||486970|0||486962|1||486944|0||486954|0||486982|0||486948|0||486976|0||486952|0||486978|0||486968|0||486950|0||486958|0||486808|0||486810|0||486812|0||486814|0||486816|0||486818|0||486820|0||486822|0||486824|0||486826|0||486828|0||486830|0||486832|0||486834|0||486836|0||486838|0||486840|0||486846|0||486848|0||486850|0||486852|0||486854|0||486856|0||486858|0||486860|0||486862|0||486864|0||486866|0||486868|0||486870|0||486872|0||486874|0||486876|0||486878|0||486880|0||486882|0||486884|0||486886|0||486888|0||486890|0||486898|0||486900|0||486902|0||486904|0||486906|0||486908|0||486918|0||486922|0||486920|0||486916|0||486910|0||486912|0||486914|0||486930|0||486932|0||486934|0||486936|0||486938|0||486940|0||486942|0||486924|0||486926|0||486928|0||487022|0||487028|0||487024|0||487026|0||487030|0||487082|0||487088|0||487084|0||487086|0||487090|0||487000|0||486994|0||487008|0||487004|0||487006|0||487010|0||486996|0||486998|0||487012|0||487002|0||487054|0||487050|0||487064|0||487062|0||487058|0||487060|0||487068|0||487066|0||487052|0||487070|0||487056|0||487092|0||487032|0||486988|0||486984|0||486986|0||486990|0||486992|0||487036|0||487048|0||487040|0||487042|0||487034|0||487038|0||487046|0||487044|0||487014|0||487072|0||487018|0||487020|0||487016|0||487076|0||487078|0||487080|0||487074|0,Hong Kong
https://www.laposte.fr,image/gif,"https://secure.adnxs.com/seg?add_code=al_d1:1,al_d11:2,al_d2:10,al_f2:1,al_g1:2,al_g2:2,al_g3:1,al_g4:1,al_g5:2,al_n1:2,al_n2:1,al_n3:2,al_n4:1,al_n5:2,al_n6:2,al_n7:1,al_n8:2,al_n9:2,al_h1:0,al_h2:0,al_h3:0,al_h4:0,al_h5:0,al_h6:0,al_h7:0,al_h8:0,al_h9:0,al_h10:0,al_h11:0,al_h12:0,al_h13:0,al_h14:0,al_h15:0,al_h16:0,al_h17:0,al_zhs10:1&member=1058",Singapore
https://www.laposte.fr,image/png,https://ea.celio.com/dynview/celio/1x1.b?eaf-publisher=kwanko&eaf-name=display_pantalon&eaf-creative=459739&eaf-creativetype=1x1&eseg-name=banner&eseg-item=display&ea-rnd=[RANDOM],France
https://www.laposte.fr,application/json,https://fastlane.rubiconproject.com/a/api/fastlane.json?account_id=10677&site_id=45066&zone_id=1163260&size_id=14&p_pos=unknown&rf=laposte.fr&tg_i.sections=w250%2Ch250%2Clang_fr%2Chome%2Cno_cookie%2Cgeoip_tw_03_&tk_flint=pbjs_lite_v2.9.0&x_source.tid=1dbb1dba-fe43-4091-9a99-3da14aa135b8&p_screen_res=1280x800&rp_floor=0.01&rp_secure=1&slots=1&rand=0.5187586848970664,Hong Kong
https://www.laposte.fr,application/json; charset=UTF-8,https://ad.360yield.com/ul_cb/hb?jsonp=%7B%22bid_request%22%3A%7B%22id%22%3A%227054950f8d1851%22%2C%22version%22%3A%225.1.0-JS-5.3.0%22%2C%22imp%22%3A%5B%7B%22id%22%3A%224e5facfd2c940a%22%2C%22currency%22%3A%22EUR%22%2C%22pid%22%3A%2212063455%22%2C%22tid%22%3A%221dbb1dba-fe43-4091-9a99-3da14aa135b8%22%2C%22banner%22%3A%7B%7D%7D%5D%7D%7D,Singapore
https://www.laposte.fr,image/jpg;charset=UTF-8,https://token.rubiconproject.com/khaos.jpg,Hong Kong
https://www.laposte.fr,application/javascript,https://s3.amazonaws.com/cdx-radar/01-11074-radar10.min.js,United States
https://www.rfi.fr,application/json; charset=utf-8,https://ib.adnxs.com/ut/v3/prebid,Singapore
https://www.rfi.fr,image/gif,https://pixel.rubiconproject.com/tap.php?v=7751&nid=2249&expires=30&put=CAESEMpIvlNn7d-3gtBRo1MEnE0&google_cver=1,Hong Kong
https://www.rfi.fr,image/gif,https://pixel.rubiconproject.com/tap.php?v=4222&nid=1512&put=9ad35cba-a8c4-4c00-9bab-6d9a2d63f67e,Hong Kong
https://www.rfi.fr,image/gif,https://pixel.rubiconproject.com/tap.php?v=8981&nid=2307&put=18c731ba-84b4-440f-b65e-ce8413a97442&expires=30,Hong Kong
https://www.rfi.fr,image/gif,https://pixel.rubiconproject.com/tap.php?v=31950&nid=2974&put=1478583991457609505,Hong Kong
https://www.rfi.fr,application/javascript; charset=utf-8,https://platform.twitter.com/widgets.js,United States
https://www.rfi.fr,application/javascript; charset=utf-8,https://nexus.ensighten.com/francemm/rfi/Bootstrap.js,Japan
https://www.rfi.fr,application/javascript; charset=utf-8,https://platform.twitter.com/js/moment~timeline~tweet.6e5b62723488aee38af0c77681396a5b.js,United States
https://www.rfi.fr,application/javascript; charset=utf-8,https://platform.twitter.com/js/timeline.4c6ab682148a0366f9efb1647a3f4799.js,United States
https://www.rfi.fr,text/javascript,https://nexus.ensighten.com/francemm/rfi/serverComponent.php?r=457228231.491988&ClientID=1953&PageID=https%3A%2F%2Fwww.rfi.fr%2F,Japan
https://www.rfi.fr,application/javascript; charset=utf-8,https://nexus.ensighten.com/francemm/rfi/code/e91af5d010af8adff776afc0ffd60694.js?conditionId0=422703,Japan
https://www.rfi.fr,application/javascript; charset=utf-8,https://nexus.ensighten.com/francemm/rfi/code/9275f05bc624aa874650d82ae2e9fc70.js?conditionId0=648327,Japan
https://www.rfi.fr,application/javascript; charset=utf-8,https://nexus.ensighten.com/francemm/rfi/code/5c3a97a364adf8ae2346b673dbaf8933.js?conditionId0=505569,Japan
https://www.rfi.fr,text/css; charset=utf-8,https://platform.twitter.com/css/timeline.0940efb0bc0eb82a2de893b3e7b414bf.light.ltr.css,United States
https://www.rfi.fr,text/css; charset=utf-8,https://platform.twitter.com/css/timeline.0940efb0bc0eb82a2de893b3e7b414bf.light.ltr.css,United States
https://www.impots.gouv.fr,image/gif,https://logs1187.xiti.com/hit.xiti?s=588396&ts=1555737090069&idclient=e86bc357-be16-4c2c-8bc4-b7c9e2114c55&vtag=5.10.1&ptag=js&r=1280x800x24x24&re=800x600&hl=13x11x30&lng=en-US&idp=1311292454390&jv=0&p=erreur::erreur_503::&s2=1&x1=[EN]&x2=1&x3=[https://www.rfi.fr/]&x6=[erreur]&x7=[erreur.503]&x8=20190320&x14=[RFI%20is%20temporarily%20unavailable]&x15=[rfi]&x16=503&x17=[interne]&x18=0&stc=%7B%22device%22%3A%22desktop%22%7D&ref=,France
https://www.france.tv,application/javascript,https://staticftv-a.akamaihd.net/pom/gin-templates/v1.13.0/dist/gin.js,Taiwan
https://www.france.tv,application/javascript,https://tag.aticdn.net/smarttag.js,United States
https://www.france.tv,text/javascript; charset=utf-8,https://cdns.gigya.com/JS/gigya.js?apikey=3_1UVV83m_9BIzYs1z_EzYR-OdACvYSmuOET8okPHXG_ixlVCPlUpwRWK1rvN_kINm&lang=fr,Taiwan
https://www.france.tv,image/gif,https://logs1238.xiti.com/hit.xiti?s=578442&idclient=3079ac39-9afe-4bc2-8f9f-e3a09c784efd&ts=1555737102184&vtag=5.17.1&ptag=js&r=1280x800x24x24&re=800x600&hl=13x11x42&lng=en-US&idp=1311428930181&jv=0&x6=2&x16=[www.france.tv/]&p=home::servicielle::accueil&s2=1&ref=,France
https://www.france.tv,text/javascript;charset=ISO-8859-1,"https://bam.nr-data.net/1/5c9e83999b?a=54653985&v=1118.0c07c19&to=YQNabUBSWUcHAE0IWlhJeVpGWlhaSSVNF1BYMFFdV1xxRgkNTSNAWAJUXAhwWFoSBlcVD0YUUVRXQA%3D%3D&rst=4121&ref=https://www.france.tv/&ap=616&be=911&fe=3973&dc=1598&af=err,xhr,stn,ins&perf=%7B%22timing%22:%7B%22of%22:1555737099925,%22n%22:0,%22f%22:0,%22dn%22:1,%22dne%22:98,%22c%22:98,%22s%22:129,%22ce%22:160,%22rq%22:161,%22rp%22:595,%22rpe%22:1162,%22dl%22:603,%22di%22:1598,%22ds%22:1598,%22de%22:1600,%22dc%22:3972,%22l%22:3973,%22le%22:3996%7D,%22navigation%22:%7B%7D%7D&at=TURZGwhISkk%3D&jsonp=NREUM.setToken",United States
https://www.edf.fr,application/x-javascript,https://munchkin.marketo.net/munchkin.js,Netherlands
https://www.edf.fr,application/x-javascript,https://munchkin.marketo.net/155/munchkin.js,Netherlands
https://www.edf.fr,image/gif,https://engage.commander1.com/reach?tc_s=1922,France
https://www.diplomatie.gouv.fr/fr/,image/gif,https://logs4.xiti.com/hit.xiti?s=129864&ts=1555737114229&vtag=5.5.0&ptag=js&r=1280x800x24x24&re=800x600&hl=13x11x54&lng=en-US&idp=1311542531664&jv=0&p=page_accueil_fr&s2=&ref=,France
https://www.legifrance.gouv.fr,image/gif,https://logs4.xiti.com/hit.xiti?s=124093&s2=1&p=Accueil&vrn=1&ac=&an=&lng=en-US&idp=1312043602475&jv=0&re=800x600&vtag=4.6.4-3.3.2&hl=13x12x4&r=2560x1600x24x24&rn=1555737124659&ref=,France
https://www.paris.fr,application/javascript; charset=utf-8,https://platform.twitter.com/widgets.js,United States
https://www.paris.fr,application/javascript; charset=utf-8,https://code.jquery.com/jquery-2.1.4.min.js,United States
https://www.paris.fr,application/javascript; charset=utf-8,https://platform.twitter.com/js/moment~timeline~tweet.6e5b62723488aee38af0c77681396a5b.js,United States
https://www.paris.fr,application/javascript; charset=utf-8,https://platform.twitter.com/js/tweet.2b7769d244a8dfeb3ab9d97583412dec.js,United States
https://www.paris.fr,text/css; charset=utf-8,https://platform.twitter.com/css/tweet.0940efb0bc0eb82a2de893b3e7b414bf.light.ltr.css,United States
https://www.paris.fr,text/css; charset=utf-8,https://platform.twitter.com/css/tweet.0940efb0bc0eb82a2de893b3e7b414bf.light.ltr.css,United States
https://www.paris.fr,application/javascript,https://piwik.apps.paris.fr/piwik/piwik.js,France
https://www.archives-ouvertes.fr,text/css,https://static.ccsd.cnrs.fr/css/ccsd.css?1555655196,France
https://www.archives-ouvertes.fr,text/css,https://static.ccsd.cnrs.fr/css/ccsd_form.css?1555655196,France
https://www.archives-ouvertes.fr,text/css,https://static.ccsd.cnrs.fr/css/custom-theme/jquery-ui-1.10.0.custom.css?1555655196,France
https://www.archives-ouvertes.fr,text/css,https://static.ccsd.cnrs.fr/v3/css/bootstrap.min.css?1555655196,France
https://www.archives-ouvertes.fr,application/javascript,https://static.ccsd.cnrs.fr/js/jquery/jquery-1.12.4.min.js?1555655196,France
https://www.archives-ouvertes.fr,application/javascript,https://static.ccsd.cnrs.fr/js/jquery-ui-1.11.4/jquery-ui.min.js?1555655196,France
https://www.archives-ouvertes.fr,application/javascript,https://static.ccsd.cnrs.fr/js/form.js?1555655196,France
https://www.archives-ouvertes.fr,application/javascript,https://static.ccsd.cnrs.fr/v3/js/bootstrap.min.js?1555655196,France
https://www.archives-ouvertes.fr,image/png,https://thumb.ccsd.cnrs.fr/8451430/thumb,France
https://www.archives-ouvertes.fr,image/png,https://thumb.ccsd.cnrs.fr/8451391/thumb,France
https://www.archives-ouvertes.fr,image/png,https://thumb.ccsd.cnrs.fr/8451385/thumb,France
https://www.archives-ouvertes.fr,image/png,https://thumb.ccsd.cnrs.fr/8451367/thumb,France
https://www.archives-ouvertes.fr,image/png,https://thumb.ccsd.cnrs.fr/8451388/thumb,France
https://www.archives-ouvertes.fr,image/png,https://thumb.ccsd.cnrs.fr/8451372/thumb,France
https://www.archives-ouvertes.fr,image/png,https://thumb.ccsd.cnrs.fr/8451375/thumb,France
https://www.archives-ouvertes.fr,image/png,https://thumb.ccsd.cnrs.fr/8451371/thumb,France
https://www.archives-ouvertes.fr,image/png,https://thumb.ccsd.cnrs.fr/8451380/thumb,France
https://www.archives-ouvertes.fr,image/png,https://thumb.ccsd.cnrs.fr/8451386/thumb,France
https://www.archives-ouvertes.fr,application/javascript,https://piwik-hal.ccsd.cnrs.fr/piwik.js,France
https://www.archives-ouvertes.fr,image/gif,https://piwik-hal.ccsd.cnrs.fr/piwik.php?action_name=Archive%20ouverte%20HAL%20-%20Accueil&idsite=17&rec=1&r=419037&h=13&m=12&s=14&url=https%3A%2F%2Fwww.archives-ouvertes.fr%2F&_id=75b93b3d2a776b7d&_idts=1555737134&_idvc=1&_idn=0&_refts=0&_viewts=1555737134&send_image=1&cookie=1&res=1280x800&gt_ms=454&pv_id=pnR0cV,France
https://www.archives-ouvertes.fr,image/gif,https://piwik-hal.ccsd.cnrs.fr/piwik.php?action_name=Archive%20ouverte%20HAL%20-%20Accueil&idsite=92&rec=1&r=639772&h=13&m=12&s=14&url=https%3A%2F%2Fwww.archives-ouvertes.fr%2F&_id=f4044d7c2175eed7&_idts=1555737134&_idvc=1&_idn=0&_refts=0&_viewts=1555737134&send_image=1&cookie=1&res=1280x800&gt_ms=454&pv_id=ZQAw7Z,France
https://www.interieur.gouv.fr,application/javascript; charset=utf-8,https://tag.aticdn.net/445732/smarttag.js,United States
https://www.inria.fr,text/css,https://www.interieur.gouv.fr/extension/ow_miomcti_designs/design/miomcti_public/javascript/tarteaucitron/css/tarteaucitron.css?v=323,United States
https://www.inria.fr,application/javascript,https://www.interieur.gouv.fr/extension/ow_miomcti_designs/design/miomcti_public/javascript/tarteaucitron/lang/tarteaucitron.en.js?v=323,United States
https://www.inria.fr,application/javascript,https://www.interieur.gouv.fr/extension/ow_miomcti_designs/design/miomcti_public/javascript/tarteaucitron/tarteaucitron.services.js?v=323,United States
https://www.inria.fr,application/javascript,https://www.mediego.com/tracker.js,France
https://www.inria.fr,application/javascript,https://piwik.inria.fr/piwik.js,France
https://www.inria.fr,application/json,https://api.mediego.com/1.0/track/visit?referrer=https%3A%2F%2Fwww.inria.fr%2F,France
https://www.inria.fr,image/gif,https://piwik.inria.fr/piwik.php?action_name=Inria%2C%20l%27institut%20national%20de%20recherche%20d%C3%A9di%C3%A9%20aux%20sciences%20du%20num%C3%A9rique&idsite=27&rec=1&r=075689&h=13&m=12&s=36&url=https%3A%2F%2Fwww.inria.fr%2F&_id=78cd311edcaa8d6e&_idts=1555737156&_idvc=1&_idn=0&_refts=0&_viewts=1555737156&send_image=1&cookie=1&res=1280x800&gt_ms=1284&pv_id=NmEyfQ,France
https://www.onisep.fr,image/jpeg,https://oniseptv.onisep.fr/resource/les-metiers-animes-webdesigner/thumbnail/thumb.jpg,France
https://www.onisep.fr,image/jpeg,https://oniseptv.onisep.fr/resource/une-journee-pedagogique-a-thecamp-avec-le-college-g-brassens/thumbnail/thumb.jpg,France
https://www.onisep.fr,image/jpeg,https://oniseptv.onisep.fr/resource/paul-apprenti-en-cap-employe-de-vente-specialise-version-accessible-lsf/thumbnail/thumb.jpg,France
https://www.onisep.fr,image/jpeg,https://oniseptv.onisep.fr/resource/bts-conception-et-realisation-de-systemes-automatiques/thumbnail/thumb.jpg,France
https://www.onisep.fr,image/jpeg,https://oniseptv.onisep.fr/resource/bts-maintenance-des-vehicules-option-voitures-particulieres/thumbnail/thumb.jpg,France
https://www.onisep.fr,image/jpeg,https://librairie.onisep.fr/var/librairie/storage/images/librairie/collections/grand-public/parcours/les-metiers-de-la-montagne/8692251-3-fre-FR/Les-metiers-de-la-montagne.jpg,France
https://www.onisep.fr,image/jpeg,https://librairie.onisep.fr/var/librairie/storage/images/librairie/collections/grand-public/parcours/les-metiers-du-tourisme/8851080-6-fre-FR/Les-metiers-du-tourisme.jpg,France
https://www.onisep.fr,image/jpeg,https://librairie.onisep.fr/var/librairie/storage/images/librairie/collections/grand-public/dossiers/etudier-a-l-etranger/8844365-9-fre-FR/Etudier-a-l-etranger.jpg,France
https://www.onisep.fr,image/jpeg,https://librairie.onisep.fr/var/librairie/storage/images/librairie/collections/grand-public/zoom-sur-les-metiers/les-metiers-au-service-des-autres/8847090-9-fre-FR/Les-metiers-au-service-des-autres.jpg,France
https://www.lassuranceretraite.fr/portail-info/accueil,image/png,https://www.onisep.fr/extension/onistandard/design/standard/images/highslide/graphics/outlines/drop-shadow.png,France
https://www.lassuranceretraite.fr/portail-info/accueil,image/gif,https://www.onisep.fr/bundles/onisepapp/images/highslide/graphics/loader.white.gif,France
https://www.lassuranceretraite.fr/portail-info/accueil,application/x-javascript; charset=utf-8,https://secure.do09.net/js/doa.js,France
https://www.lassuranceretraite.fr/portail-info/accueil,application/x-javascript,https://secure.do09.net/api/WebTrackingService.svc/json/GetCookie/5455?callback=doa.getCookieCallback,France
https://www.infogreffe.fr,application/javascript,https://infogreffe.web2mobile.fr/override/js/web2mobile.js,France
https://www.infogreffe.fr,application/javascript; charset=utf-8,https://platform.twitter.com/widgets.js,United States
https://www.infogreffe.fr,text/javascript; charset=utf-8,https://cdnssl.clicktale.net/www07/ptc/909ab804-99a9-4109-a4bb-0c5fa61aa801.js,United States
https://www.infogreffe.fr,application/javascript; charset=utf-8,https://platform.twitter.com/js/moment~timeline~tweet.6e5b62723488aee38af0c77681396a5b.js,United States
https://www.infogreffe.fr,application/javascript; charset=utf-8,https://platform.twitter.com/js/timeline.4c6ab682148a0366f9efb1647a3f4799.js,United States
https://www.infogreffe.fr,image/gif,https://ib.adnxs.com/getuid?//its.tradelab.fr/?type=tlsync&uuid2=$UID&callback=tl_sync,Singapore
https://www.infogreffe.fr,image/gif,https://ib.adnxs.com/getuid?//its.tradelab.fr/?type=convr&x=1&uuid2=$UID&cdata=%7B%22a%22%3A567631%2C%22l%22%3A%5B%5D%2C%22i%22%3A7%2C%22c%22%3A30%2C%22t%22%3A%22h%22%2C%22m%22%3A%22null%22%2C%22vi%22%3A0%2C%22vc%22%3A0%2C%22hf%22%3A0%2C%22x%22%3A%7B%7D%7D&advid=531602&xur=www.infogreffe.fr%2F&adata=%7B%22c%22%3A%7B%22ref_url%22%3A%22%22%2C%22ref_ts%22%3A1555737201%2C%22page_url%22%3A%22www.infogreffe.fr%2F%22%2C%22dm%22%3A%22infogreffe.fr%22%7D%2C%22v%22%3A%7B%22vis_cnt%22%3A1%2C%22frst_vis_ts%22%3A1555737201%2C%22prev_vis_ts%22%3A1555737201%2C%22curr_vis_ts%22%3A1555737201%2C%22total_page_cnt%22%3A1%2C%22prev_page_cnt%22%3A1%2C%22curr_page_cnt%22%3A1%7D%7D,Singapore
https://www.infogreffe.fr,application/javascript,https://tag.azame.net/tag/script.js,France
https://www.infogreffe.fr,image/gif,https://ib.adnxs.com/getuid?//its.tradelab.fr/?type=convr&x=1&uuid2=$UID&cdata=%7B%22a%22%3A567630%2C%22l%22%3A%5B%5D%2C%22i%22%3A7%2C%22c%22%3A30%2C%22t%22%3A%22h%22%2C%22m%22%3A%22null%22%2C%22vi%22%3A0%2C%22vc%22%3A0%2C%22hf%22%3A0%2C%22x%22%3A%7B%7D%7D&advid=531602&xur=www.infogreffe.fr%2F&adata=%7B%22c%22%3A%7B%22ref_url%22%3A%22%22%2C%22ref_ts%22%3A1555737201%2C%22page_url%22%3A%22www.infogreffe.fr%2F%22%2C%22dm%22%3A%22infogreffe.fr%22%7D%2C%22v%22%3A%7B%22vis_cnt%22%3A1%2C%22frst_vis_ts%22%3A1555737201%2C%22prev_vis_ts%22%3A1555737201%2C%22curr_vis_ts%22%3A1555737201%2C%22total_page_cnt%22%3A1%2C%22prev_page_cnt%22%3A1%2C%22curr_page_cnt%22%3A1%7D%7D,Singapore
https://www.infogreffe.fr,text/css; charset=utf-8,https://platform.twitter.com/css/timeline.0940efb0bc0eb82a2de893b3e7b414bf.light.ltr.css,United States
https://www.infogreffe.fr,image/gif,https://secure.adnxs.com/px?id=567631&t=2,Singapore
https://www.infogreffe.fr,image/gif,https://ib.adnxs.com/getuid?//its.tradelab.fr/?type=convr&x=1&uuid2=$UID&cdata=%7B%22a%22%3A550796%2C%22l%22%3A%5B%5D%2C%22i%22%3A7%2C%22c%22%3A30%2C%22t%22%3A%22h%22%2C%22m%22%3A%22null%22%2C%22vi%22%3A0%2C%22vc%22%3A0%2C%22hf%22%3A0%2C%22x%22%3A%7B%7D%7D&advid=531602&xur=www.infogreffe.fr%2F&adata=%7B%22c%22%3A%7B%22ref_url%22%3A%22%22%2C%22ref_ts%22%3A1555737201%2C%22page_url%22%3A%22www.infogreffe.fr%2F%22%2C%22dm%22%3A%22infogreffe.fr%22%7D%2C%22v%22%3A%7B%22vis_cnt%22%3A1%2C%22frst_vis_ts%22%3A1555737201%2C%22prev_vis_ts%22%3A1555737201%2C%22curr_vis_ts%22%3A1555737201%2C%22total_page_cnt%22%3A1%2C%22prev_page_cnt%22%3A1%2C%22curr_page_cnt%22%3A1%7D%7D,Singapore
https://www.infogreffe.fr,image/gif,https://secure.adnxs.com/px?id=567630&t=2,Singapore
https://www.infogreffe.fr,image/gif,https://secure.adnxs.com/px?id=550796&t=2,Singapore
https://www.infogreffe.fr,text/css; charset=utf-8,https://platform.twitter.com/css/timeline.0940efb0bc0eb82a2de893b3e7b414bf.light.ltr.css,United States
https://www.infogreffe.fr,image/gif,https://ib.adnxs.com/getuid?//its.tradelab.fr/?type=fseg&uuid2=$UID&sid=2979320&val=undefined&fun=587&step=1&siev=2979317&fp=0&advid=531602&isregen=0&ua=Mozilla%252F5.0%2520(Macintosh%253B%2520Intel%2520Mac%2520OS%2520X%252010_12_6)%2520AppleWebKit%252F537.36%2520(KHTML%252C%2520like%2520Gecko)%2520HeadlessChrome%252F73.0.3683.103%2520Safari%252F537.36&ur=https%253A%252F%252Fwww.infogreffe.fr%252F&adata=%7B%22c%22%3A%7B%22ref_url%22%3A%22%22%2C%22ref_ts%22%3A1555737201%2C%22page_url%22%3A%22www.infogreffe.fr%2F%22%2C%22dm%22%3A%22infogreffe.fr%22%7D%2C%22v%22%3A%7B%22vis_cnt%22%3A1%2C%22frst_vis_ts%22%3A1555737201%2C%22prev_vis_ts%22%3A1555737201%2C%22curr_vis_ts%22%3A1555737201%2C%22total_page_cnt%22%3A1%2C%22prev_page_cnt%22%3A1%2C%22curr_page_cnt%22%3A1%7D%7D,Singapore
https://www.infogreffe.fr,image/gif,https://its.tradelab.fr/?type=tlsync_dbm&google_gid=CAESEAnDAaEUhhARpUB5aB5NoDE&google_cver=1,Netherlands
https://www.infogreffe.fr,image/gif,https://secure.adnxs.com/seg?add=2979320&t=2,Singapore
https://www.ina.fr,image/gif,https://ib.adnxs.com/getuid?//its.tradelab.fr/?type=convr&x=1&uuid2=$UID&cdata=%7B%22a%22%3A550797%2C%22l%22%3A%5B%5D%2C%22i%22%3A7%2C%22c%22%3A30%2C%22t%22%3A%22h%22%2C%22m%22%3A%22null%22%2C%22vi%22%3A0%2C%22vc%22%3A0%2C%22hf%22%3A0%2C%22x%22%3A%7B%7D%7D&advid=531602&xur=www.infogreffe.fr%2F&adata=%7B%22c%22%3A%7B%22ref_url%22%3A%22%22%2C%22ref_ts%22%3A1555737201%2C%22page_url%22%3A%22www.infogreffe.fr%2F%22%2C%22dm%22%3A%22infogreffe.fr%22%7D%2C%22v%22%3A%7B%22vis_cnt%22%3A1%2C%22frst_vis_ts%22%3A1555737201%2C%22prev_vis_ts%22%3A1555737201%2C%22curr_vis_ts%22%3A1555737201%2C%22total_page_cnt%22%3A1%2C%22prev_page_cnt%22%3A1%2C%22curr_page_cnt%22%3A1%7D%7D,Singapore
https://www.ina.fr,image/gif,https://secure.adnxs.com/px?id=550797&t=2,Singapore
https://www.ina.fr,image/gif,https://secure.adnxs.com/seg?add=2979321&t=2,Singapore
https://www.ina.fr,image/gif,https://ib.adnxs.com/getuid?//its.tradelab.fr/?type=fseg&uuid2=$UID&sid=2979321&val=undefined&fun=587&step=2&siev=2979318&fp=0&advid=531602&isregen=0&ua=Mozilla%252F5.0%2520(Macintosh%253B%2520Intel%2520Mac%2520OS%2520X%252010_12_6)%2520AppleWebKit%252F537.36%2520(KHTML%252C%2520like%2520Gecko)%2520HeadlessChrome%252F73.0.3683.103%2520Safari%252F537.36&ur=https%253A%252F%252Fwww.infogreffe.fr%252F&adata=%7B%22c%22%3A%7B%22ref_url%22%3A%22%22%2C%22ref_ts%22%3A1555737201%2C%22page_url%22%3A%22www.infogreffe.fr%2F%22%2C%22dm%22%3A%22infogreffe.fr%22%7D%2C%22v%22%3A%7B%22vis_cnt%22%3A1%2C%22frst_vis_ts%22%3A1555737201%2C%22prev_vis_ts%22%3A1555737201%2C%22curr_vis_ts%22%3A1555737201%2C%22total_page_cnt%22%3A1%2C%22prev_page_cnt%22%3A1%2C%22curr_page_cnt%22%3A1%7D%7D,Singapore
https://www.ina.fr,text/javascript; charset=utf-8,https://jwpsrv.com/library/6KlC0py3EeS2Qg4AfQhyIQ.js?v=r7561,United States
https://www.ina.fr,text/javascript,https://player.ina.fr/js/inaHtml5Player.min.js?v=r7561,France
https://www.ina.fr,text/css; charset=UTF-8,https://player.ina.fr/player/inaPlayerHtml5.css?v=r7561,France
https://www.ina.fr,application/javascript,https://js.himediads.com/js?lang=fr&s=ina.fr&z=homepage&d=6077893848,France
https://www.ina.fr,application/javascript,https://c.amazon-adsystem.com/aax2/amzn_ads.js,United States
https://www.ina.fr,text/javascript;charset=UTF-8,https://aax.amazon-adsystem.com/e/dtb/bid?src=3047&u=https%3A%2F%2Fwww.ina.fr%2F&cb=3590584&gdprl=%7B%22status%22%3A%22cmp-error%22%7D,Singapore
https://www.ina.fr,application/x-javascript,https://a248.e.akamai.net/appnexus.download.akamai.com/89298/adnexus-prod/megatag/2.0.1/megatag.js,United States
https://www.ina.fr,application/javascript; charset=utf-8,https://platform.twitter.com/widgets.js,United States
https://www.ina.fr,application/x-javascript,https://a248.e.akamai.net/appnexus.download.akamai.com/89298/adnexus-prod/blank.js?0.5912835411119899,United States
https://www.ina.fr,application/javascript; charset=utf-8,https://secure.adnxs.com/mtj?member=884&mtjtag0=adnxs_tag_840.5639621558494&mtjparams0=size%3D728x90%26hmCount%3D1%26hmPlacementBySizeCount%3D1%26inv_code%3Dina.fr-homepage%26promo_sizes%3D1x1%26allowed_media_types%3D1%2C8%26position%3Dunknown%26visi%3Dunknown%26requestKey%3D884ina.fr-homepage%26iframesPopulated%3Dfalse%26iframesPopulationFailed%3Dfalse%26fcp_target%3DA&mtjntags=1&exclusive=false&placements_loaded=1,Singapore
https://www.inist.fr,application/x-javascript,https://www.amendes.gouv.fr/app/main.js?v=2.1.4_20181221111839,France
https://www.inist.fr,application/x-javascript,https://www.amendes.gouv.fr/node_modules/@angular/platform-browser-dynamic/bundles/platform-browser-dynamic.umd.js,France
https://www.inist.fr,application/x-javascript,https://www.amendes.gouv.fr/app/tai.module.js?v=2.1.4_20181221111839,France
https://www.inist.fr,application/x-javascript,https://www.amendes.gouv.fr/node_modules/@angular/compiler/bundles/compiler.umd.js,France
https://www.inist.fr,application/x-javascript,https://www.amendes.gouv.fr/node_modules/@angular/core/bundles/core.umd.js,France
https://www.inist.fr,application/x-javascript,https://www.amendes.gouv.fr/node_modules/@angular/platform-browser/bundles/platform-browser.umd.js,France
https://www.inist.fr,application/x-javascript,https://www.amendes.gouv.fr/node_modules/@angular/http/bundles/http.umd.js,France
https://www.inist.fr,application/x-javascript,https://www.amendes.gouv.fr/node_modules/ng2-bootstrap/bundles/ng2-bootstrap.umd.js,France
https://www.inist.fr,application/x-javascript,https://www.amendes.gouv.fr/node_modules/ng2-translate/bundles/ng2-translate.umd.js,France
https://www.inist.fr,application/x-javascript,https://www.amendes.gouv.fr/app/tai.routing.js?v=2.1.4_20181221111839,France
https://www.inist.fr,application/x-javascript,https://www.amendes.gouv.fr/app/commons/commons.module.js?v=2.1.4_20181221111839,France
https://www.inist.fr,application/javascript; charset=utf-8,https://platform.twitter.com/widgets.js,United States
https://www.inist.fr,application/javascript; charset=utf-8,https://platform.twitter.com/js/timeline.4c6ab682148a0366f9efb1647a3f4799.js,United States
https://www.inist.fr,application/javascript; charset=utf-8,https://platform.twitter.com/js/moment~timeline~tweet.6e5b62723488aee38af0c77681396a5b.js,United States
https://www.inist.fr,text/css; charset=utf-8,https://platform.twitter.com/css/timeline.0940efb0bc0eb82a2de893b3e7b414bf.light.ltr.css,United States
https://www.inist.fr,text/css; charset=utf-8,https://platform.twitter.com/css/timeline.0940efb0bc0eb82a2de893b3e7b414bf.light.ltr.css,United States
https://www.inist.fr,application/javascript,https://piwik2.inist.fr/piwik.js,France
https://www.inist.fr,image/gif,https://piwik2.inist.fr/piwik.php?action_name=Inist%20-%20Institut%20de%20l%27Information%20Scientifique%20et%20Technique%20%7C%20CNRS&idsite=5&rec=1&r=017479&h=13&m=13&s=52&url=https%3A%2F%2Fwww.inist.fr%2F&_id=faefe579700c65b2&_idts=1555737232&_idvc=1&_idn=0&_refts=0&_viewts=1555737232&send_image=1&cookie=1&res=1280x800&gt_ms=1019&pv_id=9uSW8d,France
https://www.economie.gouv.fr,application/javascript,https://dcinfos.abtasty.com/geolocAndWeather.php?chID=a513b8f61404f9eb2dbf3bd8922842d2&weather=false&dmp=false&vID=19042013140507351&callback=DCInfosCallback,Singapore
https://www.economie.gouv.fr,application/x-javascript,https://tracker.quadran.eu/qa-combined.js,France
https://www.economie.gouv.fr,image/gif,https://logs4.xiti.com/hit.xiti?s=483556&s2=1&p=accueil_portail&vrn=1&ac=&an=&lng=en-US&idp=1314051911591&jv=0&re=800x600&vtag=4.7.0-3.3.2&hl=13x14x5&r=2560x1600x24x24&rn=1555737245378&ref=,France
https://www.statistiques.developpement-durable.gouv.fr,image/gif,https://logs1409.xiti.com/hit.xiti?s=601317&ts=1555737250835&vtag=5.15.0&ptag=js&r=1280x800x24x24&re=800x600&hl=13x14x10&lng=en-US&idp=1314107626810&jv=0&p=Accueil&s2=&ref=,France
https://www.defense.gouv.fr,image/jpeg,https://i.calameoassets.com/190326172258-4256faa13fc329c4579d563310d777c9/large.jpg,United States
https://www.defense.gouv.fr,image/gif,http://logp4.xiti.com/hit.xiti?s=130831&s2=1&p=&hl=13x44x46&vrn=1&lng=en-US&vtag=40001&idp=1344464160473&jv=0&r=1280x800x24x24&re=800x600&ref=https://www.defense.gouv.fr/&Rdt=On,France
https://www.forumpro.fr,application/javascript; charset=utf-8,https://code.jquery.com/jquery-3.3.1.min.js,United States
https://www.sciencespo.fr,application/javascript; charset=utf-8,https://platform.twitter.com/widgets.js,United States
https://www.sciencespo.fr,application/x-javascript;charset=utf-8,https://snap.licdn.com/li.lms-analytics/insight.min.js,Taiwan
https://www.sciencespo.fr,application/javascript; charset=utf-8,https://secure.adnxs.com/px?id=934295&t=1,United States
https://www.sciencespo.fr,application/javascript,https://pixels.dsp.theadtech.com/pixel?add=184,France
https://www.sciencespo.fr,image/gif,https://rtb-csync.smartadserver.com/redir/?partnerid=103&partneruserid=a5qSJx0M0A9,Canada
https://www.sciencespo.fr,image/gif,https://tags.bluekai.com/site/38310?id=qDXqekrM2PR7wVbRJozPPEuwCLFsJtuk4zhM44Zz8nc%3D&redir=,Netherlands
https://www.ac-caen.fr,image/png,https://www.sciencespo.fr/sites/all/themes/SPresponsive/images/fleche-teaser.png,France
https://www.ac-caen.fr,image/png,https://www.sciencespo.fr/sites/all/themes/SPresponsive/images/fleches-carrousel-G.png,France
https://www.ac-caen.fr,image/png,https://www.sciencespo.fr/sites/all/themes/SPresponsive/images/fleches-carrousel-D.png,France
https://www.ac-caen.fr,image/png,https://www.sciencespo.fr/sites/default/files/taxo/ilssengagent.png,France
https://www.ac-caen.fr,image/png,https://www.sciencespo.fr/sites/default/files/taxo/mooc.png,France
https://www.fonction-publique.gouv.fr,image/png,https://www.ac-caen.fr/wp-content/themes/academie/lib/highslide/graphics/outlines/drop-shadow.png,France
https://www.fonction-publique.gouv.fr,image/gif,https://www.ac-caen.fr/wp-content/themes/academie/lib/highslide/graphics/loader.white.gif,France
https://www.fonction-publique.gouv.fr,text/javascript,https://www.ac-caen.fr/wp-content/themes/academie//js/masonry.pkgd.min.js?v=3.2.2&_=1555739119155,France
https://www.fonction-publique.gouv.fr,application/javascript; charset=utf-8,https://platform.twitter.com/widgets.js,United States
https://www.fonction-publique.gouv.fr,application/javascript; charset=utf-8,https://platform.twitter.com/js/moment~timeline~tweet.6e5b62723488aee38af0c77681396a5b.js,United States
https://www.fonction-publique.gouv.fr,image/gif,https://logs4.xiti.com/hit.xiti?s=489214&s2=13&p=accueil_portail&hl=13x45x29&vrn=1&ac=&an=&lng=en-US&vtag=43003-32001&idp=13452935724&jv=0&r=1280x800x24x24&re=800x600&ref=,France
https://www.fonction-publique.gouv.fr,application/javascript; charset=utf-8,https://platform.twitter.com/js/timeline.4c6ab682148a0366f9efb1647a3f4799.js,United States
https://www.fonction-publique.gouv.fr,text/css; charset=utf-8,https://platform.twitter.com/css/timeline.0940efb0bc0eb82a2de893b3e7b414bf.light.ltr.css,United States
https://www.fonction-publique.gouv.fr,text/css; charset=utf-8,https://platform.twitter.com/css/timeline.0940efb0bc0eb82a2de893b3e7b414bf.light.ltr.css,United States
https://www.modernisation.gouv.fr,application/javascript,https://ws.sharethis.com/button/buttons.js,United States
https://www.modernisation.gouv.fr,application/javascript; charset=utf-8,https://platform.twitter.com/widgets.js,United States
https://www.modernisation.gouv.fr,application/javascript,https://ws.sharethis.com/button/async-buttons.js,United States
https://www.modernisation.gouv.fr,text/css,https://ws.sharethis.com/button/css/buttons-secure.css,United States
https://www.modernisation.gouv.fr,application/javascript; charset=utf-8,https://platform.twitter.com/js/moment~timeline~tweet.6e5b62723488aee38af0c77681396a5b.js,United States
https://www.modernisation.gouv.fr,application/javascript; charset=utf-8,https://platform.twitter.com/js/timeline.4c6ab682148a0366f9efb1647a3f4799.js,United States
https://www.modernisation.gouv.fr,application/javascript,https://ws.sharethis.com/button/p.js,United States
https://www.modernisation.gouv.fr,application/javascript,https://t.sharethis.com/1/d/t.dhj?rnd=1555739146745&cid=c010&dmn=www.modernisation.gouv.fr,United States
https://www.modernisation.gouv.fr,text/javascript,https://t.sharethis.com/0.243.10378/a/t_.js?cid=c010,United States
https://www.modernisation.gouv.fr,text/css; charset=utf-8,https://platform.twitter.com/css/timeline.0940efb0bc0eb82a2de893b3e7b414bf.light.ltr.css,United States
https://www.modernisation.gouv.fr,text/css; charset=utf-8,https://platform.twitter.com/css/timeline.0940efb0bc0eb82a2de893b3e7b414bf.light.ltr.css,United States
https://www.modernisation.gouv.fr,image/gif,https://logs4.xiti.com/hit.xiti?s=259159&s2=&p=Modernisation&hl=13x45x46&lng=en-US&r=1280x800x24x24&re=800x600&ref=,France
https://www.modernisation.gouv.fr,image/gif,https://sync.sharethis.com/fifty?uid=42b42435-057a-419e-493b-8ef8b7e35f85,Singapore
https://www.modernisation.gouv.fr,application/javascript,https://ws.sharethis.com/secure5x/js/stcommon.1f60705adac788a51a8240cf535237b0.js,United States
https://www.modernisation.gouv.fr,application/javascript,https://ws.sharethis.com/secure5x/js/st.cbaadb0df94eca088fb4641e977688f9.js,United States
https://www.modernisation.gouv.fr,image/gif,https://secure.adnxs.com/getuid?http%3A%2F%2Fmap.go.affec.tv%2Fmap%2Fan%2F%24UID%3Fch%3D5cbab20b29454d0001967e5d%26chc%3Dst%26redirect_url%3D,United States
https://www.ird.fr,application/javascript; charset=utf-8,https://platform.twitter.com/widgets.js,United States
https://www.ird.fr,text/css,https://static.licdn.com/sc/p/com.linkedin.feedcontent-guest-frontend%3Afeedcontent-guest-frontend-static-content%2B0.0.34/f/%2Ffeedcontent-guest-frontend%2Fstylesheets%2Fposts%2Fposts_en_US.css,Taiwan
https://www.ird.fr,text/javascript,https://static.licdn.com/sc/h/chpzgttpznxpdtzqz2ht7qszi,Taiwan
https://www.ird.fr,text/javascript,https://static.licdn.com/sc/h/7rjl2yfb7xxc3z8ufg3soexr8,Taiwan
https://www.ird.fr,text/javascript;charset=UTF-8,https://platform.linkedin.com/js/analytics.js,United States
https://www.ird.fr,text/javascript,https://static.licdn.com/sc/h/1f4so7osnxpgibipgq2nnx6em,Taiwan
https://www.ird.fr,image/jpeg,https://media.licdn.com/dms/image/C560BAQGgfien1vRYSQ/company-logo_100_100/0?e=1564012800&v=beta&t=2kP6Pdu33f9VIWetYHHLh6Bx0h9BItIAJp2DqFy6J4Y,Taiwan
https://www.ird.fr,text/css; charset=utf-8,https://media.licdn.com/embeds/public/stylesheets%2Fnative-video.css?buildVersion=1.1.241,Taiwan
https://www.ird.fr,application/javascript; charset=utf-8,https://media.licdn.com/embeds/public/artdeco%2Fstatic%2Fjavascripts%2Fartdeco.js?buildVersion=1.1.241,Taiwan
https://www.ird.fr,application/javascript; charset=utf-8,https://media.licdn.com/embeds/public/javascripts%2Fdist%2Fnative-video.js?buildVersion=1.1.241,Taiwan
https://www.ird.fr,image/svg+xml,https://media.licdn.com/embeds/public/artdeco%2Fstatic%2Fimages%2Ficons.svg?buildVersion=1.1.241,Taiwan
https://www.ird.fr,application/javascript; charset=utf-8,https://platform.twitter.com/js/moment~timeline~tweet.6e5b62723488aee38af0c77681396a5b.js,United States
https://www.ird.fr,application/javascript; charset=utf-8,https://platform.twitter.com/js/tweet.2b7769d244a8dfeb3ab9d97583412dec.js,United States
https://www.ird.fr,text/javascript,https://static.licdn.com/sc/h/7rjl2yfb7xxc3z8ufg3soexr8,Taiwan
https://www.ird.fr,text/css; charset=utf-8,https://platform.twitter.com/css/tweet.0940efb0bc0eb82a2de893b3e7b414bf.light.ltr.css,United States
https://www.ird.fr,text/css; charset=utf-8,https://platform.twitter.com/css/tweet.0940efb0bc0eb82a2de893b3e7b414bf.light.ltr.css,United States
https://www.ird.fr,image/jpeg,https://dms.licdn.com/video-thumbs/C4D05AQFDy9U7EX8wIQ/58aa4710d50a40d2b3a345b0999a1d39/feedshare-videocover_high-captions-thumbnails/1280x720-00001.jpg,Taiwan
https://www.douane.gouv.fr,application/javascript; charset=utf-8,https://platform.twitter.com/widgets.js,United States
https://www.douane.gouv.fr,application/javascript; charset=utf-8,https://platform.twitter.com/js/moment~timeline~tweet.6e5b62723488aee38af0c77681396a5b.js,United States
https://www.douane.gouv.fr,application/javascript; charset=utf-8,https://platform.twitter.com/js/timeline.4c6ab682148a0366f9efb1647a3f4799.js,United States
https://www.douane.gouv.fr,text/css; charset=utf-8,https://platform.twitter.com/css/timeline.0940efb0bc0eb82a2de893b3e7b414bf.light.ltr.css,United States
https://www.douane.gouv.fr,text/css; charset=utf-8,https://platform.twitter.com/css/timeline.0940efb0bc0eb82a2de893b3e7b414bf.light.ltr.css,United States
https://www.douane.gouv.fr,image/gif,http://logp4.xiti.com/hit.xiti?s=124156&s2=&p=Page%20:%20Douane.gouv.fr%20-%20Site%20officiel%20de%20la%20douane%20fran%C3%A7aise&hl=13x46x15&vrn=1&code=undefined&ac=&an=&lng=en-US&idp=1346152962389&jv=0&re=800x600&vtag=44007&hl=13x46x15&r=1280x800x24x24&ref=,France
https://www.reseau-canope.fr/,application/javascript; charset=utf-8,https://code.jquery.com/jquery-1.12.4.min.js,United States
https://www.reseau-canope.fr/,image/jpeg,https://cdn.reseau-canope.fr/archivage/valid/N-7803-9608_visuel.jpg,France
https://www.reseau-canope.fr/,image/jpeg,https://cdn.reseau-canope.fr/archivage/valid/N-7793-9592_visuel.jpg,France
https://www.reseau-canope.fr/,image/jpeg,https://cdn.reseau-canope.fr/archivage/valid/N-14187-19342_visuel.jpg,France
https://www.reseau-canope.fr/,image/jpeg,https://cdn.reseau-canope.fr/archivage/valid/N-8393-11494_visuel.jpg,France
https://www.reseau-canope.fr/,image/jpeg,https://cdn.reseau-canope.fr/archivage/valid/N-9036-13247_visuel.jpg,France
https://www.reseau-canope.fr/,image/jpeg,https://cdn.reseau-canope.fr/archivage/valid/N-17856-28611_visuel.jpg,France
https://www.reseau-canope.fr/,image/jpeg,https://cdn.reseau-canope.fr/archivage/valid/N-15935-25051_visuel.jpg,France
https://www.reseau-canope.fr/,image/jpeg,https://cdn.reseau-canope.fr/archivage/valid/N-15916-38083_visuel.jpg,France
https://www.reseau-canope.fr/,image/jpeg,https://cdn.reseau-canope.fr/archivage/valid/N-9241-13780_visuel.jpg,France
https://www.reseau-canope.fr/,image/jpeg,https://cdn.reseau-canope.fr/archivage/valid/bibliotheque/vignette_offre/vign_227x316_exposition.jpg,France
https://www.reseau-canope.fr/,image/jpeg,https://cdn.reseau-canope.fr/archivage/valid/N-21832-37478_visuel.jpg,France
https://www.reseau-canope.fr/,image/jpeg,https://cdn.reseau-canope.fr/archivage/valid/N-21694-36915_visuel.jpg,France
https://www.reseau-canope.fr/,image/jpeg,https://cdn.reseau-canope.fr/archivage/valid/N-19146-32708_visuel.jpg,France
https://www.reseau-canope.fr/,image/jpeg,https://cdn.reseau-canope.fr/archivage/valid/N-13196-18574_visuel.jpg,France
https://www.afecreation.fr,text/css,https://www.inpi.fr/tarteaucitron/css/tarteaucitron.css?v=323,United Kingdom
https://www.afecreation.fr,application/javascript,https://www.inpi.fr/tarteaucitron/lang/tarteaucitron.en.js?v=323,United Kingdom
https://www.afecreation.fr,application/javascript,https://www.inpi.fr/tarteaucitron/tarteaucitron.services.js?v=323,United Kingdom
https://www.afecreation.fr,text/css,https://media.afecreation.fr/design/front_office_apce/css/styles-afe-1217221017-v50.css,France
https://www.afecreation.fr,image/gif,https://media.afecreation.fr/design/front_office_apce/images/commun/fermer_bandeau_cookies.gif,France
https://www.afecreation.fr,image/png,https://media.afecreation.fr/design/front_office_apce/images/commun_v2/popupinlineclose.png,France
https://www.afecreation.fr,application/javascript,https://media.afecreation.fr/design/front_office_apce/js/js-afe-127-v19.js,France
https://www.afecreation.fr,image/gif,https://media.afecreation.fr/design/front_office_apce/images/homev2/v3/loupe.gif,France
https://www.afecreation.fr,image/gif,https://media.afecreation.fr/design/front_office_apce/images/homev2/v3/noussuivre.gif,France
https://www.afecreation.fr,image/jpeg,https://media.afecreation.fr/design/front_office_apce/images/AFE/home/AgenceFranceEntrepreneur.jpg,France
https://www.afecreation.fr,image/gif,https://media.afecreation.fr/design/front_office_apce/images/homev2/v3/facebook.gif,France
https://www.afecreation.fr,image/gif,https://media.afecreation.fr/design/front_office_apce/images/homev2/v3/twitter.gif,France
https://www.afecreation.fr,image/gif,https://media.afecreation.fr/design/front_office_apce/images/homev2/v3/google_plus.gif,France
https://www.afecreation.fr,image/gif,https://media.afecreation.fr/design/front_office_apce/images/homev2/v3/linked_in.gif,France
https://www.afecreation.fr,image/png,https://media.afecreation.fr/design/front_office_apce/images/menu/cle.png,France
https://www.afecreation.fr,image/png,https://media.afecreation.fr/design/front_office_apce/images/pastille_UK_30x30.png,France
https://www.afecreation.fr,image/gif,https://media.afecreation.fr/design/front_office_apce/images/homev2/v3/rss.gif,France
https://www.afecreation.fr,image/gif,https://media.afecreation.fr/design/front_office_apce/images/homev2/v3/connexion.gif,France
https://www.afecreation.fr,image/png,https://media.afecreation.fr/design/front_office_apce/images/commun_v2/fc_bouton_alt1_v2.png,France
https://www.afecreation.fr,image/gif,https://media.afecreation.fr/design/front_office_apce/images/homev2/v3/receveznoslettres.gif,France
https://www.afecreation.fr,image/gif,https://media.afecreation.fr/design/front_office_apce/images/homev2/v3/barre_separation.gif,France
https://www.afecreation.fr,application/javascript,https://media.afecreation.fr/design/front_office_apce/js/xt_abonne_connexion.js,France
https://www.afecreation.fr,image/gif,https://media.afecreation.fr/design/front_office_apce/images/commun/bg_connexion.gif,France
https://www.afecreation.fr,image/gif,https://media.afecreation.fr/design/front_office_apce/images/homev2/bt_xfermer.gif,France
https://www.afecreation.fr,image/gif,https://media.afecreation.fr/design/front_office_apce/images/homev2/bt_ok-mon-compte.gif,France
https://www.afecreation.fr,image/gif,https://media.afecreation.fr/design/front_office_apce/images/homev2/bt_entrer-connexion.gif,France
https://www.afecreation.fr,image/gif,https://media.afecreation.fr/design/front_office_apce/images/AFE/Btn_2_qu_est-ce_que_l_AFE_page_accueil.gif,France
https://www.afecreation.fr,image/gif,https://media.afecreation.fr/design/front_office_apce/images/AFE/Btn_1_appels_a_projets_page_accueil.gif,France
https://www.afecreation.fr,image/gif,https://media.afecreation.fr/design/front_office_apce/images/AFE/Btn_3_se_faire_acompagner_accueil.gif,France
https://www.afecreation.fr,image/gif,https://media.afecreation.fr/design/front_office_apce/images/AFE/Btn_4_Entreprendre_territoires_fragiles_page_accueil.gif,France
https://www.afecreation.fr,image/png,https://media.afecreation.fr/image/83/6/75836.png,France
https://www.afecreation.fr,image/gif,https://media.afecreation.fr/design/front_office_apce/images/spacer.gif,France
https://www.afecreation.fr,image/png,https://media.afecreation.fr/design/front_office_apce/images/homev2/carouselsuiteG.png,France
https://www.afecreation.fr,image/png,https://media.afecreation.fr/image/85/5/75855.png,France
https://www.afecreation.fr,image/png,https://media.afecreation.fr/image/88/7/95887.png,France
https://www.afecreation.fr,image/png,https://media.afecreation.fr/image/83/5/75835.png,France
https://www.afecreation.fr,image/png,https://media.afecreation.fr/image/83/1/75831.png,France
https://www.afecreation.fr,image/png,https://media.afecreation.fr/design/front_office_apce/images/homev2/carouselsuiteD.png,France
https://www.afecreation.fr,image/x-ms-bmp,https://media.afecreation.fr/image/06/5/103065.bmp,France
https://www.afecreation.fr,image/gif,https://media.afecreation.fr/design/front_office_apce/images/homev2/liresuitehome.gif,France
https://www.afecreation.fr,image/gif,https://media.afecreation.fr/design/front_office_apce/images/homev2/newhome_bouton_observatoire.gif,France
https://www.afecreation.fr,image/gif,https://media.afecreation.fr/design/front_office_apce/images/home/obsIcon.gif,France
https://www.afecreation.fr,image/gif,https://media.afecreation.fr/design/front_office_apce/images/homev2/newhome_bouton_librairie.gif,France
https://www.afecreation.fr,image/png,https://media.afecreation.fr/design/front_office_apce/images/homev2/observation_mob.png,France
https://www.afecreation.fr,image/png,https://media.afecreation.fr/design/front_office_apce/images/AFE/logo/logo_CDCMob.png,France
https://www.afecreation.fr,image/png,https://media.afecreation.fr/design/front_office_apce/images/AFE/logo/logo_Min_VilleMob.png,France
https://www.afecreation.fr,image/png,https://media.afecreation.fr/design/front_office_apce/images/AFE/logo/logo_Min_TravailMob.png,France
https://www.afecreation.fr,image/gif,https://media.afecreation.fr/design/front_office_apce/images/home/libIcon.gif,France
https://www.afecreation.fr,image/png,https://media.afecreation.fr/design/front_office_apce/images/AFE/logo/logo_Min_EcoMob.png,France
https://www.afecreation.fr,image/png,https://media.afecreation.fr/design/front_office_apce/images/AFE/logo/logo_ARFMob.png,France
https://www.afecreation.fr,image/png,https://media.afecreation.fr/design/front_office_apce/images/AFE/logo/logo_CSOECMob.png,France
https://www.afecreation.fr,image/png,https://media.afecreation.fr/design/front_office_apce/images/AFE/logo/logo_CCIMob.png,France
https://www.afecreation.fr,image/png,https://media.afecreation.fr/design/front_office_apce/images/AFE/logo/logo_APCMAMob.png,France
https://www.afecreation.fr,image/png,https://media.afecreation.fr/design/front_office_apce/images/AFE/logo/logo_CCI.png,France
https://www.afecreation.fr,image/jpeg,https://media.afecreation.fr/image/35/7/96357.19.jpg,France
https://www.afecreation.fr,text/css,https://media.afecreation.fr/design/front_office_apce/css/styles-print-afe.css,France
https://www.afecreation.fr,image/jpeg,https://media.afecreation.fr/image/35/8/96358.19.jpg,France
https://www.afecreation.fr,image/png,https://media.afecreation.fr/design/front_office_apce/images/menu/menu.png,France
https://www.afecreation.fr,application/javascript,https://media.afecreation.fr/design/front_office_apce/js/jquery.mmenu.min.all.js?_=1555739205720,France
https://www.afecreation.fr,image/png,https://media.afecreation.fr/design/front_office_apce/images/AFE/AgenceFranceEntrepreneur.png,France
https://www.senat.fr,application/javascript; charset=utf-8,https://platform.twitter.com/widgets.js,United States
https://www.senat.fr,application/javascript; charset=utf-8,https://platform.twitter.com/js/moment~timeline~tweet.6e5b62723488aee38af0c77681396a5b.js,United States
https://www.senat.fr,application/javascript; charset=utf-8,https://platform.twitter.com/js/timeline.4c6ab682148a0366f9efb1647a3f4799.js,United States
https://www.senat.fr,image/jpeg,http://www.senat.fr/fileadmin/Fichiers/Images/evenement/reforme_retraites/Retraites_5050.jpg,France
https://www.senat.fr,text/css; charset=utf-8,https://platform.twitter.com/css/timeline.0940efb0bc0eb82a2de893b3e7b414bf.light.ltr.css,United States
https://www.senat.fr,text/css; charset=utf-8,https://platform.twitter.com/css/timeline.0940efb0bc0eb82a2de893b3e7b414bf.light.ltr.css,United States
https://www.senat.fr,image/jpeg,http://www.senat.fr/fileadmin/Fichiers/Images/evenement/grilles/etres_au_travail/tn-etres-au-travail.jpg,France
https://www.senat.fr,image/jpeg,http://www.senat.fr/fileadmin/Fichiers/Images/evenement/livre_histoire/2019/visuel_prix-livre-histoire_50.50.jpg,France
https://www.senat.fr,image/jpeg,http://www.senat.fr/fileadmin/Fichiers/Images/evenement/Journee_entreprises/vignette_JDE4_5050.jpg,France
https://www.cnil.fr,application/javascript,https://piwik.cnil.fr/piwik.js,France
https://www.cnil.fr,image/gif,https://piwik.cnil.fr/piwik.php?action_name=CNIL%20%7C&idsite=1&rec=1&r=165360&h=13&m=47&s=7&url=https%3A%2F%2Fwww.cnil.fr%2F&_id=437082a124726201&_idts=1555739228&_idvc=1&_idn=0&_refts=0&_viewts=1555739228&send_image=1&cookie=1&res=1280x800&gt_ms=828,France
https://www.gouvernement.fr,text/css,https://www.cnil.fr/sites/default/files/js/css/tarteaucitron.css?v=303,France
https://www.gouvernement.fr,application/javascript,https://www.cnil.fr/sites/default/files/js/lang/tarteaucitron.fr.js?v=303,France
https://www.gouvernement.fr,application/javascript,https://www.cnil.fr/sites/default/files/js/tarteaucitron.services.js?v=303,France
https://www.bison-fute.gouv.fr,application/javascript,https://www.inserm.fr/modules/custom/hdf_rgpd/js/lang/tarteaucitron.fr.js?v=323,France
https://www.lemoniteur.fr,text/css,https://www.has-sante.fr/portail/plugins/ModuleHAS2012/tarteaucitron/css/tarteaucitron.css?v=325,France
https://www.lemoniteur.fr,application/javascript,https://www.has-sante.fr/portail/plugins/ModuleHAS2012/tarteaucitron/lang/tarteaucitron.en.js?v=325,France
https://www.auvergnerhonealpes.fr/,text/javascript;charset=ISO-8859-1,"https://bam.nr-data.net/1/6c84580c5c?a=13942704&v=1118.0c07c19&to=ZgFQMUVUV0dZAk0KWF9LcRBEQVZZFwlWDlJBBVUA&rst=3558&ref=https://www.lemoniteur.fr/&ap=15&be=1487&fe=3348&dc=2412&af=err,xhr,stn,ins&perf=%7B%22timing%22:%7B%22of%22:1555739315432,%22n%22:0,%22f%22:1,%22dn%22:1,%22dne%22:73,%22c%22:73,%22s%22:96,%22ce%22:158,%22rq%22:158,%22rp%22:1449,%22rpe%22:1454,%22dl%22:1458,%22di%22:2413,%22ds%22:2413,%22de%22:2414,%22dc%22:3349,%22l%22:3349,%22le%22:3349%7D,%22navigation%22:%7B%7D%7D&at=SkZHRw1ORBgaABtZTEwZ&jsonp=NREUM.setToken",United States
https://www.auvergnerhonealpes.fr/,image/gif,https://logs1187.xiti.com/hit.xiti?s=580184&ts=1555739318971&vtag=5.6.1&ptag=js&r=1280x800x24x24&re=800x600&hl=13x48x38&lng=en-US&idp=1348386043409&jv=0&at=undefined&ac=20&p=homepage&s2=1&vrn=1&x1=anonyme&x2=&stc=%7B%22device%22%3A%22Desktop%22%7D&ref=,France
https://www.auvergnerhonealpes.fr/,application/javascript,https://eu-ma.sam4m.com/2.0/site/undefined/analytics/sa.js,Ireland
https://www.vie-publique.fr,image/jpeg,https://www.auvergnerhonealpes.fr/uploads/Actualite/de/IMF_ACTUALITEACCUEIL/GAB_CRRAA/617_936_bat-matheysine_DSC1030_mp.jpg,France
https://freedomhouse.org/,image/jpeg,https://freedomhouse-files.s3.amazonaws.com/styles/featured_blog_homepage/s3/turkey_blog_image_justice_and_development_mayoral_candidate_getty.jpg?itok=AlVIkFzP,United States
https://freedomhouse.org/,image/jpeg,https://freedomhouse-files.s3.amazonaws.com/styles/homepage_blogs_and_articles/s3/field/image/pr_photo_Nicaragua_protests_Ortega.jpg?itok=qI1WMGjb,United States
https://freedomhouse.org/,image/jpeg,https://freedomhouse-files.s3.amazonaws.com/styles/homepage_blogs_and_articles/s3/field/image/press_release_carrie_lam_hong_kong.jpg?itok=q1HDBxIH,United States
https://freedomhouse.org/,image/jpeg,https://freedomhouse-files.s3.amazonaws.com/styles/homepage_blogs_and_articles/s3/blog_photo_president_sisi.jpg?itok=2rkb3YkY,United States
https://freedomhouse.org/,image/jpeg,https://freedomhouse-files.s3.amazonaws.com/styles/homepage_blogs_and_articles/s3/5712b0f5-3ff8-43b8-9b49-448dd401d39e.jpg?itok=0AvtZSUh,United States
https://freedomhouse.org/,image/jpeg,https://freedomhouse-files.s3.amazonaws.com/styles/homepage_blogs_and_articles/s3/field/image/pr_photo_Azerbaijan_crackdown_LGBT_community.jpg?itok=erYqowGB,United States
https://freedomhouse.org/,image/jpeg,https://freedomhouse-files.s3.amazonaws.com/styles/homepage_blogs_and_articles/s3/turkey_blog_image_justice_and_development_mayoral_candidate_getty.jpg?itok=XnQxibyY,United States
https://www.laregion.fr,application/javascript,https://pi.pardot.com/pd.js,United States
https://www.iledefrance.fr,text/css,https://www.laregion.fr/plugins/occitanie/squelettes-occitanie/squelettes/tarteaucitron/css/tarteaucitron.css?v=20181003,France
https://www.iledefrance.fr,application/javascript,https://www.laregion.fr/plugins/occitanie/squelettes-occitanie/squelettes/tarteaucitron/lang/tarteaucitron.en.js?v=20181003,France
https://www.iledefrance.fr,application/javascript,https://www.laregion.fr/plugins/occitanie/squelettes-occitanie/squelettes/tarteaucitron/tarteaucitron.services.js?v=20181003,France
https://www.iledefrance.fr,text/javascript; charset=UTF-8,https://platform.linkedin.com/in.js,United States
https://www.iledefrance.fr,application/javascript; charset=utf-8,https://platform.twitter.com/widgets.js,United States
https://www.iledefrance.fr,application/javascript; charset=utf-8,https://platform.twitter.com/js/button.dd024c345fc26f7c7a8d9938b67e5d3d.js,United States
https://www.iledefrance.fr,text/javascript,https://stats.iledefrance.fr/piwik.js,France
https://www.iledefrance.fr,image/gif,https://stats.iledefrance.fr/piwik.php?idsite=15&rec=1,France
https://www.iledefrance.fr,image/gif,https://stats.iledefrance.fr/piwik.php?action_name=R%C3%A9gion%20%C3%8Ele-de-France&idsite=15&rec=1&r=225578&h=13&m=49&s=12&url=https%3A%2F%2Fwww.iledefrance.fr%2F&_id=ed93fe9ee9b0ccda&_idts=1555739353&_idvc=1&_idn=0&_refts=0&_viewts=1555739353&send_image=1&cookie=1&res=1280x800&gt_ms=1349&pv_id=ADmkjm,France
https://www.haute-garonne.fr,image/png,https://www.iledefrance.fr/espace-media/applis_js/chatbot/assets/images/CamilleChat.png,France
https://www.seine-saint-denis.gouv.fr,text/css,https://www.haute-garonne.fr/sites/all/themes/cd31/js/tarteaucitron/css/tarteaucitron.css?v=323,France
https://www.seine-saint-denis.gouv.fr,application/javascript,https://www.haute-garonne.fr/sites/all/themes/cd31/js/tarteaucitron/lang/tarteaucitron.en.js?v=323,France
https://www.seine-saint-denis.gouv.fr,application/javascript,https://www.haute-garonne.fr/sites/all/themes/cd31/js/tarteaucitron/tarteaucitron.services.js?v=323,France
https://www.seine-saint-denis.gouv.fr,image/jpeg,https://www.gouvernement.fr/sites/default/files/styles/330x190/public/contenu/image/2019/04/img_8207.jpg?itok=lTEhqU7m,United States
https://www.seine-saint-denis.gouv.fr,image/png,https://www.gouvernement.fr/sites/default/files/styles/330x190/public/contenu/image/2019/04/sans_titre-3.png?itok=cRIipYwj,United States
https://www.seine-saint-denis.gouv.fr,image/jpeg,https://www.gouvernement.fr/sites/default/files/styles/330x190/public/contenu/image/2019/04/064_30ddl0178rf-ghislainmarie_david-de-lossy_cultura-creative.jpg?itok=Ml82Rfbs,United States
https://www.seine-saint-denis.gouv.fr,image/png,https://www.gouvernement.fr/sites/all/themes/custom/matignon/img/serviceide/border.png,United States
https://www.seine-saint-denis.gouv.fr,image/png,https://www.gouvernement.fr/sites/all/themes/custom/matignon/img/serviceide/border_v.png,United States
https://www.seine-saint-denis.gouv.fr,image/gif,http://logi241.xiti.com/hit.xiti?s=481981&s2=1&p=Accueil&vrn=1&ac=&an=&lng=en-US&idp=1349381015074&jv=0&re=800x600&vtag=4.5.2&hl=13x49x38&r=1280x800x24x24&ref=,France
https://www.toulouse.fr,application/javascript; charset=UTF-8,https://gogowego-toulouse.herokuapp.com/public/assets/wegobot_inject.js,Ireland
https://www.toulouse.fr,text/css; charset=UTF-8,https://toulouse.gogowego.com/public/chat/v2/wegobot.min.css,Ireland
https://www.toulouse.fr,application/javascript; charset=UTF-8,https://toulouse.gogowego.com/public/chat/v2/wegobot-bundle.min.js,Ireland
https://www.toulouse.fr,application/json; charset=utf-8,https://api-toulouse.gogowego.com/parse/1/functions/Profile,Ireland
https://www.justice.fr,image/gif,https://logs1406.xiti.com/hit.xiti?s=562733&p=accueil&vrn=1&gl=1&an=&ac=&cmd=&newcus=&roimt=&test=&lng=en-US&idp=1350134443955&jv=0&re=800x600&vtag=4.6.4&hl=13x50x13&r=2560x1600x24x24&rn=1555739413308&ref=,France
https://www.justice.fr,image/gif,https://logs1406.xiti.com/hit.xiti?s=562733&ts=1555739413631&vtag=5.7.0&ptag=js&r=1280x800x24x24&re=800x600&hl=13x50x13&lng=en-US&idp=1350133270065&p=&s2=&vrn=1&ref=,France
https://www.ca-pau.justice.fr,application/javascript,https://www.cours-appel.justice.fr/modules/custom/dev/ca_cookies/js/tarteaucitron/lang/tarteaucitron.en.js?v=323,France
https://www.ca-pau.justice.fr,text/css,https://www.cours-appel.justice.fr/modules/custom/dev/ca_cookies/js/tarteaucitron/css/tarteaucitron.css?v=323,France
https://www.ca-pau.justice.fr,application/javascript,https://www.cours-appel.justice.fr/modules/custom/dev/ca_cookies/js/tarteaucitron/tarteaucitron.services.js?v=323,France
https://www.hauts-de-seine.gouv.fr,image/png,https://www.gouvernement.fr/sites/all/themes/custom/matignon/img/serviceide/border.png,United States
https://www.hauts-de-seine.gouv.fr,image/png,https://www.gouvernement.fr/sites/all/themes/custom/matignon/img/serviceide/border_v.png,United States
https://www.hauts-de-seine.gouv.fr,image/gif,http://logi241.xiti.com/hit.xiti?s=488932&s2=1&p=Accueil&hl=13x50x34&vrn=1&ac=&an=&lng=en-US&vtag=42007&idp=1350346001006&jv=0&r=1280x800x24x24&re=800x600&ref=,France
https://www.elysee.fr,text/css,https://static.elysee.fr/front/css/app.e912658e.css,United States
https://www.elysee.fr,application/javascript,https://static.elysee.fr/front/js/app.c42acfc2.js,United States
https://www.elysee.fr,image/jpeg,https://static.elysee.fr/images/default/0001/04/f03b089279a275b021908e17ad81be0b2e73c976.jpeg?w=1536&h=1420&crop=5690%2C2276%2C0%2C1449&s=ca64d5b26be0d521ce466556b48570a3,United States
https://www.elysee.fr,image/jpeg,https://static.elysee.fr/images/default/0001/04/225475f273fbe1320ce341d12b05ef0b727913a9.jpeg?w=600&h=800&crop=1065%2C1420%2C384%2C0&s=25082114e185a6fc624fd82c164a4538,United States
https://www.elysee.fr,image/jpeg,https://static.elysee.fr/images/default/0001/04/4bf7cba7bc9d1ea6fc5907406eccfa7cdff4027e.jpeg?w=600&h=800&crop=683%2C911%2C0%2C113&s=3dd2f2e6e083b309d45cc614a3adaf5b,United States
https://www.elysee.fr,image/jpeg,https://static.elysee.fr/front/images/vignette-ronde-dossier-defaut-200x200.3b1da913.jpg,United States
https://www.elysee.fr,image/jpeg,https://static.elysee.fr/images/default/0001/03/6ef9691dc8c1bd50f7c6c314d275217fc5b59f4f.jpeg?w=600&h=800&crop=640%2C853%2C219%2C0&s=95ecb36ec9cfe4638bfd1f38fe68eb3d,United States
https://www.elysee.fr,image/jpeg,https://static.elysee.fr/images/default/0001/03/02dc485840e2603c8b131867cce19dc553576a5b.jpeg?w=600&h=800&crop=1268%2C1691%2C0%2C135&s=5faa769cede82b26d48c2b042e79c3b5,United States
https://www.elysee.fr,image/jpeg,https://static.elysee.fr/images/default/0001/03/b930efce2d0a02f8e2ae56d7bca16a5a9fb5a52d.jpeg?w=600&h=800&crop=852%2C1136%2C0%2C144&s=78bb1ee48c6932d7e948c17e42d99a16,United States
https://www.elysee.fr,image/jpeg,https://static.elysee.fr/images/default/0001/03/2d1b5551423b1be82b362044d11d153c7a77f159.jpeg?w=600&h=800&crop=3150%2C4201%2C1239%2C0&s=b3605a005e0bbd84b74ea8b65d9c6922,United States
https://www.elysee.fr,image/jpeg,https://static.elysee.fr/images/default/0001/03/eee766988acd8df9c57af97b3cbda4e7495c7b57.jpeg?w=600&h=800&crop=641%2C855%2C324%2C0&s=9fc345b826c14367fc5b2197cd8fa053,United States
https://www.elysee.fr,image/jpeg,https://static.elysee.fr/images/default/0001/03/b538ead96e10f5d36cea977dcd22a90500aead4f.jpeg?w=600&h=800&crop=512%2C683%2C350%2C0&s=d5d4316647dce57e211445d0c3438038,United States
https://www.elysee.fr,image/jpeg,https://static.elysee.fr/images/default/0001/03/088e9587c0836dea270071a3a94c21569969390c.jpeg?w=600&h=800&crop=410%2C547%2C307%2C68&s=e7cdabe1acaf88d0f384fbf3c5072553,United States
https://www.elysee.fr,image/jpeg,https://static.elysee.fr/images/default/0001/03/921c7b0fbef83016a4f42a80a8939c1034a6b946.jpeg?w=600&h=800&crop=513%2C683%2C473%2C0&s=116671da243ace737bb484b04bd4115f,United States
https://www.elysee.fr,image/jpeg,https://static.elysee.fr/images/default/0001/03/a3792f76116249d91edf1bc0d18652b43fb707ad.jpeg?w=600&h=800&crop=2960%2C3947%2C1490%2C0&s=7f014cac8e1643ac80882024e69ef1f0,United States
https://www.elysee.fr,image/jpeg,https://static.elysee.fr/images/default/0001/03/dcc5241fdac292a5e36c5ac99a8abae670df54ab.jpeg?w=600&h=800&crop=638%2C851%2C269%2C0&s=48d658f4e5a3446250caf139a63d1774,United States
https://www.elysee.fr,image/jpeg,https://static.elysee.fr/images/default/0001/03/1edc3bc2aa84863b6e61ab54f840828d5ac8b4f6.jpeg?w=600&h=800&crop=556%2C742%2C332%2C110&s=9e31daa8b7d5c4d85a01c9843232be44,United States
https://www.elysee.fr,image/jpeg,https://static.elysee.fr/images/default/0001/04/6de1db51e4fd393184023a01964ee90dd60411df.jpeg?w=600&h=800&crop=720%2C960%2C0%2C120&s=a2789a96d59b8e101a8a4b84d61d968b,United States
https://www.elysee.fr,image/jpeg,https://static.elysee.fr/images/default/0001/04/64cb5cbe28a91a6b945a2e74ce1308f05b110ccc.jpeg?w=600&h=800&crop=3000%2C4000%2C1968%2C0&s=c3d360cb8fffa66f51de8ff9e330e483,United States
https://www.elysee.fr,image/jpeg,https://static.elysee.fr/images/default/0001/04/9be66d433d6f4eddc4401cf2fb938361b03c1d5a.jpeg?w=600&h=800&crop=2980%2C3973%2C1228%2C27&s=74df388cbaeed4ffd743c3ef2ef8d9d4,United States
https://www.elysee.fr,image/jpeg,https://static.elysee.fr/images/default/0001/04/81693d940c62917cd2b8e86a45fad341835de6ca.jpeg?w=600&h=800&crop=2400%2C3200%2C1842%2C622&s=13ce0e45c897469b3595e66aed6e7b7b,United States
https://www.elysee.fr,image/jpeg,https://static.elysee.fr/front/images/vignette-verticale-defaut-600x800-1.51ee3108.jpg,United States
https://www.elysee.fr,image/jpeg,https://static.elysee.fr/images/default/0001/03/398b8a5c8525e1184cd42d1d3f2a0241bc5bce79.jpeg?w=600&h=800&crop=476%2C634%2C364%2C49&s=567e725b0425cc60492eb44987c98ef5,United States
https://www.elysee.fr,image/jpeg,https://static.elysee.fr/front/images/vignette-verticale-defaut-600x800-2.63123f60.jpg,United States
https://www.elysee.fr,image/jpeg,https://static.elysee.fr/images/default/0001/04/bb856dfce957bd364ddd9c6218640ca070c5459e.jpeg?w=600&h=800&crop=642%2C855%2C316%2C0&s=ef1e61219bcae7bb3652e8bd2e923a2c,United States
https://www.elysee.fr,image/jpeg,https://static.elysee.fr/images/default/0001/03/c446fea1d298d4aa3936b67e16775b0972ab7ff8.jpeg?w=600&h=800&crop=1500%2C2000%2C788%2C0&s=8ed7cda420019df6b473adc2427e1331,United States
https://www.elysee.fr,image/jpeg,https://static.elysee.fr/images/default/0001/03/c761bc03159d7167889de1d9e05863246d570e3d.jpeg?w=3100&h=1120&crop=6720%2C2688%2C0%2C977&s=89acfbdaa5bc942b397554cf73cec42b,United States
https://www.elysee.fr,image/svg+xml,https://static.elysee.fr/front/images/logo-elysee-rond-w.c93d97d5.svg,United States
https://www.elysee.fr,image/svg+xml,https://static.elysee.fr/front/images/palais.7e9c9253.svg,United States
https://www.radiofrance.fr,text/javascript,https://asqexpress.nuggad.net/rc?nuggn=188935317&nuggsid=862981223&nuggrid=https%3A%2F%2Fwww.radiofrance.fr%2F&nuggtg=CONTENT%20TAG,Germany
https://www.radiofrance.fr,application/x-javascript,https://dnn506yrbagrg.cloudfront.net/pages/scripts/0013/5421.js?432149,United States
https://www.radiofrance.fr,application/javascript,https://dmxleo.dailymotion.com/cdn/manifest/video/xp8hf68.m3u8?auth=1555912247-2562-ipay2ujc-e4d0a154281c1f156689c1a9ad7afe45Jipay2ujc&bs=1,United States
https://www.radiofrance.fr,application/json; charset=UTF-8,https://pebed.dm-event.net/,France
https://in2p3.cnrs.fr/,image/gif,https://ads.stickyadstv.com/user-registering?dataProviderId=321&userId=CAESEDJLvbfvkDsouPqgINX8MtE&google_cver=1,United States
https://in2p3.cnrs.fr/,image/gif,https://ib.adnxs.com/getuid?https://public-prod-dspcookiematching.dmxleo.com/dspreply?dspId=7&dspUserId=$UID&time=&time=1555739449028199651,United States
https://www.banque-france.fr,image/jpeg,http://pbs.twimg.com/profile_images/811522781007450112/U2X-9VTx_normal.jpg,United States
https://www.banque-france.fr,image/gif,https://6062338.global.siteimproveanalytics.io/image.aspx?url=https%3A%2F%2Fwww.banque-france.fr%2F&title=Banque%20de%20France&res=1280x800&accountid=6062338&rt=4041&prev=1555739537946&luid=ad69ae53-e86f-7d70-bdab-2e1b4f992c65&rnd=35509,Germany
https://www.ehess.fr/fr,application/javascript; charset=utf-8,https://code.jquery.com/jquery-1.9.1.min.js,United States
https://www.ehess.fr/fr,application/javascript; charset=utf-8,https://code.jquery.com/jquery-migrate-1.4.1.min.js,United States
https://www.ehess.fr/fr,application/javascript; charset=utf-8,https://code.jquery.com/ui/1.10.2/jquery-ui.min.js,United States
https://www.ehess.fr/fr,text/css,https://www.canal-u.tv/css/embed.css?1,France
https://www.ehess.fr/fr,text/css,https://www.canal-u.tv/css/base.css?1,France
https://www.ehess.fr/fr,application/javascript,https://www.canal-u.tv/js/visionneuse.js?1,France
https://www.ehess.fr/fr,application/javascript,https://www.canal-u.tv/js/jquery.js,France
https://www.ehess.fr/fr,application/javascript,https://www.canal-u.tv/player_jw6/jwplayer.plugin.js,France
https://www.ehess.fr/fr,application/javascript,https://www.canal-u.tv/js/jquery-ui.js,France
https://www.ehess.fr/fr,image/png,https://www.canal-u.tv/thumb/cache/2f5dd0ca9798b3255f69d7f0fff4b795/9cc80a00f92f6c376c672fd2bcf89338/872696/vlcsnap.2015.11.26.15h28m32s225.png,France
https://www.ehess.fr/fr,image/png,https://www.canal-u.tv/img/fantaisie-bg_2016.png,France
https://www.ehess.fr/fr,application/javascript,https://www.canal-u.tv/player_jw-8.1.8/jwplayer.js,France
https://www.ehess.fr/fr,application/javascript,https://www.canal-u.tv/player_jw6/jquery.nicescroll.min.js,France
https://www.ehess.fr/fr,image/jpeg,https://www.canal-u.tv/thumb/cache/34da78c65106e72f10ebb767e8c97483/cb56b9ab5b00c5f5aca0732e0834315c/51197/vignette.jpg,France
https://www.ehess.fr/fr,application/javascript,https://www.canal-u.tv/js/xtjwrm.js,France
https://www.ehess.fr/fr,application/javascript,https://www.canal-u.tv/js/xtcore.js,France
https://www.ehess.fr/fr,image/jpeg,https://www.canal-u.tv/thumb/cache/34da78c65106e72f10ebb767e8c97483/f9493bd9dae91a87978d84a2034ec604/983371/jpeg.tepsis.alliance.jpg,France
https://www.ehess.fr/fr,image/png,https://www.canal-u.tv/img/flat_web_icon_set/color/Facebook.png,France
https://www.ehess.fr/fr,image/png,https://www.canal-u.tv/img/flat_web_icon_set/color/Twitter.png,France
https://www.ehess.fr/fr,image/png,https://www.canal-u.tv/img/flat_web_icon_set/color/Google+.png,France
https://www.ehess.fr/fr,image/png,https://www.canal-u.tv/img/flat_web_icon_set/color/LinkedIn.png,France
https://www.ehess.fr/fr,image/png,https://www.canal-u.tv/img/flat_web_icon_set/color/Email.png,France
https://www.ehess.fr/fr,image/jpeg,https://www.canal-u.tv/thumb/cache/bc9dc85945a2c4c05796d2154e52f3d2/cb56b9ab5b00c5f5aca0732e0834315c/51197/vignette.jpg,France
https://www.ehess.fr/fr,image/jpeg,https://www.canal-u.tv/thumb/cache/bc9dc85945a2c4c05796d2154e52f3d2/f9493bd9dae91a87978d84a2034ec604/983371/jpeg.tepsis.alliance.jpg,France
https://www.ehess.fr/fr,image/png,https://www.canal-u.tv/thumb/cache/87cc14c286b3baf6fb09008489c6b6dc/9cc80a00f92f6c376c672fd2bcf89338/872696/vlcsnap.2015.11.26.15h28m32s225.png,France
https://www.ehess.fr/fr,image/png,https://www.canal-u.tv/img/logo_canalu_player.png,France
https://www.ehess.fr/fr,image/jpeg,https://www.canal-u.tv/media/images/ehess/etudier.l.ehess_38083/vignette.jpg,France
https://www.bpifrance.fr,text/css,https://hello.myfonts.net/count/2a27d2,United States
https://www.bpifrance.fr,image/gif,https://privacy.commander1.com/privacy-consent/?tc_firsttime=1&id=2&site=3480&version=022&id_privacy=1&privacy_action=V&TCPID=119461351235580579340&tc_optout=1&rand=0.8054387091644415,France
https://www.bpifrance.fr,image/gif,https://engage.commander1.com/reach?tc_firsttime=1&tc_s=3480,France
https://www.journal-officiel.gouv.fr,image/gif,http://logp4.xiti.com/hit.xiti?s=128431&s2=1&p=accueil-JO&hl=13x51x30&vrn=1&ac=&an=&lng=en-US&vtag=34002&idp=1351303274502&jv=0&r=1280x800x24x24&re=800x600&ref=,France
https://www.valdoise.fr,application/javascript; charset=utf-8,https://platform.twitter.com/widgets.js,United States
https://www.valdoise.fr,application/javascript; charset=utf-8,https://platform.twitter.com/js/moment~timeline~tweet.6e5b62723488aee38af0c77681396a5b.js,United States
https://www.valdoise.fr,application/javascript; charset=utf-8,https://platform.twitter.com/js/timeline.4c6ab682148a0366f9efb1647a3f4799.js,United States
https://www.valdoise.fr,image/jpeg,http://www.valdoise.fr/uploads/Image/ea/21743_255_Les-cultivateurs-Home.jpg,France
https://www.valdoise.fr,image/jpeg,http://www.valdoise.fr/uploads/Image/31/21745_777_Cultivateurs-PUB2.jpg,France
https://www.valdoise.fr,text/css; charset=utf-8,https://platform.twitter.com/css/timeline.0940efb0bc0eb82a2de893b3e7b414bf.light.ltr.css,United States
https://www.valdoise.fr,text/css; charset=utf-8,https://platform.twitter.com/css/timeline.0940efb0bc0eb82a2de893b3e7b414bf.light.ltr.css,United States
https://www.afd.fr/fr,image/gif,https://logs1187.xiti.com/hit.xiti?s=585593&ts=1555739516729&vtag=5.6.1&ptag=js&r=1280x800x24x24&re=800x600&hl=13x51x56&lng=en-US&idp=1351565556906&jv=0&p=homepage&s2=1&x1=fr&x2=https://www.afd.fr/node&x3=&x4=&x5=&x6=&ref=,France
https://www.cmu.fr,text/javascript,https://code.createjs.com/createjs-2015.11.26.min.js,United States
