https://www.libero.it,text/javascript,https://static.criteo.net/js/ld/publishertag.js,Singapore
https://www.libero.it,image/gif;,https://amplifypixel.outbrain.com/pixel?mid=0081b965477ca244f2c01e9605c7ee44ea,United States
https://www.libero.it,application/javascript,https://c.amazon-adsystem.com/aax2/apstag.js,United States
https://www.libero.it,application/x-javascript,https://cdn.elasticad.net/native/serve/js/quantx/nativeEmbed.gz.js,United States
https://www.libero.it,application/javascript,https://c.amazon-adsystem.com/bao-csm/aps-comm/aps_csm.js,United States
https://www.libero.it,application/x-javascript,https://cdn.elasticad.net/native/serve/js/quantx/prebid.gz.js?v=2,United States
https://www.libero.it,application/javascript;charset=UTF-8,https://ad.crwdcntrl.net/5/c=6199/pe=y/callback=IOL.adv.setUserAudienceCallback,Singapore
https://www.libero.it,image/gif,https://d.agkn.com/pixel/2610/?che=1555740363&sk=249451003031000579905&pd=&puid=8f2c34aa-35ab-4c2d-90ce-d1571be1c358,Japan
https://www.libero.it,image/gif,https://pixel.mathtag.com/sync/img/?mt_exid=10009&mt_exuid=249451003031000579905,Taiwan
https://www.libero.it,text/javascript;charset=UTF-8,https://aax.amazon-adsystem.com/e/dtb/bid?src=3204&u=https%3A%2F%2Fwww.libero.it%2F&pid=369751307681555740362869&cb=2315904317921555740363524&ws=800x600&v=7.27.00&t=1500&slots=%5B%7B%22sd%22%3A%22adwallpaper%22%2C%22s%22%3A%5B%221200x90%22%2C%22970x270%22%2C%22728x90%22%5D%2C%22sn%22%3A%22%2F5180%2Flibero%2Fhp%2Ftop%2FtestA%22%7D%2C%7B%22sd%22%3A%22admputop%22%2C%22s%22%3A%5B%22300x250%22%2C%22300x600%22%5D%2C%22sn%22%3A%22%2F5180%2Flibero%2Fhp%2Ftop%2FtestA%22%7D%2C%7B%22sd%22%3A%22admpumiddle%22%2C%22s%22%3A%5B%22300x250%22%5D%2C%22sn%22%3A%22%2F5180%2Flibero%2Fhp%2Fmiddle%2FtestA%22%7D%5D&pj=%7B%22apse%22%3A%7B%22chunkRequests%22%3Afalse%2C%22shouldSampleLatency%22%3Afalse%7D%7D&gdpre=0&gdprl=%7B%22enabled%22%3Afalse%2C%22status%22%3A%22explicit-no-gdpr%22%7D,Singapore
https://www.libero.it,image/gif;charset=UTF-8,"https://italiaonline01.wt-eu02.net/215973748390194/wt?p=433,libero.web.homepage.hp,1,1280x800,24,1,1555740362958,0,800x600,0&pu=https%3A%2F%2Fwww.libero.it%2F&la=en&tz=8&cg1=libero&cg2=web&cg3=homepage&cg4=hp&cg7=libero.web.homepage.hp&cp1=no-referrer&cp2=no-referrer&cp4=no-refresh&cp5=0&cp7=utf-8&cp9=1.1.6&cp10=20170614145849&cp11=Libero%20-%20Mail%2C%20Ricerca%20e%20tanto%20altro&cp12=web&cp25=https%3A&cp26=www.libero.it&cp103=https%3A%2F%2Fwww.libero.it%2F",Germany
https://www.libero.it,application/json,https://as-sec.casalemedia.com/cygnus?s=226762&v=7.2&r=%7B%22id%22%3A%222506a960eb0c0cb%22%2C%22imp%22%3A%5B%7B%22id%22%3A%2226e7e602a58e6d8%22%2C%22banner%22%3A%7B%22w%22%3A300%2C%22h%22%3A250%2C%22topframe%22%3A1%7D%2C%22ext%22%3A%7B%22siteID%22%3A%22226762%22%2C%22sid%22%3A%22300x250%22%7D%7D%2C%7B%22id%22%3A%2227f2cf16270009e%22%2C%22banner%22%3A%7B%22w%22%3A300%2C%22h%22%3A250%2C%22topframe%22%3A1%7D%2C%22ext%22%3A%7B%22siteID%22%3A%22226763%22%2C%22sid%22%3A%22300x250%22%7D%7D%5D%2C%22site%22%3A%7B%22page%22%3A%22https%3A%2F%2Fwww.libero.it%2F%22%7D%2C%22ext%22%3A%7B%22source%22%3A%22prebid%22%7D%2C%22regs%22%3A%7B%22ext%22%3A%7B%22gdpr%22%3A0%7D%7D%2C%22user%22%3A%7B%22ext%22%3A%7B%22consent%22%3A%22%22%7D%7D%7D&ac=j&sd=1&,Taiwan
https://www.libero.it,application/json,https://fastlane.rubiconproject.com/a/api/fastlane.json?account_id=11334&site_id=98738&zone_id=462986%3B739170&size_id=15&p_pos=unknown&rf=https%3A%2F%2Fwww.libero.it%2F&tk_flint=pbjs_lite_v2.7.0&x_source.tid=6fec00be-4cf7-4f6a-a5ef-ba30fc54fe79%3B3377de5d-7cff-4c9f-a36c-5e6f99e82787&p_screen_res=1280x800&rp_floor=0.01&rp_secure=1&slots=2&rand=0.03883393625439968,Hong Kong
https://www.libero.it,application/json; charset=UTF-8,https://ad.360yield.com/hb?jsonp=%7B%22bid_request%22%3A%7B%22id%22%3A%2231b15afdaed9ef8%22%2C%22version%22%3A%225.0.0-JS-5.2.0%22%2C%22imp%22%3A%5B%7B%22id%22%3A%2223c0a751100e5e8%22%2C%22currency%22%3A%22USD%22%2C%22pid%22%3A16039162%2C%22tid%22%3A%226fec00be-4cf7-4f6a-a5ef-ba30fc54fe79%22%2C%22banner%22%3A%7B%7D%7D%2C%7B%22id%22%3A%2224b3880e1c828a5%22%2C%22currency%22%3A%22USD%22%2C%22pid%22%3A16039168%2C%22tid%22%3A%223377de5d-7cff-4c9f-a36c-5e6f99e82787%22%2C%22banner%22%3A%7B%7D%7D%5D%7D%7D,Singapore
https://www.libero.it,application/json; charset=utf-8,https://bidder.criteo.com/cdb?ptv=65&profileId=185&av=16&wv=2.7.0&cb=43663383314,Singapore
https://www.libero.it,image/gif,https://e-jp.cmcd1.com/usersync/openxjp?id=ed247941-f585-06d1-2b5e-0634a3c5300d,Japan
https://www.libero.it,image/gif,https://s.amazon-adsystem.com/ecm3?ex=openx.com&id=ab71d387-881f-829f-b574-1709f052b039,United States
https://www.libero.it,image/gif,https://ib.adnxs.com/getuid?https://s.amazon-adsystem.com/ecm3?id=$UID&ex=appnexus.com,United States
https://www.libero.it,application/json; charset=utf-8,https://ib.adnxs.com/ut/v3/prebid,United States
https://www.libero.it,text/javascript,https://code.createjs.com/createjs-2015.11.26.min.js,United States
https://www.libero.it,image/gif,https://ad.360yield.com/match?publisher_dsp_id=55&external_user_id=CAESEBbPYfes2XslQMOo14OJjP4&google_cver=1,Singapore
https://www.libero.it,image/gif,https://ad.360yield.com/match?publisher_dsp_id=167&external_user_id=8f2c34aa-35ab-4c2d-90ce-d1571be1c358,Singapore
https://www.libero.it,image/gif,https://ad.360yield.com/match?publisher_dsp_id=263&external_user_id=90fa5cba-aa6e-4400-8ef1-c79258da6088,Singapore
https://www.libero.it,application/javascript; charset=utf-8,https://secure.adnxs.com/async_usersync?cbfn=AN_async_load,United States
https://www.libero.it,image/gif,https://ad.360yield.com/match?publisher_dsp_id=191&external_user_id=74f42c9b-c086-4dc1-bdfa-e23eb12b2f44,Singapore
https://www.libero.it,image/gif,https://secure.adnxs.com/getuid?https%3A%2F%2Fs.thebrighttag.com%2Fcs%3Fbtt%3Ds8cpZ1S4gb2AIYKFDpWRLU-p4QYKSXR3kjFYVNeviDI%26uid%3D$UID%26tp%3Dan%26gdpr%3D0,United States
https://www.libero.it,image/gif,https://ib.adnxs.com/mapuid?member=8214&user=cc3944e9-c809-4ad1-baa3-5020fa446f72,United States
https://www.libero.it,image/gif,https://tags.bluekai.com/site/1407?limit=0&ret=pixel&phint=na_id=2019042005512579700634547585,Netherlands
https://www.libero.it,image/gif,https://t8611173507982324194.id.amgdgt.com/r/telco/tuid/8611173507982324194/type/image%2Fgif/content/R0lGODlhAQABAIAAAMzMzP___yH5BAUUAAAALAAAAAABAAEAAAICRAEAOw%3D%3D,United States
https://www.libero.it,image/gif,https://pixel.rubiconproject.com/tap.php?v=183462&nid=4114&put=AAeIQk65dWYAABdKtZPEoA&expires=30,Hong Kong
https://www.libero.it,image/gif,https://rtb-csync.smartadserver.com/redir/?partnerid=86&partneruserid=5284419314668895431,Canada
https://www.libero.it,image/gif,https://ad.360yield.com/match?publisher_dsp_id=42&Expiration=1556949969&external_user_id=1114955866411639033,Singapore
https://www.libero.it,image/gif,https://pixel.rubiconproject.com/tap.php?v=70596&nid=3632&put=4bQIbKU_CJemIauK0ba6XA&expires=365,Hong Kong
https://www.libero.it,image/gif,https://x.dlx.addthis.com/e/xrefid?na_exid=5284419314668895431&na_pid=2684,United States
https://www.libero.it,image/gif,https://ib.adnxs.com/setuid?entity=133&code=01d11f04-615e-47c6-aa5f-554d72e3fa84,United States
https://www.libero.it,image/gif,https://pixel.rubiconproject.com/tap.php?v=143202&nid=4016&expires=30&put=AaR9xX4yERl-ks8ACFEgjr8dDsA,Hong Kong
https://www.libero.it,image/gif,https://sync.intentiq.com/profiles_engine/ProfilesEngineServlet?at=20&mi=10&dpi=54,United States
https://www.libero.it,text/javascript,https://secure-assets.rubiconproject.com/utils/xapi/multi-sync.js,Netherlands
https://www.libero.it,image/gif,https://pixel.rubiconproject.com/tap.php?v=14965&nid=2731&put=3f219c906a8a476c8494bb677db4645c,Hong Kong
https://www.virgilio.it,image/gif;charset=UTF-8,"https://italiaonline01.wt-eu02.net/215973748390194/wt?p=433,virgilio.web.homepage.hp,1,1280x800,24,1,1555740373267,0,800x600,0&pu=https%3A%2F%2Fwww.virgilio.it%2F&la=en&tz=8&cg1=virgilio&cg2=web&cg3=homepage&cg4=hp&cg7=virgilio.web.homepage.hp&cp1=no-referrer&cp2=no-referrer&cp4=no-refresh&cp6=A&cp7=utf-8&cp9=1.1.6&cp10=20170530141018&cp11=Virgilio%20%E2%80%93%20Mail%2C%20News%20e%20tanto%20altro!&cp12=web&cp25=https%3A&cp26=www.virgilio.it&cp103=https%3A%2F%2Fwww.virgilio.it%2F",Germany
https://www.virgilio.it,application/javascript,https://c.amazon-adsystem.com/aax2/apstag.js,United States
https://www.virgilio.it,application/javascript;charset=UTF-8,https://ad.crwdcntrl.net/5/c=6199/pe=y/callback=IOL.adv.setUserAudienceCallback,Singapore
https://www.virgilio.it,application/javascript,https://c.amazon-adsystem.com/bao-csm/aps-comm/aps_csm.js,United States
https://www.virgilio.it,application/x-javascript,https://cdn.elasticad.net/native/serve/js/quantx/prebid.gz.js?v=2,United States
https://www.virgilio.it,text/javascript;charset=UTF-8,https://aax.amazon-adsystem.com/e/dtb/bid?src=3204&u=https%3A%2F%2Fwww.virgilio.it%2F&pid=6048586618511555740373775&cb=2135413005981555740373845&ws=800x600&v=7.27.00&t=1500&slots=%5B%7B%22sd%22%3A%22adwallpaper%22%2C%22s%22%3A%5B%221200x90%22%2C%22970x270%22%2C%22728x90%22%5D%2C%22sn%22%3A%22%2F5180%2Fvirgilio%2Fhp%2Ftop%2FtestA%22%7D%2C%7B%22sd%22%3A%22admputop%22%2C%22s%22%3A%5B%22300x600%22%2C%22300x250%22%5D%2C%22sn%22%3A%22%2F5180%2Fvirgilio%2Fhp%2Ftop%2FtestA%22%7D%2C%7B%22sd%22%3A%22admpumiddle%22%2C%22s%22%3A%5B%22300x250%22%5D%2C%22sn%22%3A%22%2F5180%2Fvirgilio%2Fhp%2Fmiddle%2FtestA%22%7D%5D&pj=%7B%22apse%22%3A%7B%22chunkRequests%22%3Afalse%2C%22shouldSampleLatency%22%3Afalse%7D%7D&gdpre=0&gdprl=%7B%22enabled%22%3Afalse%2C%22status%22%3A%22explicit-no-gdpr%22%7D,Singapore
https://www.virgilio.it,image/gif,https://d.agkn.com/pixel/2610/?che=1555740374&sk=249451003031000579905&pd=&puid=8f2c34aa-35ab-4c2d-90ce-d1571be1c358,Japan
https://www.virgilio.it,image/gif,https://ib.adnxs.com/getuid?https://s.amazon-adsystem.com/ecm3?id=$UID&ex=appnexus.com,United States
https://www.virgilio.it,text/javascript,https://static.criteo.net/js/ld/publishertag.js,Singapore
https://www.virgilio.it,image/gif,https://static.criteo.net/images/pixel.gif?ch=1,Singapore
https://www.virgilio.it,image/gif,https://static.criteo.net/images/pixel.gif?ch=2,Singapore
https://www.virgilio.it,image/gif,https://secure.adnxs.com/getuid?https%3A%2F%2Fsync.crwdcntrl.net%2Fmap%2Fc=281%2Frand=280851349%2Ftpid%3D%24UID%2Ftp%3DANXS,United States
https://www.virgilio.it,application/json,https://fastlane.rubiconproject.com/a/api/fastlane.json?account_id=11334&site_id=71546&zone_id=342246%3B743834&size_id=15&p_pos=unknown&rf=https%3A%2F%2Fwww.virgilio.it%2F&tk_flint=pbjs_lite_v2.7.0&x_source.tid=b4b5c102-5508-4d65-845e-425e008ca6ec%3B45a3567c-80ad-4f70-8e83-80e81ec3e8d8&p_screen_res=1280x800&rp_floor=0.01&rp_secure=1&slots=2&rand=0.43805261165717835,Hong Kong
https://www.virgilio.it,application/json; charset=utf-8,https://bidder.criteo.com/cdb?ptv=65&profileId=185&av=16&wv=2.7.0&cb=74808086971,Singapore
https://www.virgilio.it,application/json; charset=UTF-8,https://ad.360yield.com/hb?jsonp=%7B%22bid_request%22%3A%7B%22id%22%3A%22318eb92e823e88a%22%2C%22version%22%3A%225.0.0-JS-5.2.0%22%2C%22imp%22%3A%5B%7B%22id%22%3A%2220d1b34e08ed9c9%22%2C%22currency%22%3A%22USD%22%2C%22pid%22%3A16038924%2C%22tid%22%3A%22b4b5c102-5508-4d65-845e-425e008ca6ec%22%2C%22banner%22%3A%7B%7D%7D%2C%7B%22id%22%3A%2221de0aeb2dc85ad%22%2C%22currency%22%3A%22USD%22%2C%22pid%22%3A16038937%2C%22tid%22%3A%2245a3567c-80ad-4f70-8e83-80e81ec3e8d8%22%2C%22banner%22%3A%7B%7D%7D%5D%7D%7D,Singapore
https://www.virgilio.it,application/json,https://as-sec.casalemedia.com/cygnus?s=226820&v=7.2&r=%7B%22id%22%3A%2228b997b3a33a5e4%22%2C%22imp%22%3A%5B%7B%22id%22%3A%222991574f5499e69%22%2C%22banner%22%3A%7B%22w%22%3A300%2C%22h%22%3A250%2C%22topframe%22%3A1%7D%2C%22ext%22%3A%7B%22siteID%22%3A%22226820%22%2C%22sid%22%3A%22300x250%22%7D%7D%2C%7B%22id%22%3A%2230c0e271d04532c%22%2C%22banner%22%3A%7B%22w%22%3A300%2C%22h%22%3A250%2C%22topframe%22%3A1%7D%2C%22ext%22%3A%7B%22siteID%22%3A%22226821%22%2C%22sid%22%3A%22300x250%22%7D%7D%5D%2C%22site%22%3A%7B%22page%22%3A%22https%3A%2F%2Fwww.virgilio.it%2F%22%7D%2C%22ext%22%3A%7B%22source%22%3A%22prebid%22%7D%2C%22regs%22%3A%7B%22ext%22%3A%7B%22gdpr%22%3A0%7D%7D%2C%22user%22%3A%7B%22ext%22%3A%7B%22consent%22%3A%22%22%7D%7D%7D&ac=j&sd=1&,Taiwan
https://www.virgilio.it,application/json; charset=utf-8,https://ib.adnxs.com/ut/v3/prebid,United States
https://www.tiscali.it,application/json;charset=utf-8,https://dpm.demdex.net/id?d_visid_ver=3.1.2&d_fieldgroup=MC&d_rtbd=json&d_ver=2&d_verify=1&d_orgid=1A124673527853290A490D45%40AdobeOrg&d_nsid=0&ts=1555740378043,Japan
https://www.tiscali.it,text/javascript;charset=UTF-8,https://adx.4strokemedia.com/www/delivery/asyncjs.php,Ireland
https://www.tiscali.it,text/javascript; charset=utf-8,https://a-ssl.ligatus.com/?ids=102732&t=js&s=1,Taiwan
https://www.tiscali.it,text/javascript; charset=utf-8,https://geoip.tiscali.it/index_isp.php?callback=-1,Italy
https://www.tiscali.it,application/javascript,https://homepage.tiscali.it/int/static/js/int.js,Italy
https://www.tiscali.it,application/x-javascript,https://sb.scorecardresearch.com/beacon.js,United States
https://www.tiscali.it,application/x-javascript,https://smetrics.sky.it/id?d_visid_ver=3.1.2&d_fieldgroup=A&mcorgid=1A124673527853290A490D45%40AdobeOrg&mid=33254692391731999190141484502752899996&ts=1555740378218,United States
https://www.tiscali.it,text/javascript,https://responder.wt-safetag.com/resp/api/get/245406294797569?url=https%3A%2F%2Fwww.tiscali.it%2F,China
https://www.tiscali.it,application/javascript; charset=UTF-8,https://ssl.ligatus.com/render/ligrend.js?ts=4.20,Taiwan
https://www.tiscali.it,image/jpeg,https://homepage.tiscali.it/meetic/img/visual_1215.jpg,Italy
https://www.tiscali.it,application/json,https://adx.4strokemedia.com/www/delivery/asyncspc.php?zones=6996%7C6997%7C5574%7C6998%7C7003%7C6999%7C6995&prefix=revive-0-&loc=https%3A%2F%2Fwww.tiscali.it%2F,Ireland
https://www.tiscali.it,image/gif,https://smetrics.sky.it/b/ss/skyitalianetwork.prod/1/JS-2.7.0-D7QN/s07343012927742?AQB=1&ndh=1&pf=1&t=20%2F3%2F2019%2014%3A6%3A19%206%20-480&D=D%3D&mid=33254692391731999190141484502752899996&aamlh=11&ce=UTF-8&g=https%3A%2F%2Fwww.tiscali.it%2F&cc=EUR&ch=tiscali&server=www.tiscali.it&aamb=RKhpRz8krg2tLO6pguXWp5olkAcUniQYPHaMWWgdJ3xzPWQmdj0y&c13=tiscali&v13=D%3Dc13&c54=https%3A%2F%2Fwww.tiscali.it%2F&v54=D%3Dc54&c55=https%3A%2F%2Fwww.tiscali.it%2F&v55=D%3Dc55&s=1280x800&c=24&j=1.6&v=N&k=Y&bw=800&bh=600&mcorgid=1A124673527853290A490D45%40AdobeOrg&AQE=1,United States
https://www.tiscali.it,application/json,https://ssl.ligatus.com/rms/rend?id=102732&ua=1100224926&pgw=800&pgo=l&s=1,Taiwan
https://www.tiscali.it,image/gif,https://ssl.ligatus.com/render/px.gif?ch=2,Taiwan
https://www.tiscali.it,text/javascript,https://static.criteo.net/js/ld/publishertag.standalone.js,Singapore
https://www.tiscali.it,text/javascript,https://static.criteo.net/js/ld/publishertag.standalone.js,Singapore
https://www.tiscali.it,application/json; charset=utf-8,https://bidder.criteo.com/cdb?ptv=65&profileId=184&cb=32428072416,Singapore
https://www.tiscali.it,application/json; charset=utf-8,https://bidder.criteo.com/cdb?ptv=65&profileId=184&cb=4267831282,Singapore
https://www.tiscali.it,image/gif,https://adx.4strokemedia.com/www/delivery/lg.php?bannerid=12572&campaignid=591&zoneid=6996&loc=https%3A%2F%2Fwww.tiscali.it%2F&cb=67a472d162,Ireland
https://www.tiscali.it,application/javascript,https://c.amazon-adsystem.com/aax2/apstag.js,United States
https://www.tiscali.it,application/javascript,https://c.amazon-adsystem.com/bao-csm/aps-comm/aps_csm.js,United States
https://www.tiscali.it,image/gif,https://adx.4strokemedia.com/www/delivery/lg.php?bannerid=12573&campaignid=591&zoneid=6997&loc=https%3A%2F%2Fwww.tiscali.it%2F&cb=c139611b45,Ireland
https://www.tiscali.it,image/gif,https://adx.4strokemedia.com/www/delivery/lg.php?bannerid=13050&campaignid=591&zoneid=5574&loc=https%3A%2F%2Fwww.tiscali.it%2F&cb=544a96f24d,Ireland
https://www.tiscali.it,image/png,https://webcenter.tiscali.it/distribuzione/_img/chiudi_btn.png,Italy
https://www.tiscali.it,image/gif;charset=UTF-8,"https://tiscaliadv01.webtrekk.net/245406294797569/wt?p=432,https%3A%2F%2Fwww.tiscali.it%2F,1,1280x800,24,1,1555740379414,0,800x600,0&tz=8&la=en&cg1=TISCALI.IT&cg2=TISCALI%20HOMEPAGE&pu=https%3A%2F%2Fwww.tiscali.it%2F&np=&eor=1",Germany
https://www.tiscali.it,image/gif,https://adx.4strokemedia.com/www/delivery/lg.php?bannerid=12574&campaignid=591&zoneid=6998&loc=https%3A%2F%2Fwww.tiscali.it%2F&cb=a50258b785,Ireland
https://www.tiscali.it,image/gif,https://adx.4strokemedia.com/www/delivery/lg.php?bannerid=12579&campaignid=591&zoneid=7003&loc=https%3A%2F%2Fwww.tiscali.it%2F&cb=b3a13318f8,Ireland
https://www.tiscali.it,image/gif,https://adx.4strokemedia.com/www/delivery/lg.php?bannerid=12571&campaignid=591&zoneid=6995&loc=https%3A%2F%2Fwww.tiscali.it%2F&cb=b3d706172b,Ireland
https://www.tiscali.it,image/gif,https://adx.4strokemedia.com/www/delivery/lg.php?bannerid=12575&campaignid=591&zoneid=6999&loc=https%3A%2F%2Fwww.tiscali.it%2F&cb=42b5c43672,Ireland
https://www.tiscali.it,application/json;charset=utf-8,https://dpm.demdex.net/id?d_visid_ver=3.3.0&d_fieldgroup=MC&d_rtbd=json&d_ver=2&d_verify=1&d_orgid=1A124673527853290A490D45%40AdobeOrg&d_nsid=0&ts=1555740381106,Japan
https://www.tiscali.it,image/gif;charset=UTF-8,"https://tiscaliadv01.webtrekk.net/245406294797569/wt?p=432,https%3A%2F%2Fwww.tiscali.it%2F,1,1280x800,24,1,1555740380486,2,800x600,0&tz=8&ct=webtrekk_ignore&la=en&cs803=no&pu=https%3A%2F%2Fwww.tiscali.it%2F&eor=1",Germany
https://www.tiscali.it,application/x-javascript,https://smetrics.sky.it/id?d_visid_ver=3.3.0&d_fieldgroup=A&mcorgid=1A124673527853290A490D45%40AdobeOrg&mid=33254692391731999190141484502752899996&ts=1555740381166,United States
https://www.tiscali.it,image/gif,"https://dt.adsafeprotected.com/dt?anId=929966&asId=21d84157-986d-f92b-e701-6181e60d92df&tv={c:akMmr4,pingTime:-2,time:356,type:a,im:{sf:0,pom:1,prf:{beA:168,beZ:170,mfA:423,cmA:424,inA:424,inZ:435,prA:435,prZ:443,si:455,poA:455,poZ:468,cmZ:468,mfZ:468,loA:502,loZ:506,ltA:522,ltZ:522,mdA:171,mdZ:175}},sca:{dfp:{df:4,sz:1800.1000,dom:div},ha1:{res1:1,ps:1,ts:1555740381011,psfr:1}},env:{gca:0},clog:[{piv:0,vs:o,r:l,w:0,h:0,t:285}],es:0,sc:1,ha:1,gm:1,slTimes:{i:0,o:357,n:0,pp:0,pm:0},slEvents:[{sl:o,t:285,wc:0.0.800.600,ac:0.0.0.0,am:i,cc:0.0.0.0,piv:0,obst:0,th:0,reas:l,bkn:{piv:[96~0],as:[96~0.0]}}],slEventCount:1,em:true,fr:true,e:,tt:jload,dtt:0,fm:ro9W5H4+11|12|13|14|15|16|17|18|19|1a|1b|1c|1d.929966|1d1|1e|1f*.929966|1f1|1g|1h,idMap:1f*,rend:0,renddet:WINDOW,rmeas:0,slid:[google_ads_iframe_/316816995/tiscali.it/home_7,google_ads_iframe_/316816995/tiscali.it/home_7__container__,div-gpt-ad-4sdex-951857390],sinceFw:66,readyFired:true}&br=u",United States
https://www.tiscali.it,image/gif,"https://dt.adsafeprotected.com/dt?anId=929966&asId=b08cdcc8-a1e5-f628-aff7-fea8fbef3001&tv={c:akMmre,pingTime:-2,time:357,type:a,im:{sf:0,pom:1,prf:{beA:273,beZ:275,mfA:567,cmA:568,inA:568,inZ:571,prA:571,prZ:577,si:583,poA:583,poZ:584,cmZ:584,mfZ:584,loA:607,loZ:610,ltA:629,ltZ:629,mdA:276,mdZ:278}},sca:{dfp:{df:4,sz:300.100,dom:div}},env:{gca:0},clog:[{piv:0,vs:o,r:l,w:300,h:100,t:310}],es:0,sc:0,ha:1,gm:1,slTimes:{i:0,o:357,n:0,pp:0,pm:0},slEvents:[{sl:o,t:310,wc:0.0.800.600,ac:691.5089.300.100,am:i,cc:691.5089.300.100,piv:0,obst:0,th:0,reas:l,bkn:{piv:[61~0],as:[61~300.100]}}],slEventCount:1,em:true,fr:true,e:,tt:jload,dtt:0,fm:ro9W5H4+11|12|13|14|15|16|17|18|19|1a|1b|1c|1d*.929966|1d1|1e|1f.929966|1f1|1f2|1g|1h,idMap:1d*,rend:1,renddet:IMG.qs,rmeas:1,slid:[google_ads_iframe_/316816995/tiscali.it/home_3,google_ads_iframe_/316816995/tiscali.it/home_3__container__,div-gpt-ad-4sdex-777054564,dotnAd-304x450-c1],sinceFw:45,readyFired:true}&br=u",United States
https://www.tiscali.it,image/gif,"https://dt.adsafeprotected.com/dt?anId=929966&asId=21d84157-986d-f92b-e701-6181e60d92df&tv={c:akMmwN,pingTime:-10,time:711,type:s,mvn:ZnNjPTEyLHNkPTMsbm89Nyxhc3A9MQ--,fsc:17.4.95v220002022020220000022002222000022220202020222222222220002222022002222200002220222022222222222000220200000022220222220222222222222202222222222222222222222222222222222222200000022022020020000002002202022022022222222000000000020222202022022222000000020000000000000000000002220202220000022200222202220022200200222022202220222222220020222222000220000222202222202222000002002002222222222220022202200222002220222202,sd:MTcuNC45NXY3Nzd8fDEyODB8fDF8fDF8fDI0fHw4MDB8fDB8fDB8fDF8fGxhbmRzY2FwZS1wcmltYXJ5fHwyNHx8OC81fHw4LzV8fDF8fDEyODA-,no:MTcuNC45NXZNb3ppbGxhfHxOZXRzY2FwZXx8bnx8NHx8bnx8MHx8bnx8TWFjSW50ZWx8fEdlY2tvfHwyMDAzMDEwN3x8LTQ4MHx8TW96aWxsYS81LjAgKE1hY2ludG9zaDsgSW50ZWwgTWFjIE9TIFggMTBfMTJfNikgQXBwbGVXZWJLaXQvNTM3LjM2IChLSFRNTCwgbGlrZSBHZWNrbykgSGVhZGxlc3NDaHJvbWUvNzMuMC4zNjgzLjEwMyBTYWZhcmkvNTM3LjM2fHwxfHwxfHxHb29nbGUgSW5jLnx8bg--,asp:1555740381385||2009f434b7fc2a0a35939048da858139||ebdc4fd5bcb445a3b87e71a794d88695||4718599ede2aeaf0c4e61283a9285bce||2e80b7ec0328c4011475de28244a7445||46b393ec5b2572cb62d523bd0a2083b7||d44377b9cd3e294849ce51d40ff12722||57e94ffe8ea1acd0f09e335713367d0f||1529428597}",United States
https://www.inps.it/nuovoportaleinps/default.aspx,application/json,https://skyplayer.tiscali.it/utp.php,Italy
https://www.inps.it/nuovoportaleinps/default.aspx,image/jpeg,https://www.tiscali.it/export/sites/default/.galleries/19/ronaldo.jpg_828098802.jpg,Italy
https://www.inps.it/nuovoportaleinps/default.aspx,image/gif,"https://dt.adsafeprotected.com/dt?anId=929966&asId=b08cdcc8-a1e5-f628-aff7-fea8fbef3001&tv={c:akMmFp,pingTime:-1,time:1236,type:u,clog:[{piv:0,vs:o,r:l,w:300,h:100,t:310}],ndt:1,es:0,sc:0,ha:1,gm:1,slTimes:{i:0,o:1236,n:0,pp:0,pm:0},slEvents:[{sl:o,t:310,wc:0.0.800.600,ac:691.5089.300.100,am:i,cc:691.5089.300.100,piv:0,obst:0,th:0,reas:l,bkn:{piv:[940~0],as:[940~300.100]}}],slEventCount:1,em:true,fr:true,e:,tt:jload,dtt:552,metricIdList:[publ1,grpm1],fm:ro9W5H4+11|12|13|14|15|16|17|18|19|1a|1b|1c|1d*.929966|1d1|1e|1f.929966|1f1|1f2|1g|1h,idMap:1d*,rend:1,renddet:IMG.qs,rmeas:1,lt:5}&br=u",United States
https://www.inps.it/nuovoportaleinps/default.aspx,image/gif,"https://dt.adsafeprotected.com/dt?anId=929966&asId=21d84157-986d-f92b-e701-6181e60d92df&tv={c:akMmFq,pingTime:-1,time:1246,type:u,clog:[{piv:0,vs:o,r:l,w:0,h:0,t:285}],ndt:2,es:0,sc:1,ha:1,gm:1,slTimes:{i:0,o:1246,n:0,pp:0,pm:0},slEvents:[{sl:o,t:285,wc:0.0.800.600,ac:0.0.0.0,am:i,cc:0.0.0.0,piv:0,obst:0,th:0,reas:l,bkn:{piv:[985~0],as:[985~0.0]}}],slEventCount:1,em:true,fr:true,e:,tt:jload,dtt:379,metricIdList:[publ1,grpm1],fm:ro9W5H4+11|12|13|14|15|16|17|18|19|1a|1b|1c|1d.929966|1d1|1e|1f*.929966|1f1|1g|1h,idMap:1f*,rend:0,renddet:WINDOW,rmeas:0,lt:9}&br=u",United States
https://www.inps.it/nuovoportaleinps/default.aspx,image/jpeg,https://www.tiscali.it/export/sites/default/.galleries/18/cardito333333.jpg_828098802.jpg,Italy
https://www.inps.it/nuovoportaleinps/default.aspx,image/jpeg,https://www.tiscali.it/export/sites/default/.galleries/17/raggi.jpg_828098802.jpg,Italy
https://www.inps.it/nuovoportaleinps/default.aspx,application/json;charset=UTF-8,https://tiscaliadv01.webtrekk.net/630058339171838/rdfs?cfg=1,Germany
https://www.inps.it/nuovoportaleinps/default.aspx,text/javascript;charset=UTF-8,https://aax.amazon-adsystem.com/e/dtb/bid?src=3748&u=https%3A%2F%2Fwww.tiscali.it%2F&pid=2418340690931555740380663&cb=9001839580221555740382177&ws=800x600&v=7.27.00&t=750&slots=%5B%7B%22id%22%3A%22videoSlotName1%22%2C%22mt%22%3A%22v%22%7D%5D&pj=%7B%22apse%22%3A%7B%22chunkRequests%22%3Afalse%2C%22shouldSampleLatency%22%3Afalse%7D%7D&gdprl=%7B%22status%22%3A%22no-cmp%22%7D,Singapore
https://www.inps.it/nuovoportaleinps/default.aspx,image/jpeg,https://videoplatform.sky.it/still_medium/2019/04/18/1555604329167_video-onboard-f1-circuito-vietnam_videostill_medium_1.jpg,United States
https://www.inps.it/nuovoportaleinps/default.aspx,image/jpeg,https://videoplatform.sky.it/still_medium/2019/04/19/1555682512335_ronaldo-fa-il-gesto-della-paura_videostill_medium_1.jpg,United States
https://www.inps.it/nuovoportaleinps/default.aspx,image/jpeg,https://videoplatform.sky.it/still_medium/2019/04/18/1555597716318_srv-f1-ferrari-pace-pasqualetransfer_videostill_medium_1.jpg,United States
https://www.inps.it/nuovoportaleinps/default.aspx,image/jpeg,https://videoplatform.sky.it/still_medium/2019/04/19/1555674023538_intv-dovizioso-190418transfer_videostill_medium_1.jpg,United States
https://www.inps.it/nuovoportaleinps/default.aspx,image/jpeg,https://videoplatform.sky.it/still_medium/2019/04/19/1555691260688_intv-integrale-dovizioso_videostill_medium_1.jpg,United States
https://www.inps.it/nuovoportaleinps/default.aspx,image/jpeg,https://videoplatform.sky.it/still_medium/2019/04/18/1555622755742_studio-involuzione-nap_videostill_medium_1.jpg,United States
https://www.inps.it/nuovoportaleinps/default.aspx,image/jpeg,https://videoplatform.sky.it/still_medium/2019/04/17/1555509430947_srv-mercedes-che-inizio-190417transfer_videostill_medium_1.jpg,United States
https://www.inps.it/nuovoportaleinps/default.aspx,image/jpeg,https://videoplatform.sky.it/still_medium/2019/04/18/1555610493938_intv-domenicali-su-ducati_videostill_medium_1.jpg,United States
https://www.inps.it/nuovoportaleinps/default.aspx,image/jpeg,https://videoplatform.sky.it/still_medium/2019/04/18/1555601328329_salvatore-racconta-genny-nuovi-equilibri_videostill_medium_1.jpg,United States
https://www.inps.it/nuovoportaleinps/default.aspx,image/jpeg,https://videoplatform.sky.it/still_medium/2019/04/15/1555339323742_norris_incidente_videostill_medium_1.jpg,United States
https://www.inps.it/nuovoportaleinps/default.aspx,image/gif,https://smetrics.sky.it/b/ss/skyitdev/1/JS-2.9.0-D7QN/s06823900007072?AQB=1&ndh=1&pf=1&t=20%2F3%2F2019%2014%3A6%3A22%206%20-480&sdid=3479EB4FC557586C-527BFD8CD0AABE3C&D=D%3D&mid=33254692391731999190141484502752899996&aamlh=11&ce=UTF-8&ns=skyitalia&g=https%3A%2F%2Fcdnb.4strokemedia.com%2Fadobe.htm&r=https%3A%2F%2Fwww.tiscali.it%2F&cc=EUR&events=event71&c70=sport%7Cformula1%7C18-04-2019%7C%27focus%20f1%202019%27%7CFLUID%7Cvietnam%7Cgp_vietnam&c71=F1%2C%20alla%20scoperta%20del%20circuito%20del%20Vietnam%3A%20video&v71=D%3Dc71&c72=vod&v72=D%3Dc72&c74=sport&v74=D%3Dc74&c75=formula1&v75=D%3Dc75&v77=504837&v78=106&v83=https%3A%2F%2Fwww.tiscali.it%2F&v84=18%2F04%2F2019%2018%3A19%3A08&v85=3&v88=4stroke&v89=www.tiscali.it&pe=lnk_o&pev2=start_4stroke&s=1280x800&c=24&j=1.6&v=N&k=Y&mcorgid=1A124673527853290A490D45%40AdobeOrg&AQE=1,United States
https://www.inps.it/nuovoportaleinps/default.aspx,image/jpeg,https://videoplatform.sky.it/still_medium/2019/04/18/1555607854258_intv-dovizioso-190418transfer_videostill_medium_1.jpg,United States
https://www.inps.it/nuovoportaleinps/default.aspx,image/jpeg,https://videoplatform.sky.it/still_medium/2019/04/18/1555581683977_salvatore-racconta-genny-prima-stagione-gomorra_videostill_medium_1.jpg,United States
https://www.inps.it/nuovoportaleinps/default.aspx,image/jpeg,https://videoplatform.sky.it/still_medium/2019/04/18/1555600710190_intv-son-squalifica_videostill_medium_1.jpg,United States
https://www.inps.it/nuovoportaleinps/default.aspx,image/jpeg,https://videoplatform.sky.it/still_medium/2019/04/18/1555601338544_salvatore-racconta-genny-londra_videostill_medium_1.jpg,United States
https://www.inps.it/nuovoportaleinps/default.aspx,image/jpeg,https://videoplatform.sky.it/still_medium/2019/04/18/1555601370970_salvatore-racconta-genny-serie-sky_videostill_medium_1.jpg,United States
https://www.inps.it/nuovoportaleinps/default.aspx,image/jpeg,https://videoplatform.sky.it/still_medium/2019/04/18/1555610214589_pochettino_gestaccio_videostill_medium_1.jpg,United States
https://www.inps.it/nuovoportaleinps/default.aspx,application/javascript; charset=utf-8,https://platform.twitter.com/widgets.js,United States
https://www.inps.it/nuovoportaleinps/default.aspx,application/javascript; charset=utf-8,https://platform.twitter.com/js/moment~timeline~tweet.6e5b62723488aee38af0c77681396a5b.js,United States
https://www.inps.it/nuovoportaleinps/default.aspx,application/javascript; charset=utf-8,https://platform.twitter.com/js/timeline.4c6ab682148a0366f9efb1647a3f4799.js,United States
https://www.inps.it/nuovoportaleinps/default.aspx,text/css; charset=utf-8,https://platform.twitter.com/css/timeline.0940efb0bc0eb82a2de893b3e7b414bf.light.ltr.css,United States
https://www.inps.it/nuovoportaleinps/default.aspx,text/css; charset=utf-8,https://platform.twitter.com/css/timeline.0940efb0bc0eb82a2de893b3e7b414bf.light.ltr.css,United States
https://www.rai.it,text/javascript,https://responder.wt-safetag.com/resp/api/get/602039762736393?url=https%3A%2F%2Fwww.rai.it%2F,China
https://www.rai.it,image/png,http://www.rai.it/dl/img/2019/04/05/1554480409032_Banner-europee-2019-01.png,United States
https://www.rai.it,image/png,http://www.rai.it/dl/img/2019/04/05/1554480395451_Banner-amministrative-2019.png,United States
https://www.rai.it,text/javascript; charset=utf-8,https://cdns.gigya.com/js/socialize.js?apiKey=3_xVTjKOtf9coz04AzqDj05XeSgBqH9zVQxmQtWJOC_y_fcdC0idy7H5ECPwjD6VYW&lang=it,Taiwan
https://www.rai.it,application/x-javascript,https://sb.scorecardresearch.com//beacon.js,United States
https://www.rai.it,image/gif,https://sb.scorecardresearch.com/p?c1=2&c2=15866303&cv=2.0&cj=1,United States
https://www.rai.it,image/gif;charset=UTF-8,"https://rai-italia01.wt-eu02.net/602039762736393/wt?p=441,https%3A%2F%2Fwww.rai.it%2F,1,1280x800,24,1,1555740398537,0,800x600,0&tz=8&la=en&cg1=aggregato&cg2=rai.it&cg5=homepage&cg9=homepage&cp1=no-refresh&cp4=homepage&cp5=adblock%3Afalse%3ByesCookieRai%3Dfalse&cp10=browsing&cp11=browser&cp12=rai&cp14=pagina&np=&pu=https%3A%2F%2Fwww.rai.it%2F&eor=1",Germany
https://www.poliziadistato.it,image/svg+xml,https://www.rai.it/dl/components/img/ico-chiudi.svg,United States
https://www.poliziadistato.it,application/javascript; charset=utf-8,https://platform.twitter.com/widgets.js,United States
https://www.poliziadistato.it,application/javascript; charset=utf-8,https://platform.twitter.com/js/moment~timeline~tweet.6e5b62723488aee38af0c77681396a5b.js,United States
https://www.poliziadistato.it,application/javascript; charset=utf-8,https://platform.twitter.com/js/timeline.4c6ab682148a0366f9efb1647a3f4799.js,United States
https://www.poliziadistato.it,text/css; charset=utf-8,https://platform.twitter.com/css/timeline.0940efb0bc0eb82a2de893b3e7b414bf.light.ltr.css,United States
https://www.poliziadistato.it,text/css; charset=utf-8,https://platform.twitter.com/css/timeline.0940efb0bc0eb82a2de893b3e7b414bf.light.ltr.css,United States
https://www.poliziadistato.it,text/css; charset=utf-8,https://platform.twitter.com/css/timeline.0940efb0bc0eb82a2de893b3e7b414bf.light.ltr.css,United States
https://www.poliziadistato.it,text/css; charset=utf-8,https://platform.twitter.com/css/timeline.0940efb0bc0eb82a2de893b3e7b414bf.light.ltr.css,United States
https://www.esteri.it/mae/it/,application/javascript; charset=utf-8,https://platform.twitter.com/widgets.js,United States
https://www.esteri.it/mae/it/,application/javascript; charset=utf-8,https://platform.twitter.com/js/moment~timeline~tweet.6e5b62723488aee38af0c77681396a5b.js,United States
https://www.esteri.it/mae/it/,application/javascript; charset=utf-8,https://platform.twitter.com/js/timeline.4c6ab682148a0366f9efb1647a3f4799.js,United States
https://www.esteri.it/mae/it/,text/css; charset=utf-8,https://platform.twitter.com/css/timeline.0940efb0bc0eb82a2de893b3e7b414bf.light.ltr.css,United States
https://www.esteri.it/mae/it/,text/css; charset=utf-8,https://platform.twitter.com/css/timeline.0940efb0bc0eb82a2de893b3e7b414bf.light.ltr.css,United States
https://www.giustizia.it/giustizia/,image/jpeg,https://www.gnewsonline.it/wp-content/uploads/2019/04/400x300_sicilia_evasocatturato.jpg,Italy
https://www.giustizia.it/giustizia/,image/jpeg,https://www.gnewsonline.it/wp-content/uploads/2019/04/400x300_beni_confiscati.jpg,Italy
https://www.giustizia.it/giustizia/,image/jpeg,https://www.gnewsonline.it/wp-content/uploads/2019/04/concorsi-giustizia.jpg,Italy
https://www.giustizia.it/giustizia/,image/jpeg,https://www.gnewsonline.it/wp-content/uploads/2019/04/bonafede-csm-plenum.jpg,Italy
https://www.giustizia.it/giustizia/,image/jpeg,https://www.gnewsonline.it/wp-content/uploads/2019/04/17_04_19_plenum_csm.jpg,Italy
https://www.giustizia.it/giustizia/,image/jpeg,https://www.gnewsonline.it/wp-content/uploads/2019/04/Bonafede-Caltanissetta.jpg,Italy
https://www.giustizia.it/giustizia/,text/javascript,https://analiticositi.giustizia.it/piwik.js,Italy
https://www.giustizia.it/giustizia/,image/jpeg,https://www.gnewsonline.it/wp-content/uploads/2019/04/400x300_facciata.jpg,Italy
https://www.giustizia.it/giustizia/,image/jpeg,https://www.gnewsonline.it/wp-content/uploads/2019/04/cgm-Napoli.jpg,Italy
https://www.giustizia.it/giustizia/,image/jpeg,https://www.gnewsonline.it/wp-content/uploads/2019/04/Eurojust.jpg,Italy
https://www.beniculturali.it,application/javascript,https://ws.sharethis.com/button/buttons.js,United States
https://www.beniculturali.it,text/css,http://www.beniculturali.it/mibac/export/system/modules/it.inera.opencms.templates/MiBAC/css/style.css,Italy
https://www.beniculturali.it,text/css,http://www.beniculturali.it/mibac/export/system/modules/it.inera.opencms.templates/MiBAC/css/EustemaStyle.css,Italy
https://www.beniculturali.it,image/jpeg,http://www.beniculturali.it/mibac/export/system/modules/it.inera.opencms.templates/MiBAC/images/logo_PEC.jpg,Italy
https://www.beniculturali.it,image/jpeg,http://www.beniculturali.it/mibac/export/system/modules/it.inera.opencms.templates/MiBAC/images/layout/header/logoMIBACT.jpg,Italy
https://www.beniculturali.it,application/x-javascript,http://www.beniculturali.it/mibac/opencms/system/modules/it.inera.opencms.templates/MiBAC/js/jquery.tinycarousel.min.js,Italy
https://www.beniculturali.it,application/x-javascript,http://www.beniculturali.it/mibac/opencms/system/modules/it.inera.opencms.templates/MiBAC/js/jquery-1.10.2.min.js,Italy
https://www.beniculturali.it,application/x-javascript,http://www.beniculturali.it/mibac/opencms/system/modules/it.inera.opencms.templates/MiBAC/js/jquery.anythingslider.js,Italy
https://www.beniculturali.it,application/x-javascript,http://www.beniculturali.it/mibac/opencms/system/modules/it.inera.opencms.templates/MiBAC/js/jquery-ui-1.10.3.custom.min.js,Italy
https://www.beniculturali.it,text/css,http://www.beniculturali.it/mibac/export/system/modules/it.inera.opencms.templates/MiBAC/css/layout.css,Italy
https://www.beniculturali.it,text/css,http://www.beniculturali.it/mibac/export/system/modules/it.inera.opencms.templates/MiBAC/css/header.css,Italy
https://www.beniculturali.it,text/css,http://www.beniculturali.it/mibac/export/system/modules/it.inera.opencms.templates/MiBAC/css/colsx.css,Italy
https://www.beniculturali.it,text/css,http://www.beniculturali.it/mibac/export/system/modules/it.inera.opencms.templates/MiBAC/css/coldx.css,Italy
https://www.beniculturali.it,text/css,http://www.beniculturali.it/mibac/export/system/modules/it.inera.opencms.templates/MiBAC/css/content.css,Italy
https://www.beniculturali.it,text/css,http://www.beniculturali.it/mibac/export/system/modules/it.inera.opencms.templates/MiBAC/css/footer.css,Italy
https://www.beniculturali.it,image/png,http://www.beniculturali.it/mibac/export/system/modules/it.inera.opencms.templates/MiBAC/images/layout/header/open-data-logo.png,Italy
https://www.beniculturali.it,image/gif,http://www.beniculturali.it/mibac/export/system/modules/it.inera.opencms.templates/MiBAC/images/layout/cls/numeroverde.gif,Italy
https://www.beniculturali.it,application/javascript,https://ws.sharethis.com/button/async-buttons.js,United States
https://www.beniculturali.it,text/css,https://ws.sharethis.com/button/css/buttons-secure.css,United States
https://www.beniculturali.it,image/jpeg,http://www.beniculturali.it/mibac/export/system/modules/it.inera.opencms.templates/MiBAC/images/layout/header/imgheader.jpg,Italy
https://www.beniculturali.it,image/jpeg,http://www.beniculturali.it/mibac/export/system/modules/it.inera.opencms.templates/MiBAC/images/layout/cls/calendar_banner.jpg,Italy
https://www.beniculturali.it,image/jpeg,http://www.beniculturali.it/mibac/multimedia/MiBAC/images/upload/small/76/1471346873531_Paesaggio.jpg,Italy
https://www.beniculturali.it,image/jpeg,http://www.beniculturali.it/mibac/export/system/modules/it.inera.opencms.templates/MiBAC/images/layout/cls/NewsletterMiBAC.jpg,Italy
https://www.beniculturali.it,image/jpeg,http://www.beniculturali.it/mibac/multimedia/MiBAC/images/upload/small/65/1444295527191_FESR202.jpg,Italy
https://www.beniculturali.it,image/jpeg,http://www.beniculturali.it/mibac/multimedia/MiBAC/images/upload/small/76/1471438013197_Scuola.jpg,Italy
https://www.beniculturali.it,application/javascript,https://ws.sharethis.com/button/p.js,United States
https://www.beniculturali.it,application/javascript,http://t.sharethis.com/1/d/t.dhj?rnd=1555740456994&cid=c010&dmn=www.beniculturali.it,United States
https://www.beniculturali.it,text/javascript,http://t.sharethis.com/0.243.10378/a/t_.js?cid=c010,United States
https://www.beniculturali.it,image/jpeg,http://www.beniculturali.it/mibac/export/system/modules/it.inera.opencms.templates/MiBAC/images/layout/header/pipe.jpg,Italy
https://www.beniculturali.it,image/gif,http://www.beniculturali.it/mibac/export/system/modules/it.inera.opencms.templates/MiBAC/images/layout/bkp_sx.gif,Italy
https://www.beniculturali.it,image/gif,http://www.beniculturali.it/mibac/export/system/modules/it.inera.opencms.templates/MiBAC/images/layout/bkp_dx.gif,Italy
https://www.beniculturali.it,image/gif,http://www.beniculturali.it/mibac/export/system/modules/it.inera.opencms.templates/MiBAC/images/layout/header/bk_header.gif,Italy
https://www.beniculturali.it,image/gif,https://sync.sharethis.com/fifty?uid=64df9588-9b75-4174-4e1c-f09882ffb01c,Singapore
https://www.beniculturali.it,image/png,http://www.beniculturali.it/mibac/export/system/modules/it.inera.opencms.templates/MiBAC/images/layout/header/imgheadersfumata.png,Italy
https://www.beniculturali.it,image/gif,http://www.beniculturali.it/mibac/export/system/modules/it.inera.opencms.templates/MiBAC/images/layout/cls/arrow.gif,Italy
https://www.beniculturali.it,image/png,http://www.beniculturali.it/mibac/export/system/modules/it.inera.opencms.templates/MiBAC/images/layout/header/icon_instagram_grey.png,Italy
https://www.beniculturali.it,image/jpeg,http://www.beniculturali.it/mibac/export/system/modules/it.inera.opencms.templates/MiBAC/images/border_search.jpg,Italy
https://www.beniculturali.it,image/png,http://www.beniculturali.it/mibac/export/system/modules/it.inera.opencms.templates/MiBAC/images/layout/header/icon_fb_grey.png,Italy
https://www.beniculturali.it,image/gif,https://secure.adnxs.com/getuid?http%3A%2F%2Fmap.go.affec.tv%2Fmap%2Fan%2F%24UID%3Fch%3D5cbab729c4ebd80001b7d3c4%26chc%3Dst%26redirect_url%3D,United States
https://www.beniculturali.it,image/png,http://www.beniculturali.it/mibac/export/system/modules/it.inera.opencms.templates/MiBAC/images/layout/header/icon_youtube_grey.png,Italy
https://www.beniculturali.it,image/png,http://www.beniculturali.it/mibac/export/system/modules/it.inera.opencms.templates/MiBAC/images/layout/header/icon_twitter_grey.png,Italy
https://www.beniculturali.it,image/png,http://www.beniculturali.it/mibac/export/system/modules/it.inera.opencms.templates/MiBAC/images/layout/header/icon_rss_grey.png,Italy
https://www.beniculturali.it,image/png,http://www.beniculturali.it/mibac/export/system/modules/it.inera.opencms.templates/MiBAC/images/layout/content/linkarchivio.png,Italy
https://www.beniculturali.it,image/jpeg,http://www.beniculturali.it/mibac/multimedia/MiBAC/images/upload/med/116/1554812609365_RaceHomePage.jpg,Italy
https://www.beniculturali.it,image/jpeg,http://www.beniculturali.it/mibac/multimedia/MiBAC/images/upload/large/116/1555495874641_banner_CL500.jpg,Italy
https://www.beniculturali.it,image/jpeg,http://www.beniculturali.it/mibac/multimedia/MiBAC/images/upload/small/103/1526390723892_oiv_modulo.jpg,Italy
https://www.beniculturali.it,image/jpeg,http://www.beniculturali.it/mibac/multimedia/MiBAC/images/upload/med/86/1490364414598_ElenchiRestauro.jpg,Italy
https://www.beniculturali.it,image/jpeg,http://www.beniculturali.it/mibac/multimedia/MiBAC/images/upload/small/65/1444295705739_5x1000piccolo.jpg,Italy
https://www.beniculturali.it,image/jpeg,http://www.beniculturali.it/mibac/multimedia/MiBAC/images/upload/med/72/1458809545505_2x1000.jpg,Italy
https://www.beniculturali.it,image/jpeg,http://www.beniculturali.it/mibac/multimedia/MiBAC/images/upload/small/101/1522332250638_banner_pasqua.jpg,Italy
https://www.beniculturali.it,image/jpeg,http://www.beniculturali.it/mibac/multimedia/MiBAC/images/upload/small/116/1555514943941_1.jpg,Italy
https://www.beniculturali.it,image/jpeg,http://www.beniculturali.it/mibac/multimedia/MiBAC/images/upload/small/114/1551115556508_1.jpg,Italy
https://www.beniculturali.it,image/jpeg,http://www.beniculturali.it/mibac/multimedia/MiBAC/images/upload/small/112/1543832476787_Gallerie-dell-Accademia-Venezia-720x380.jpg,Italy
https://www.beniculturali.it,image/jpeg,http://www.beniculturali.it/mibac/multimedia/MiBAC/images/upload/small/115/1551801195410_LogoArtBonus.jpg,Italy
https://www.beniculturali.it,image/jpeg,http://www.beniculturali.it/mibac/multimedia/MiBAC/images/upload/small/115/1553256942407_Foto_Firma.jpg,Italy
https://www.beniculturali.it,image/jpeg,http://www.beniculturali.it/mibac/multimedia/MiBAC/images/upload/small/114/1551084505426_logo_db_esperti.jpg,Italy
https://www.beniculturali.it,image/jpeg,http://www.beniculturali.it/mibac/multimedia/MiBAC/images/small/81/40375556c28252bc9b2084ea501091eee6488f95.JPG,Italy
https://www.beniculturali.it,image/jpeg,http://www.beniculturali.it/mibac/multimedia/MiBAC/images/upload/small/91/1501832245976_BannerTerremoto.jpg,Italy
https://www.beniculturali.it,image/jpeg,http://www.beniculturali.it/mibac/multimedia/MiBAC/images/upload/small/113/1547481025917_Cattura.jpg,Italy
https://www.beniculturali.it,image/jpeg,http://www.beniculturali.it/mibac/multimedia/MiBAC/images/upload/large/85/1490102457776_PST_2017_IT.jpg,Italy
https://www.beniculturali.it,image/jpeg,http://www.beniculturali.it/mibac/multimedia/MiBAC/images/upload/large/115/1552466411445_CatturaMuseo.jpg,Italy
https://www.beniculturali.it,image/jpeg,http://www.beniculturali.it/mibac/multimedia/MiBAC/images/upload/large/112/1541752473540_Matera2019.jpg,Italy
https://www.beniculturali.it,image/jpeg,http://www.beniculturali.it/mibac/multimedia/MiBAC/images/upload/large/89/1494962179288_banner.jpg,Italy
https://www.beniculturali.it,image/jpeg,http://www.beniculturali.it/mibac/multimedia/MiBAC/images/upload/large/82/1480423136646_banner_CC1_360x150.jpg,Italy
https://www.beniculturali.it,image/png,http://www.beniculturali.it/mibac/multimedia/MiBAC/images/upload/large/113/1545218356863_MW_media.png,Italy
https://www.beniculturali.it,image/gif,http://www.beniculturali.it/mibac/multimedia/MiBAC/images/upload/large/116/1554370239601_455X80_livelli-uniti_1.gif,Italy
https://www.beniculturali.it,image/jpeg,http://www.beniculturali.it/mibac/multimedia/MiBAC/images/upload/low/116/1555590481519_Cattura.jpg,Italy
https://www.beniculturali.it,image/jpeg,http://www.beniculturali.it/mibac/multimedia/MiBAC/images/upload/small/116/1555399794278_Cattura.jpg,Italy
https://www.beniculturali.it,image/jpeg,http://www.beniculturali.it/mibac/multimedia/MiBAC/images/upload/small/116/1554293837060_Cattura.jpg,Italy
https://www.beniculturali.it,image/jpeg,http://www.beniculturali.it/mibac/export/system/modules/it.inera.opencms.templates/MiBAC/images/segui_ministro.jpg,Italy
https://www.beniculturali.it,image/jpeg,http://www.beniculturali.it/mibac/multimedia/MiBAC/images/upload/med/116/1555657420816_4.jpg,Italy
https://www.beniculturali.it,image/jpeg,http://www.beniculturali.it/mibac/export/system/modules/it.inera.opencms.templates/MiBAC/images/layout/cld/governo.jpg,Italy
https://www.beniculturali.it,image/jpeg,http://www.beniculturali.it/mibac/export/system/modules/it.inera.opencms.templates/MiBAC/images/layout/cld/LogoTPC_banner.jpg,Italy
https://www.beniculturali.it,image/jpeg,http://www.beniculturali.it/mibac/export/system/modules/it.inera.opencms.templates/MiBAC/images/layout/cld/Legge77_2006.jpg,Italy
https://www.beniculturali.it,image/jpeg,http://www.beniculturali.it/mibac/export/system/modules/it.inera.opencms.templates/MiBAC/images/layout/cld/statistica.jpg,Italy
https://www.beniculturali.it,image/jpeg,http://www.beniculturali.it/mibac/export/system/modules/it.inera.opencms.templates/MiBAC/images/layout/cld/VincoliInRete.jpg,Italy
https://www.beniculturali.it,image/jpeg,http://www.beniculturali.it/mibac/export/system/modules/it.inera.opencms.templates/MiBAC/images/layout/cld/serviziocivile1.jpg,Italy
https://www.beniculturali.it,image/gif,http://www.beniculturali.it/mibac/export/system/modules/it.inera.opencms.templates/MiBAC/images/layout/cld/logo_ita.gif,Italy
https://www.beniculturali.it,image/jpeg,http://www.beniculturali.it/mibac/export/system/modules/it.inera.opencms.templates/MiBAC/images/layout/cld/DatiBeniCulturali.jpg,Italy
https://www.beniculturali.it,image/gif,http://www.beniculturali.it/mibac/export/system/modules/it.inera.opencms.templates/MiBAC/images/layout/cld/museiitaliani.gif,Italy
https://www.beniculturali.it,image/jpeg,http://www.beniculturali.it/mibac/export/system/modules/it.inera.opencms.templates/MiBAC/images/layout/cld/banner_mibac.jpg,Italy
https://www.beniculturali.it,image/jpeg,http://www.beniculturali.it/mibac/export/system/modules/it.inera.opencms.templates/MiBAC/images/layout/cld/JPI.jpg,Italy
https://www.beniculturali.it,image/jpeg,http://www.beniculturali.it/mibac/export/system/modules/it.inera.opencms.templates/MiBAC/images/layout/cld/SAN.jpg,Italy
https://www.beniculturali.it,image/gif,http://www.beniculturali.it/mibac/export/system/modules/it.inera.opencms.templates/MiBAC/images/layout/cld/logo_cug.gif,Italy
https://www.beniculturali.it,image/jpeg,http://www.beniculturali.it/mibac/export/system/modules/it.inera.opencms.templates/MiBAC/images/layout/cld/logoCSED.jpg,Italy
https://www.beniculturali.it,image/jpeg,http://www.beniculturali.it/mibac/export/system/modules/it.inera.opencms.templates/MiBAC/images/BannerArchivi.jpg,Italy
https://www.beniculturali.it,image/gif,http://www.beniculturali.it/mibac/export/system/modules/it.inera.opencms.templates/MiBAC/images/layout/cld/PortaleProcedimenti.gif,Italy
https://www.beniculturali.it,image/jpeg,http://www.beniculturali.it/mibac/export/system/modules/it.inera.opencms.templates/MiBAC/images/sue.jpg,Italy
https://www.beniculturali.it,image/jpeg,http://www.beniculturali.it/mibac/export/system/modules/it.inera.opencms.templates/MiBAC/images/layout/cld/cepell.jpg,Italy
https://www.beniculturali.it,image/gif,http://www.beniculturali.it/mibac/export/system/modules/it.inera.opencms.templates/MiBAC/images/layout/cld/OsservatorioSpettacolo.gif,Italy
https://www.beniculturali.it,image/gif,http://www.beniculturali.it/mibac/export/system/modules/it.inera.opencms.templates/MiBAC/images/layout/cld/Verificainteresse.gif,Italy
https://www.beniculturali.it,image/gif,http://www.beniculturali.it/mibac/export/system/modules/it.inera.opencms.templates/MiBAC/images/archeologiapreventiva.gif,Italy
https://www.beniculturali.it,image/gif,http://www.beniculturali.it/mibac/export/system/modules/it.inera.opencms.templates/MiBAC/images/layout/cld/logominerva.gif,Italy
https://www.beniculturali.it,image/png,http://www.beniculturali.it/mibac/export/system/modules/it.inera.opencms.templates/MiBAC/images/layout/cld/logointernetculturale.png,Italy
https://www.beniculturali.it,image/jpeg,http://www.beniculturali.it/mibac/export/system/modules/it.inera.opencms.templates/MiBAC/images/layout/cld/capitaliEuropee.jpg,Italy
https://www.beniculturali.it,image/gif,http://www.beniculturali.it/mibac/export/system/modules/it.inera.opencms.templates/MiBAC/images/europacittadini.gif,Italy
https://www.beniculturali.it,image/jpeg,http://www.beniculturali.it/mibac/export/system/modules/it.inera.opencms.templates/MiBAC/images/layout/cld/OTEBAC.jpg,Italy
https://www.beniculturali.it,image/gif,http://www.beniculturali.it/mibac/export/system/modules/it.inera.opencms.templates/MiBAC/images/layout/cld/LogoAles.gif,Italy
https://www.beniculturali.it,image/png,http://www.beniculturali.it/mibac/export/system/modules/it.inera.opencms.templates/MiBAC/images/layout/content/valid-xhtml10-blue.png,Italy
https://www.beniculturali.it,image/gif,http://www.beniculturali.it/mibac/export/system/modules/it.inera.opencms.templates/MiBAC/images/layout/content/ico_mail.gif,Italy
https://www.beniculturali.it,image/png,http://www.beniculturali.it/mibac/export/system/modules/it.inera.opencms.templates/MiBAC/images/backluogo.png,Italy
https://www.beniculturali.it,image/jpeg,http://www.beniculturali.it/mibac/export/system/modules/it.inera.opencms.templates/MiBAC/images/banner_back.jpg,Italy
https://www.beniculturali.it,image/png,http://www.beniculturali.it/mibac/export/system/modules/it.inera.opencms.templates/MiBAC/images/layout/content/buttons.png,Italy
https://www.beniculturali.it,image/png,http://www.beniculturali.it/mibac/export/system/modules/it.inera.opencms.templates/MiBAC/images/backfooter.png,Italy
https://www.beniculturali.it,image/png,http://www.beniculturali.it/mibac/export/system/modules/it.inera.opencms.templates/MiBAC/images/layout/content/play.png,Italy
https://www.beniculturali.it,text/css,http://www.beniculturali.it/mibac/export/system/modules/it.inera.opencms.templates/MiBAC/css/stampa.css,Italy
https://www.infocamere.it,application/javascript,https://ws.sharethis.com/secure5x/js/stcommon.1f60705adac788a51a8240cf535237b0.js,United States
https://www.infocamere.it,application/javascript,https://ws.sharethis.com/secure5x/js/st.cbaadb0df94eca088fb4641e977688f9.js,United States
https://www.infocamere.it,application/javascript; charset=utf-8,https://platform.twitter.com/widgets.js,United States
https://www.infocamere.it,application/javascript; charset=utf-8,https://platform.twitter.com/js/moment~timeline~tweet.6e5b62723488aee38af0c77681396a5b.js,United States
https://www.infocamere.it,application/javascript; charset=utf-8,https://platform.twitter.com/js/timeline.4c6ab682148a0366f9efb1647a3f4799.js,United States
https://www.infocamere.it,text/css; charset=utf-8,https://platform.twitter.com/css/timeline.0940efb0bc0eb82a2de893b3e7b414bf.light.ltr.css,United States
https://www.infocamere.it,text/css; charset=utf-8,https://platform.twitter.com/css/timeline.0940efb0bc0eb82a2de893b3e7b414bf.light.ltr.css,United States
https://www.interno.it,image/png,http://www.interno.gov.it/images_failover2/icon-location.png,Taiwan
https://www.interno.it,image/svg+xml,http://www.interno.gov.it/images_failover2/logo.svg,Taiwan
https://www.interno.it,image/svg+xml,http://www.interno.gov.it/images_failover2/logo-governo.svg,Taiwan
https://www.interno.it,image/jpeg,http://www.interno.gov.it/images_failover2/background.jpeg,Taiwan
https://www.itu.int/en/Pages/default.aspx,application/x-javascript,https://sdc.itu.int/dcsxwo60zspjo5dshtr0ytqo3_9q8g/wtid.js,Switzerland
https://www.itu.int/en/Pages/default.aspx,image/gif,https://sdc.itu.int/dcsxwo60zspjo5dshtr0ytqo3_9q8g/dcs.gif?dcsredirect=1&dcsdat=1555740511404&dcssip=www.itu.int&dcsuri=/en/Pages/default.aspx&WT.tz=8&WT.bh=14&WT.ul=en-US&WT.cd=24&WT.sr=1280x800&WT.jo=No&WT.ti=ITU:%20Committed%20to%20connecting%20the%20world&WT.js=Yes&WT.jv=1.5&WT.ct=unknown&WT.bs=800x600&WT.fv=Not%20enabled&WT.slv=Not%20enabled&WT.tv=9.4.0&WT.dl=0&WT.ssl=1&WT.es=www.itu.int/en/Pages/default.aspx&WT.ce=2&WT.vt_f_tlv=0&WT.vt_f_tlh=0&WT.vt_f_d=1&WT.vt_f_s=1&WT.vt_f_a=1&WT.vt_f=1&WT.vtvs=1555740511406&WT.vtid=156.106.249.68-2057242672.30734143&WT.co_f=156.106.249.68-2057242672.30734143,Switzerland
https://www.comune.roma.it/web/it/home.page,application/javascript; charset=utf-8,https://platform.twitter.com/widgets.js,United States
https://www.comune.roma.it/web/it/home.page,application/javascript; charset=utf-8,https://platform.twitter.com/js/moment~timeline~tweet.6e5b62723488aee38af0c77681396a5b.js,United States
https://www.comune.roma.it/web/it/home.page,application/javascript; charset=utf-8,https://platform.twitter.com/js/timeline.4c6ab682148a0366f9efb1647a3f4799.js,United States
https://www.comune.roma.it/web/it/home.page,text/css; charset=utf-8,https://platform.twitter.com/css/timeline.0940efb0bc0eb82a2de893b3e7b414bf.light.ltr.css,United States
https://www.comune.roma.it/web/it/home.page,text/css; charset=utf-8,https://platform.twitter.com/css/timeline.0940efb0bc0eb82a2de893b3e7b414bf.light.ltr.css,United States
https://www.regione.emilia-romagna.it,application/javascript,https://statisticheweb.regione.emilia-romagna.it/analytics/piwik.js,Italy
https://www.regione.emilia-romagna.it,image/gif,https://statisticheweb.regione.emilia-romagna.it/analytics/piwik.php?action_name=www.regione.emilia-romagna.it%2Fhomepage%20%E2%80%94%20Regione%20Emilia-Romagna&idsite=32&rec=1&r=200872&h=14&m=8&s=59&url=https%3A%2F%2Fwww.regione.emilia-romagna.it%2F&_id=7b5e380a580556b4&_idts=1555740540&_idvc=1&_idn=0&_refts=0&_viewts=1555740540&send_image=1&cookie=1&res=1280x800&gt_ms=642&pv_id=1fmVW2,Italy
https://www.camera.it/leg18/1,text/css,https://webtv.camera.it/modules/system/system.base.css?pf02ro,Italy
https://www.camera.it/leg18/1,text/css,https://webtv.camera.it/modules/field/theme/field.css?pf02ro,Italy
https://www.camera.it/leg18/1,text/css,https://webtv.camera.it/sites/all/modules/ctools/css/ctools.css?pf02ro,Italy
https://www.camera.it/leg18/1,text/css,https://webtv.camera.it/sites/all/themes/bootstrap/custom/css/font-face.css,Italy
https://www.camera.it/leg18/1,text/css,https://webtv.camera.it/sites/all/themes/bootstrap/custom/css/bootstrap.min.css,Italy
https://www.camera.it/leg18/1,text/css,https://webtv.camera.it/sites/all/themes/bootstrap/custom/css/bootstrap-responsive-tabs.css,Italy
https://www.camera.it/leg18/1,text/css,https://webtv.camera.it/sites/all/themes/bootstrap/custom/css/slick.css,Italy
https://www.camera.it/leg18/1,text/css,https://webtv.camera.it/sites/all/themes/bootstrap/custom/css/slick-theme.css,Italy
https://www.camera.it/leg18/1,text/css,https://webtv.camera.it/sites/all/themes/bootstrap/custom/css/webtv2018.css,Italy
https://www.camera.it/leg18/1,text/css,https://webtv.camera.it/sites/all/themes/bootstrap/custom/css/webtv2018-media-queries.css,Italy
https://www.camera.it/leg18/1,text/css,https://webtv.camera.it/modules/node/node.css?pf02ro,Italy
https://www.camera.it/leg18/1,text/css,https://webtv.camera.it/sites/all/modules/webtv/embed/embed.css?pf02ro,Italy
https://www.camera.it/leg18/1,text/javascript,https://webtv.camera.it/sites/all/modules/jquery_update/replace/jquery/1.9/jquery.js?v=1.9.1,Italy
https://www.camera.it/leg18/1,application/x-javascript,https://webtv.camera.it/misc/jquery.once.js?v=1.2,Italy
https://www.camera.it/leg18/1,application/x-javascript,https://webtv.camera.it/misc/drupal.js?pf02ro,Italy
https://www.camera.it/leg18/1,text/javascript,https://webtv.camera.it/sites/default/files/languages/it_MS5cSSOOPGWHTcqDKei7Lp7DZgOpUPjpM2pCaUG52yw.js?pf02ro,Italy
https://www.camera.it/leg18/1,text/javascript,https://webtv.camera.it/sites/all/modules/webtv/embed/embed.js?pf02ro,Italy
https://www.camera.it/leg18/1,image/png,https://webtv.camera.it/sites/all/themes/bootstrap/custom/img/logo-ue.png,Italy
https://www.camera.it/leg18/1,text/javascript,https://webtv.camera.it/sites/all/themes/bootstrap/js/bootstrap.js?pf02ro,Italy
https://www.camera.it/leg18/1,text/javascript,https://webtv.camera.it/sites/all/themes/bootstrap/custom/js/bootstrap.min.js,Italy
https://www.camera.it/leg18/1,text/javascript,https://webtv.camera.it/sites/all/themes/bootstrap/custom/js/fa.all.js,Italy
https://www.camera.it/leg18/1,text/javascript,https://webtv.camera.it/sites/all/themes/bootstrap/custom/js/jquery.bootstrap-responsive-tabs.min.js,Italy
https://www.camera.it/leg18/1,image/png,https://webtv.camera.it/sites/all/themes/bootstrap/custom/img/logo-parlamento.png,Italy
https://www.camera.it/leg18/1,text/javascript,https://webtv.camera.it/sites/all/themes/bootstrap/custom/js/bootstrap-datepicker.js,Italy
https://www.camera.it/leg18/1,text/javascript,https://webtv.camera.it/sites/all/themes/bootstrap/custom/js/slick.js,Italy
https://www.camera.it/leg18/1,text/javascript,https://webtv.camera.it/sites/all/themes/bootstrap/custom/js/bootstrap-datepicker.it.min.js,Italy
https://www.camera.it/leg18/1,text/javascript,https://webtv.camera.it/sites/all/themes/bootstrap/custom/js/application.js,Italy
https://www.camera.it/leg18/1,text/javascript,https://webtv.camera.it/sites/all/themes/bootstrap/custom/js/cookiebanner.js,Italy
https://www.istat.it,application/javascript; charset=utf-8,https://code.jquery.com/jquery-migrate-3.0.0.min.js,United States
https://www.regione.sardegna.it,application/javascript; charset=utf-8,https://code.jquery.com/jquery-migrate-1.3.0.min.js,United States
https://www.bancaditalia.it,application/javascript; charset=utf-8,https://platform.twitter.com/widgets.js,United States
https://www.bancaditalia.it,application/javascript; charset=utf-8,https://platform.twitter.com/js/moment~timeline~tweet.6e5b62723488aee38af0c77681396a5b.js,United States
https://www.bancaditalia.it,application/javascript; charset=utf-8,https://platform.twitter.com/js/timeline.4c6ab682148a0366f9efb1647a3f4799.js,United States
https://www.bancaditalia.it,text/css; charset=utf-8,https://platform.twitter.com/css/timeline.0940efb0bc0eb82a2de893b3e7b414bf.light.ltr.css,United States
https://www.bancaditalia.it,text/css; charset=utf-8,https://platform.twitter.com/css/timeline.0940efb0bc0eb82a2de893b3e7b414bf.light.ltr.css,United States
https://www.finanze.it/opencms/it,application/x-javascript,https://sdc.agenziaentrate.it/dcsomh0pugflxfnzchxutzkn3_6p9w/wtid.js,Italy
https://www.finanze.it/opencms/it,image/gif,https://sdc.agenziaentrate.it/dcsomh0pugflxfnzchxutzkn3_6p9w/dcs.gif?dcsredirect=1&dcsdat=1555740638241&dcssip=www.finanze.it&dcsuri=/opencms/it&WT.tz=8&WT.bh=14&WT.ul=en-US&WT.cd=24&WT.sr=1280x800&WT.jo=No&WT.ti=Dipartimento%20Finanze%20-%20Home&WT.js=Yes&WT.jv=1.5&WT.ct=unknown&WT.bs=800x600&WT.fv=Not%20enabled&WT.slv=Not%20enabled&WT.tv=9.4.0&WT.dl=0&WT.ssl=1&WT.es=www.finanze.it/opencms/it&WT.ce=2&WT.vt_f_a=2&WT.vt_f=2,Italy
https://www.regione.piemonte.it,application/javascript; charset=utf-8,https://platform.twitter.com/widgets.js,United States
https://www.regione.piemonte.it,application/javascript; charset=utf-8,https://platform.twitter.com/js/moment~timeline~tweet.6e5b62723488aee38af0c77681396a5b.js,United States
https://www.regione.piemonte.it,application/javascript; charset=utf-8,https://platform.twitter.com/js/timeline.4c6ab682148a0366f9efb1647a3f4799.js,United States
https://www.regione.piemonte.it,text/css; charset=utf-8,https://platform.twitter.com/css/timeline.0940efb0bc0eb82a2de893b3e7b414bf.light.ltr.css,United States
https://www.regione.piemonte.it,text/css; charset=utf-8,https://platform.twitter.com/css/timeline.0940efb0bc0eb82a2de893b3e7b414bf.light.ltr.css,United States
https://www.regione.piemonte.it,text/css; charset=utf-8,https://platform.twitter.com/css/timeline.0940efb0bc0eb82a2de893b3e7b414bf.light.ltr.css,United States
https://www.regione.piemonte.it,text/css; charset=utf-8,https://platform.twitter.com/css/timeline.0940efb0bc0eb82a2de893b3e7b414bf.light.ltr.css,United States
https://www.regione.piemonte.it,text/css; charset=utf-8,https://platform.twitter.com/css/timeline.0940efb0bc0eb82a2de893b3e7b414bf.light.ltr.css,United States
https://www.regione.piemonte.it,application/x-javascript,https://italia.piwikpro.com/piwik.js,United States
https://www.regione.liguria.it,application/json,https://www.regione.piemonte.it/web/link_bandi/link_bandi_ajax_callback?url_rpws=http%3A%2F%2Fwww.regione.piemonte.it%2Fbandipiemonte%2Fcms%2Frpws%2Fbandi-a-sportello%2Fbando-laccesso-al-fondo-pmi-riservato-micro-piccole-e-medie-imprese-edizione-2019,Italy
https://www.regione.liguria.it,application/json,https://www.regione.piemonte.it/web/link_bandi/link_bandi_ajax_callback?url_rpws=http%3A%2F%2Fwww.regione.piemonte.it%2Fbandipiemonte%2Fcms%2Frpws%2Ffinanziamenti%2Fcontributo-la-selezione-ed-il-finanziamento-dei-progetti-di-miglioramento-della,Italy
https://www.regione.liguria.it,application/json,https://www.regione.piemonte.it/web/link_bandi/link_bandi_ajax_callback?url_rpws=http%3A%2F%2Fwww.regione.piemonte.it%2Fbandipiemonte%2Fcms%2Frpws%2Ffinanziamenti%2Fbando-regionale-progettazione-e-attivazione-di-interventi-di-welfare-aziendale,Italy
https://www.regione.liguria.it,application/json,https://www.regione.piemonte.it/web/link_bandi/link_bandi_ajax_callback?url_rpws=http%3A%2F%2Fwww.regione.piemonte.it%2Fbandipiemonte%2Fcms%2Frpws%2Ffinanziamenti%2Fvoucher-scuola-il-diritto-allo-studio-anno-scolastico-20192020,Italy
https://www.regione.liguria.it,application/javascript; charset=utf-8,https://code.jquery.com/jquery-migrate-3.0.0.min.js,United States
https://www.comune.bologna.it,application/javascript; charset=utf-8,https://platform.twitter.com/widgets.js,United States
https://www.comune.bologna.it,application/javascript; charset=utf-8,https://platform.twitter.com/js/moment~timeline~tweet.6e5b62723488aee38af0c77681396a5b.js,United States
https://www.comune.bologna.it,application/javascript; charset=utf-8,https://platform.twitter.com/js/timeline.4c6ab682148a0366f9efb1647a3f4799.js,United States
https://www.comune.bologna.it,text/css; charset=utf-8,https://platform.twitter.com/css/timeline.0940efb0bc0eb82a2de893b3e7b414bf.light.ltr.css,United States
https://www.comune.bologna.it,text/css; charset=utf-8,https://platform.twitter.com/css/timeline.0940efb0bc0eb82a2de893b3e7b414bf.light.ltr.css,United States
https://www.comune.bologna.it,text/css; charset=utf-8,https://platform.twitter.com/css/timeline.0940efb0bc0eb82a2de893b3e7b414bf.light.ltr.css,United States
https://www.comune.bologna.it,text/css; charset=utf-8,https://platform.twitter.com/css/timeline.0940efb0bc0eb82a2de893b3e7b414bf.light.ltr.css,United States
https://www.comune.bologna.it,image/jpeg,http://www.comune.bologna.it/sites/default/files/styles/evidenza_home_pincipale/public/Giuriolo%20Cineteca%20rendering%20foto%20top.jpg?itok=d6UG3hYH,Italy
https://www.comune.bologna.it,image/jpeg,http://www.comune.bologna.it/sites/default/files/styles/evidenza_home_normale/public/DumB_%20homepiccola.jpg?itok=fwE3BcFj,Italy
https://www.comune.bologna.it,image/jpeg,http://www.comune.bologna.it/sites/default/files/styles/evidenza_home_normale/public/SAcrario%20partigiani_home%20piccola.jpeg?itok=VN5XlbrR,Italy
https://www.comune.bologna.it,image/jpeg,http://www.comune.bologna.it/sites/default/files/styles/evidenza_home_normale/public/Fausto%20Coppi%20foto%20home.jpg?itok=VZKDKzAw,Italy
https://www.comune.bologna.it,image/jpeg,http://www.comune.bologna.it/sites/default/files/AgendaCulturaBanner.jpg,Italy
https://www.comune.bologna.it,image/jpeg,http://www.comune.bologna.it/sites/default/files/styles/evidenza_politiche/public/Governo%20metropolitano.JPG?itok=-HAzIPyP,Italy
https://www.comune.bologna.it,image/png,http://www.comune.bologna.it/sites/default/files/styles/evidenza_politiche/public/270928_566196840075513_1154068994_n.png?itok=ETQbr4iU,Italy
https://www.comune.bologna.it,image/jpeg,http://www.comune.bologna.it/sites/default/files/styles/evidenza_politiche/public/Benessere%20sociale.jpg?itok=FlXqB4xX,Italy
https://www.comune.bologna.it,image/jpeg,http://www.comune.bologna.it/sites/default/files/styles/evidenza_politiche/public/Cultura.jpg?itok=RLYgV884,Italy
https://www.comune.bologna.it,image/jpeg,http://www.comune.bologna.it/sites/default/files/styles/evidenza_politiche/public/Sostenibilita%20urbana.jpg?itok=20licqyv,Italy
https://www.comune.bologna.it,image/jpeg,http://www.comune.bologna.it/sites/default/files/styles/evidenza_politiche/public/Cura%20della%20citt%C3%A0.jpeg?itok=PQX_AFvl,Italy
https://www.comune.bologna.it,image/jpeg,http://www.comune.bologna.it/sites/default/files/styles/evidenza_politiche/public/Pari%20opportunit%C3%A0.JPG?itok=KIa1T3sU,Italy
https://www.comune.bologna.it,image/jpeg,http://www.comune.bologna.it/sites/default/files/styles/evidenza_politiche/public/scuola.jpg?itok=T0KQQ-ZG,Italy
https://www2.comune.bologna.it,image/jpeg,http://www.comune.bologna.it/sites/default/files/styles/evidenza_home_pincipale/public/Giuriolo%20Cineteca%20rendering%20foto%20top.jpg?itok=d6UG3hYH,Italy
https://www2.comune.bologna.it,image/jpeg,http://www.comune.bologna.it/sites/default/files/styles/evidenza_home_normale/public/DumB_%20homepiccola.jpg?itok=fwE3BcFj,Italy
https://www2.comune.bologna.it,image/jpeg,http://www.comune.bologna.it/sites/default/files/styles/evidenza_home_normale/public/SAcrario%20partigiani_home%20piccola.jpeg?itok=VN5XlbrR,Italy
https://www2.comune.bologna.it,image/jpeg,http://www.comune.bologna.it/sites/default/files/styles/evidenza_home_normale/public/Fausto%20Coppi%20foto%20home.jpg?itok=VZKDKzAw,Italy
https://www2.comune.bologna.it,image/jpeg,http://www.comune.bologna.it/sites/default/files/AgendaCulturaBanner.jpg,Italy
https://www2.comune.bologna.it,application/javascript; charset=utf-8,https://platform.twitter.com/widgets.js,United States
https://www2.comune.bologna.it,image/jpeg,http://www.comune.bologna.it/sites/default/files/styles/evidenza_politiche/public/Governo%20metropolitano.JPG?itok=-HAzIPyP,Italy
https://www2.comune.bologna.it,image/png,http://www.comune.bologna.it/sites/default/files/styles/evidenza_politiche/public/270928_566196840075513_1154068994_n.png?itok=ETQbr4iU,Italy
https://www2.comune.bologna.it,image/jpeg,http://www.comune.bologna.it/sites/default/files/styles/evidenza_politiche/public/Benessere%20sociale.jpg?itok=FlXqB4xX,Italy
https://www2.comune.bologna.it,image/jpeg,http://www.comune.bologna.it/sites/default/files/styles/evidenza_politiche/public/scuola.jpg?itok=T0KQQ-ZG,Italy
https://www2.comune.bologna.it,image/jpeg,http://www.comune.bologna.it/sites/default/files/styles/evidenza_politiche/public/Cultura.jpg?itok=RLYgV884,Italy
https://www2.comune.bologna.it,image/jpeg,http://www.comune.bologna.it/sites/default/files/styles/evidenza_politiche/public/Sostenibilita%20urbana.jpg?itok=20licqyv,Italy
https://www2.comune.bologna.it,image/jpeg,http://www.comune.bologna.it/sites/default/files/styles/evidenza_politiche/public/Cura%20della%20citt%C3%A0.jpeg?itok=PQX_AFvl,Italy
https://www2.comune.bologna.it,image/jpeg,http://www.comune.bologna.it/sites/default/files/styles/evidenza_politiche/public/Pari%20opportunit%C3%A0.JPG?itok=KIa1T3sU,Italy
https://www2.comune.bologna.it,application/javascript; charset=utf-8,https://platform.twitter.com/js/timeline.4c6ab682148a0366f9efb1647a3f4799.js,United States
https://www2.comune.bologna.it,application/javascript; charset=utf-8,https://platform.twitter.com/js/moment~timeline~tweet.6e5b62723488aee38af0c77681396a5b.js,United States
https://www2.comune.bologna.it,text/css; charset=utf-8,https://platform.twitter.com/css/timeline.0940efb0bc0eb82a2de893b3e7b414bf.light.ltr.css,United States
https://www2.comune.bologna.it,text/css; charset=utf-8,https://platform.twitter.com/css/timeline.0940efb0bc0eb82a2de893b3e7b414bf.light.ltr.css,United States
https://www.iccu.sbn.it/it/,text/css; charset=utf-8,https://platform.twitter.com/css/timeline.0940efb0bc0eb82a2de893b3e7b414bf.light.ltr.css,United States
https://www.iccu.sbn.it/it/,text/css; charset=utf-8,https://platform.twitter.com/css/timeline.0940efb0bc0eb82a2de893b3e7b414bf.light.ltr.css,United States
https://www.iccu.sbn.it/it/,application/javascript; charset=utf-8,https://platform.twitter.com/widgets.js,United States
https://dichiarazioneprecompilata.agenziaentrate.gov.it/index.htm?v=150419,image/jpeg,https://www.iccu.sbn.it/export/sites/iccu/immagini/carosello/catalogo_sfondo.jpg_813255383.jpg,Italy
https://dichiarazioneprecompilata.agenziaentrate.gov.it/index.htm?v=150419,image/jpeg,https://www.iccu.sbn.it/export/sites/iccu/immagini/carosello/opac_sfondo.jpg_813255383.jpg,Italy
https://dichiarazioneprecompilata.agenziaentrate.gov.it/index.htm?v=150419,image/jpeg,https://www.iccu.sbn.it/export/sites/iccu/immagini/carosello/ic_sfondo.jpg_813255383.jpg,Italy
https://dichiarazioneprecompilata.agenziaentrate.gov.it/index.htm?v=150419,image/jpeg,https://www.iccu.sbn.it/export/sites/iccu/immagini/carosello/attivita_sfondo.jpg_813255383.jpg,Italy
https://dichiarazioneprecompilata.agenziaentrate.gov.it/index.htm?v=150419,image/jpeg,https://www.iccu.sbn.it/export/sites/iccu/immagini/carosello/illsbn_sfondo.jpg_813255383.jpg,Italy
https://dichiarazioneprecompilata.agenziaentrate.gov.it/index.htm?v=150419,image/jpeg,https://www.iccu.sbn.it/export/sites/iccu/immagini/carosello/istituto_sfondo.jpg_813255383.jpg,Italy
https://dichiarazioneprecompilata.agenziaentrate.gov.it/index.htm?v=150419,image/jpeg,https://www.iccu.sbn.it/export/sites/iccu/immagini/carosello/accordi_sfondo.jpg_813255383.jpg,Italy
https://dichiarazioneprecompilata.agenziaentrate.gov.it/index.htm?v=150419,image/jpeg,https://www.iccu.sbn.it/export/sites/iccu/immagini/carosello/pubblicazioni_sfondo.jpg_813255383.jpg,Italy
https://dichiarazioneprecompilata.agenziaentrate.gov.it/index.htm?v=150419,image/jpeg,https://www.iccu.sbn.it/export/sites/iccu/immagini/carosello/trasparenza_sfondo.jpg_813255383.jpg,Italy
https://dichiarazioneprecompilata.agenziaentrate.gov.it/index.htm?v=150419,application/javascript; charset=utf-8,https://code.jquery.com/jquery-3.1.1.min.js,United States
https://dichiarazioneprecompilata.agenziaentrate.gov.it/index.htm?v=150419,image/png,https://spid.sogei.it/SPIDManagerWeb/images/spid-agid-logo-lb.png,Italy
https://www.iss.it,application/x-javascript,https://iss-www.azurewebsites.net/wp-includes/js/jquery/jquery-migrate.min.js?ver=1.4.1,Netherlands
https://www.iss.it,application/x-javascript,https://iss-www.azurewebsites.net/wp-includes/js/jquery/jquery.js?ver=1.12.4,Netherlands
https://www.iss.it,application/x-javascript,https://iss-www.azurewebsites.net/wp-includes/js/wp-embed.min.js?ver=4.9.10,Netherlands
https://www.iss.it,application/x-javascript,https://iss-www.azurewebsites.net/wp-includes/js/wp-emoji-release.min.js?ver=4.9.10,Netherlands
https://www.senato.it/home,application/javascript; charset=utf-8,https://platform.twitter.com/widgets.js,United States
https://www.senato.it/home,application/javascript; charset=utf-8,https://platform.twitter.com/js/moment~timeline~tweet.6e5b62723488aee38af0c77681396a5b.js,United States
https://www.senato.it/home,application/javascript; charset=utf-8,https://platform.twitter.com/js/timeline.4c6ab682148a0366f9efb1647a3f4799.js,United States
https://www.senato.it/home,text/css; charset=utf-8,https://platform.twitter.com/css/timeline.0940efb0bc0eb82a2de893b3e7b414bf.light.ltr.css,United States
https://www.senato.it/home,text/css; charset=utf-8,https://platform.twitter.com/css/timeline.0940efb0bc0eb82a2de893b3e7b414bf.light.ltr.css,United States
https://www.camcom.gov.it,application/javascript; charset=utf-8,https://platform.twitter.com/widgets.js,United States
https://www.camcom.gov.it,application/javascript; charset=utf-8,https://platform.twitter.com/js/moment~timeline~tweet.6e5b62723488aee38af0c77681396a5b.js,United States
https://www.camcom.gov.it,application/javascript; charset=utf-8,https://platform.twitter.com/js/timeline.4c6ab682148a0366f9efb1647a3f4799.js,United States
https://www.camcom.gov.it,text/css; charset=utf-8,https://platform.twitter.com/css/timeline.0940efb0bc0eb82a2de893b3e7b414bf.light.ltr.css,United States
https://www.camcom.gov.it,text/css; charset=utf-8,https://platform.twitter.com/css/timeline.0940efb0bc0eb82a2de893b3e7b414bf.light.ltr.css,United States
https://www.camcom.gov.it,image/png,http://icms.sicamera.it/UserFiles/Image/GiroItaliacamcom.png,Italy
https://www.mise.gov.it/index.php/it/,application/javascript; charset=utf-8,https://platform.twitter.com/widgets.js,United States
https://www.mise.gov.it/index.php/it/,application/javascript; charset=utf-8,https://platform.twitter.com/js/moment~timeline~tweet.6e5b62723488aee38af0c77681396a5b.js,United States
https://www.mise.gov.it/index.php/it/,application/javascript; charset=utf-8,https://platform.twitter.com/js/timeline.4c6ab682148a0366f9efb1647a3f4799.js,United States
https://www.mise.gov.it/index.php/it/,text/css; charset=utf-8,https://platform.twitter.com/css/timeline.0940efb0bc0eb82a2de893b3e7b414bf.light.ltr.css,United States
https://www.mise.gov.it/index.php/it/,application/javascript,https://analytics.mise.gov.it/piwik.js,Italy
https://www.mise.gov.it/index.php/it/,text/css; charset=utf-8,https://platform.twitter.com/css/timeline.0940efb0bc0eb82a2de893b3e7b414bf.light.ltr.css,United States
https://www.mise.gov.it/index.php/it/,image/gif,https://analytics.mise.gov.it/piwik.php?action_name=Ministero%20dello%20Sviluppo%20Economico&idsite=2&rec=1&r=137137&h=14&m=11&s=56&url=https%3A%2F%2Fwww.mise.gov.it%2Findex.php%2Fit%2F&_id=bd68c7684813a61e&_idts=1555740716&_idvc=1&_idn=0&_refts=0&_viewts=1555740716&send_image=1&cookie=1&res=1280x800&gt_ms=2429&pv_id=JDxATE,Italy
https://www.comune.modena.it,application/javascript; charset=utf-8,https://platform.twitter.com/widgets.js,United States
https://www.comune.modena.it,application/javascript; charset=utf-8,https://platform.twitter.com/js/moment~timeline~tweet.6e5b62723488aee38af0c77681396a5b.js,United States
https://www.comune.modena.it,application/javascript; charset=utf-8,https://platform.twitter.com/js/timeline.4c6ab682148a0366f9efb1647a3f4799.js,United States
https://www.comune.modena.it,text/css; charset=utf-8,https://platform.twitter.com/css/timeline.0940efb0bc0eb82a2de893b3e7b414bf.light.ltr.css,United States
https://www.comune.modena.it,text/css; charset=utf-8,https://platform.twitter.com/css/timeline.0940efb0bc0eb82a2de893b3e7b414bf.light.ltr.css,United States
https://www.comune.modena.it,text/css; charset=utf-8,https://platform.twitter.com/css/timeline.0940efb0bc0eb82a2de893b3e7b414bf.light.ltr.css,United States
https://www.comune.modena.it,text/css; charset=utf-8,https://platform.twitter.com/css/timeline.0940efb0bc0eb82a2de893b3e7b414bf.light.ltr.css,United States
https://www.agid.gov.it,image/gif,https://ssl.siteimprove.com/image.aspx?url=https%3A%2F%2Fwww.agid.gov.it%2F&title=Home%20page%20%7C%20Agenzia%20per%20l%27Italia%20digitale&res=1280x800&accountid=6086464&rt=3560&prev=1555740843303&luid=11aca1f9-73ea-7d99-d16e-065061f04c1a&rnd=66731,Germany
https://www.nic.it/it,application/javascript,https://matomo.nic.it/piwik.js,Italy
https://www.nic.it/it,application/javascript,https://matomo.nic.it/matomo.js,Italy
https://www.nic.it/it,application/json,https://stats.nic.it/api/v2/domain/counter,Italy
https://www.nic.it/it,application/json,https://stats.nic.it/api/v2/domain/counter,Italy
https://www.nic.it/it,image/gif,https://matomo.nic.it/matomo.php?action_name=%7C%20Registro%20.it&idsite=4&rec=1&r=769704&h=14&m=12&s=34&url=https%3A%2F%2Fwww.nic.it%2Fit&_id=d7ee65368a69d2f7&_idts=1555740755&_idvc=1&_idn=0&_refts=0&_viewts=1555740755&send_image=1&cookie=1&res=1280x800&gt_ms=815&pv_id=U2DUJK,Italy
https://www.nic.it/it,image/gif,https://matomo.nic.it/matomo.php?action_name=%7C%20Registro%20.it&idsite=4&rec=1&r=321966&h=14&m=12&s=34&url=https%3A%2F%2Fwww.nic.it%2Fit&_id=d7ee65368a69d2f7&_idts=1555740755&_idvc=1&_idn=0&_refts=0&_viewts=1555740755&send_image=1&cookie=1&res=1280x800&gt_ms=815&pv_id=me7Q9p,Italy
https://www.regione.marche.it,application/javascript; charset=utf-8,https://platform.twitter.com/widgets.js,United States
https://www.regione.marche.it,application/javascript; charset=utf-8,https://platform.twitter.com/js/moment~timeline~tweet.6e5b62723488aee38af0c77681396a5b.js,United States
https://www.regione.marche.it,application/javascript; charset=utf-8,https://platform.twitter.com/js/timeline.4c6ab682148a0366f9efb1647a3f4799.js,United States
https://www.regione.marche.it,text/css; charset=utf-8,https://platform.twitter.com/css/timeline.0940efb0bc0eb82a2de893b3e7b414bf.light.ltr.css,United States
https://www.regione.marche.it,text/css; charset=utf-8,https://platform.twitter.com/css/timeline.0940efb0bc0eb82a2de893b3e7b414bf.light.ltr.css,United States
https://www.comune.venezia.it,image/jpeg,https://live.comune.venezia.it/sites/live.comune.venezia.it/files/field/image/partigiana.jpg,Italy
https://www.agcom.it,application/javascript; charset=utf-8,https://platform.twitter.com/widgets.js,United States
https://www.agcom.it,application/javascript; charset=utf-8,https://platform.twitter.com/js/moment~timeline~tweet.6e5b62723488aee38af0c77681396a5b.js,United States
https://www.agcom.it,application/javascript; charset=utf-8,https://platform.twitter.com/js/timeline.4c6ab682148a0366f9efb1647a3f4799.js,United States
https://www.agcom.it,text/css; charset=utf-8,https://platform.twitter.com/css/timeline.0940efb0bc0eb82a2de893b3e7b414bf.light.ltr.css,United States
https://www.agcom.it,text/css; charset=utf-8,https://platform.twitter.com/css/timeline.0940efb0bc0eb82a2de893b3e7b414bf.light.ltr.css,United States
