https://www.jst.go.jp,image/png,https://www.jma.go.jp/jp/amedas/imgs/temp/000/201904201500-00.png,United States
https://www.jst.go.jp,application/json,https://www.jma.go.jp/jma/com/json/emergency_links.json,United States
https://www.jst.go.jp,image/png,https://www.jma.go.jp/jp/yoho/images/000_telop_today.png,United States
https://www.jst.go.jp,image/png,https://www.jma.go.jp/jp/radnowc/imgs/radar/000/201904201515-00.png,United States
https://www.jst.go.jp,image/gif,https://www.jma.go.jp/jma/com/images/icon_arrow03.gif,United States
https://www.jst.go.jp,image/png,https://www.jma.go.jp/jp/g3/images/jp_c/19042012.png,United States
https://www.jst.go.jp,application/json; charset=utf-8,https://www.data.jma.go.jp/hp_notice/message.json,United States
https://www.mhlw.go.jp/index.html,application/javascript; charset=utf-8,https://code.jquery.com/jquery-3.2.1.min.js,United States
https://www.meti.go.jp,application/javascript,https://cs.nakanohito.jp/b3/bi.js,Japan
https://www.meti.go.jp,image/jpeg,https://www.chusho.meti.go.jp/emp/190227ep05.jpg,United States
https://www.meti.go.jp,image/gif,https://bs.nakanohito.jp/b3/,Japan
https://www.enecho.meti.go.jp,application/javascript,https://cs.nakanohito.jp/b3/bi.js,Japan
https://www.enecho.meti.go.jp,image/gif,https://bs.nakanohito.jp/b3/,Japan
https://www.chusho.meti.go.jp,application/javascript,https://cs.nakanohito.jp/b3/bi.js,Japan
https://www.chusho.meti.go.jp,image/gif,https://bs.nakanohito.jp/b3/,Japan
https://www.moj.go.jp,text/css,http://www.moj.go.jp/content/common.css,Japan
https://www.moj.go.jp,text/css,http://www.moj.go.jp/content/layout.css,Japan
https://www.moj.go.jp,text/css,http://www.moj.go.jp/content/use_mf_custom_moj.css,Japan
https://www.moj.go.jp,text/css,http://www.moj.go.jp/content/aly.css,Japan
https://www.moj.go.jp,text/css,http://www.moj.go.jp/content/top.css,Japan
https://www.moj.go.jp,text/css,http://www.moj.go.jp/content/pc_style.css,Japan
https://www.moj.go.jp,text/css,http://www.moj.go.jp/content/sp_jquery.bxslider.css,Japan
https://www.moj.go.jp,application/javascript,http://www.moj.go.jp/content/jquery-ui-1.8rc3.custom.min.js,Japan
https://www.moj.go.jp,application/javascript,http://www.moj.go.jp/content/jquery.min1.8.2.js,Japan
https://www.moj.go.jp,application/javascript,http://www.moj.go.jp/content/common.js,Japan
https://www.moj.go.jp,application/javascript,http://www.moj.go.jp/content/sp_common.js,Japan
https://www.moj.go.jp,application/javascript,http://www.moj.go.jp/content/fontsize.js,Japan
https://www.moj.go.jp,application/javascript,http://www.moj.go.jp/content/sp_top.js,Japan
https://www.moj.go.jp,image/gif,http://www.moj.go.jp/content/000000049.gif,Japan
https://www.moj.go.jp,image/gif,http://www.moj.go.jp/content/000126951.gif,Japan
https://www.moj.go.jp,text/javascript; charset=utf-8,http://ewb-c.infocreate.co.jp/ewbc/ptspk_loader.js?siteId=018_moj,United States
https://www.moj.go.jp,application/javascript,http://www.moj.go.jp/content/jquery.bxslider.min.js,Japan
https://www.moj.go.jp,text/javascript,http://c.marsflag.com/mf/mfx/js/mfx-sbox.js,United States
https://www.moj.go.jp,image/gif,http://www.moj.go.jp/content/000070720.gif,Japan
https://www.moj.go.jp,image/gif,http://www.moj.go.jp/content/000070721.gif,Japan
https://www.moj.go.jp,image/gif,http://www.moj.go.jp/content/000126948.gif,Japan
https://www.moj.go.jp,image/gif,http://www.moj.go.jp/content/000070718.gif,Japan
https://www.moj.go.jp,image/gif,http://www.moj.go.jp/content/000126942.gif,Japan
https://www.moj.go.jp,image/gif,http://www.moj.go.jp/content/000126944.gif,Japan
https://www.moj.go.jp,image/gif,http://www.moj.go.jp/content/000126946.gif,Japan
https://www.moj.go.jp,image/png,http://www.moj.go.jp/content/001285585.png,Japan
https://www.moj.go.jp,image/png,http://www.moj.go.jp/content/001283965.png,Japan
https://www.moj.go.jp,image/jpeg,http://www.moj.go.jp/content/001280203.jpg,Japan
https://www.moj.go.jp,image/png,http://www.moj.go.jp/content/001261884.png,Japan
https://www.moj.go.jp,image/jpeg,http://www.moj.go.jp/content/001263962.jpg,Japan
https://www.moj.go.jp,image/jpeg,http://www.moj.go.jp/content/001291810.jpg,Japan
https://www.moj.go.jp,text/javascript,http://c.marsflag.com/mf/gui/gui.js,United States
https://www.moj.go.jp,image/jpeg,http://www.moj.go.jp/content/000000041.jpg,Japan
https://www.moj.go.jp,image/gif,http://www.moj.go.jp/content/000000038.gif,Japan
https://www.moj.go.jp,image/gif,http://www.moj.go.jp/content/000000042.gif,Japan
https://www.moj.go.jp,image/gif,http://www.moj.go.jp/content/000126943.gif,Japan
https://www.moj.go.jp,application/x-javascript,http://c.marsflag.com/lib/js/md5.min.js,United States
https://www.moj.go.jp,image/gif,http://www.moj.go.jp/content/000126947.gif,Japan
https://www.moj.go.jp,image/gif,http://www.moj.go.jp/content/000126945.gif,Japan
https://www.moj.go.jp,image/gif,http://www.moj.go.jp/content/000126950.gif,Japan
https://www.moj.go.jp,image/gif,http://www.moj.go.jp/content/000126958.gif,Japan
https://www.moj.go.jp,image/gif,http://www.moj.go.jp/content/000000159.gif,Japan
https://www.moj.go.jp,image/gif,http://www.moj.go.jp/content/000000046.gif,Japan
https://www.moj.go.jp,image/gif,http://www.moj.go.jp/content/000000161.gif,Japan
https://www.moj.go.jp,image/gif,http://www.moj.go.jp/content/000000052.gif,Japan
https://www.moj.go.jp,image/gif,http://www.moj.go.jp/content/000000051.gif,Japan
https://www.moj.go.jp,image/gif,http://www.moj.go.jp/content/000000166.gif,Japan
https://www.moj.go.jp,image/gif,http://www.moj.go.jp/content/000000082.gif,Japan
https://www.moj.go.jp,image/png,http://www.moj.go.jp/content/001254951.png,Japan
https://www.moj.go.jp,image/png,http://www.moj.go.jp/content/001229967.png,Japan
https://www.moj.go.jp,image/png,http://www.moj.go.jp/content/001292477.png,Japan
https://www.moj.go.jp,image/jpeg,http://www.moj.go.jp/content/001203975.jpg,Japan
https://www.moj.go.jp,image/png,http://www.moj.go.jp/content/001277375.png,Japan
https://www.moj.go.jp,image/jpeg,http://www.moj.go.jp/content/001284659.jpg,Japan
https://www.moj.go.jp,image/gif,http://www.moj.go.jp/content/000000163.gif,Japan
https://www.moj.go.jp,image/jpeg,http://www.moj.go.jp/content/001278412.jpg,Japan
https://www.moj.go.jp,image/jpeg,http://www.moj.go.jp/content/001277735.jpg,Japan
https://www.moj.go.jp,image/jpeg,http://www.moj.go.jp/content/001273610.jpg,Japan
https://www.moj.go.jp,image/jpeg,http://www.moj.go.jp/content/001222348.jpg,Japan
https://www.moj.go.jp,image/jpeg,http://www.moj.go.jp/content/001229195.jpg,Japan
https://www.moj.go.jp,image/jpeg,http://www.moj.go.jp/content/001225764.jpg,Japan
https://www.moj.go.jp,image/jpeg,http://www.moj.go.jp/content/001259805.jpg,Japan
https://www.moj.go.jp,image/jpeg,http://www.moj.go.jp/content/001223573.jpg,Japan
https://www.moj.go.jp,image/png,http://www.moj.go.jp/content/001222352.png,Japan
https://www.moj.go.jp,text/javascript,http://c.marsflag.com/mf/cs.js,United States
https://www.moj.go.jp,image/jpeg,http://www.moj.go.jp/content/001222351.jpg,Japan
https://www.moj.go.jp,image/bmp,http://www.moj.go.jp/content/001222350.bmp,Japan
https://www.moj.go.jp,image/png,http://www.moj.go.jp/content/001182293.png,Japan
https://www.moj.go.jp,text/javascript,http://c.marsflag.com/mf/gui/js/customer/gui-mf.js,United States
https://www.moj.go.jp,text/css,http://c.marsflag.com/mf/gui/css/result-frame.css,United States
https://www.moj.go.jp,text/javascript,http://c.marsflag.com/mf/gui/js/lib/jquery2.js,United States
https://www.moj.go.jp,image/jpeg,http://www.moj.go.jp/content/001183930.jpg,Japan
https://www.moj.go.jp,text/javascript,http://c.marsflag.com/mf/gui/js/serp.js,United States
https://www.moj.go.jp,image/png,http://www.moj.go.jp/content/001209437.png,Japan
https://www.moj.go.jp,image/jpeg,http://www.moj.go.jp/content/000019842.jpg,Japan
https://www.moj.go.jp,image/png,http://www.moj.go.jp/content/001259816.png,Japan
https://www.moj.go.jp,image/jpeg,http://www.moj.go.jp/content/000020688.jpg,Japan
https://www.moj.go.jp,image/png,http://www.moj.go.jp/content/001210077.png,Japan
https://www.moj.go.jp,image/png,http://www.moj.go.jp/content/001128361.png,Japan
https://www.moj.go.jp,image/png,http://www.moj.go.jp/content/001291542.png,Japan
https://www.moj.go.jp,image/png,http://www.moj.go.jp/content/001141995.png,Japan
https://www.moj.go.jp,image/png,http://www.moj.go.jp/content/001145565.png,Japan
https://www.moj.go.jp,image/jpeg,http://www.moj.go.jp/content/000020685.jpg,Japan
https://www.moj.go.jp,image/jpeg,http://www.moj.go.jp/content/000101170.jpg,Japan
https://www.moj.go.jp,image/gif,http://www.moj.go.jp/content/000000164.gif,Japan
https://www.moj.go.jp,image/gif,http://www.moj.go.jp/content/000000165.gif,Japan
https://www.moj.go.jp,image/png,http://www.moj.go.jp/content/001249874.png,Japan
https://www.moj.go.jp,image/jpeg,http://www.moj.go.jp/content/000020691.jpg,Japan
https://www.moj.go.jp,image/jpeg,http://www.moj.go.jp/content/000020689.jpg,Japan
https://www.moj.go.jp,image/gif,http://www.moj.go.jp/content/000106882.gif,Japan
https://www.moj.go.jp,image/jpeg,http://www.moj.go.jp/content/000020690.jpg,Japan
https://www.moj.go.jp,image/jpeg,http://www.moj.go.jp/content/000020693.jpg,Japan
https://www.moj.go.jp,image/png,http://www.moj.go.jp/content/001138919.png,Japan
https://www.moj.go.jp,image/jpeg,http://www.moj.go.jp/content/001249457.jpg,Japan
https://www.moj.go.jp,image/gif,http://www.moj.go.jp/content/000000160.gif,Japan
https://www.moj.go.jp,image/gif,http://www.moj.go.jp/content/000000040.gif,Japan
https://www.moj.go.jp,image/gif,http://www.moj.go.jp/content/000000050.gif,Japan
https://www.moj.go.jp,image/gif,http://www.moj.go.jp/content/000000035.gif,Japan
https://www.moj.go.jp,image/gif,http://www.moj.go.jp/content/000000162.gif,Japan
https://www.moj.go.jp,image/gif,http://www.moj.go.jp/content/000000232.gif,Japan
https://www.moj.go.jp,image/png,http://www.moj.go.jp/content/000126957.png,Japan
https://www.moj.go.jp,text/css,http://www.moj.go.jp/content/print.css,Japan
https://www.moj.go.jp,text/css,http://www.moj.go.jp/content/sp_layout.css,Japan
https://www.moj.go.jp,text/css,http://www.moj.go.jp/content/sp_top.css,Japan
https://www.moj.go.jp,text/css,http://www.moj.go.jp/content/sp_common.css,Japan
https://www.e-gov.go.jp,image/png,http://c.marsflag.com/mf/gui/img/bar/A/navigation-bar-result.png,United States
https://www.jetro.go.jp,application/javascript,https://bs.nakanohito.jp/b3/bi.js,Japan
https://www.jetro.go.jp,image/gif,https://bs.nakanohito.jp/b3/,Japan
https://www.inpit.go.jp,application/javascript; charset=UTF-8,https://support-widget.nakanohito.jp/chatbot.js,Japan
https://www.inpit.go.jp,application/json; charset=utf-8,https://support-beacon.nakanohito.jp/widget/view,Japan
https://www.inpit.go.jp,image/gif,https://supportbot-admin.userlocal.jp/uploads/web_chat/icon/535/bc939dd8-f4de-4724-81a0-aa56ef861228.gif,Japan
https://www.inpit.go.jp,image/gif,https://supportbot-admin.userlocal.jp/uploads/web_chat/icon/535/bc939dd8-f4de-4724-81a0-aa56ef861228.gif,Japan
https://www.inpit.go.jp,text/css,https://support-widget.nakanohito.jp/chatbot_pc.css?t=20190415130000,Japan
https://www.inpit.go.jp,image/gif,https://supportbot-admin.userlocal.jp/uploads/web_chat/icon/535/007edc54-a755-4c53-ac38-7c449d2c2183.gif,Japan
https://www.nict.go.jp,image/png,https://www.inpit.go.jp/content/100649147.png,Japan
https://www.nict.go.jp,image/png,https://www.inpit.go.jp/content/100649148.png,Japan
https://www.nict.go.jp,image/png,https://www.inpit.go.jp/content/100649143.png,Japan
https://www.jasso.go.jp,application/x-javascript,https://rsv.dga.jp/s/jasso/search_tool_n1.js,Japan
https://www.jasso.go.jp,application/x-javascript,https://rsv.dga.jp/s/jasso/i_search_assist_n1.js,Japan
https://www.jasso.go.jp,text/css,https://rsv.dga.jp/s/jasso/ac.css,Japan
https://www.env.go.jp,image/jpeg,http://www.env.go.jp/common/img/measures/08.jpg,United States
https://www.kantei.go.jp,application/javascript,https://cs.nakanohito.jp/b3/bi.js,Japan
https://www.kantei.go.jp,image/gif,https://bs.nakanohito.jp/b3/,Japan
https://japan.kantei.go.jp/,application/javascript,https://cs.nakanohito.jp/b3/bi.js,Japan
https://japan.kantei.go.jp/,image/gif,https://bs.nakanohito.jp/b3/,Japan
https://www.stat.go.jp,image/png,https://japan.kantei.go.jp/n3-common/images/index-featured-current.png,Japan
https://www.stat.go.jp,image/jpeg,https://japan.kantei.go.jp/content/20190415UKa.jpg,Japan
https://www.stat.go.jp,image/jpeg,https://japan.kantei.go.jp/content/20190415OCED04a.jpg,Japan
https://www.stat.go.jp,image/jpeg,https://japan.kantei.go.jp/content/0416tyuto02_top.jpg,Japan
https://www.stat.go.jp,image/jpeg,https://japan.kantei.go.jp/content/0414fukusima08_top_2.jpg,Japan
https://www.stat.go.jp,image/jpeg,https://japan.kantei.go.jp/content/20190416reception_02_top.jpg,Japan
https://www.stat.go.jp,image/jpeg,https://japan.kantei.go.jp/content/0417senryaku_tokku02_top.jpg,Japan
https://www.stat.go.jp,image/jpeg,https://japan.kantei.go.jp/content/0413sakura01_top_cin.jpg,Japan
https://www.mof.go.jp,application/json,https://www.e-stat.go.jp/whats-new/newinfo_top,Japan
https://www.mof.go.jp,application/json,https://www.e-stat.go.jp/ranking/api_ranking_top?unit=M,Japan
https://www.mof.go.jp,application/json,https://www.e-stat.go.jp/release-calendar/announcelist_top,Japan
https://www.gov-online.go.jp,image/png,https://www.fsa.go.jp/libs/images/btn_search_pc.png,United States
https://www.gov-online.go.jp,image/png,https://www.fsa.go.jp/libs/images/btn_language_pc.png,United States
https://www.jaea.go.jp,image/png,https://www.ncc.go.jp/core/img/start_bt.png,Japan
https://www.jaea.go.jp,image/png,https://www.ncc.go.jp/core/img/stop_bt.png,Japan
https://www.nies.go.jp,text/javascript;charset=Shift_JIS,https://ma001.sibulla.com/dekatag/access?id=vLfqVvSo,Japan
https://www.nies.go.jp,text/javascript;charset=Windows-31J,https://ma001.sibulla.com/sibulog/access21?id=vLfqVvSo&re=1&js=1&URL=https%3a%2f%2fwww.nies.go.jp%2f&REFERER=&w=1280&h=800&t=%e5%9b%bd%e7%ab%8b%e7%92%b0%e5%a2%83%e7%a0%94%e7%a9%b6%e6%89%80,Japan
https://www.nedo.go.jp,text/css,https://www.jamstec.go.jp/e/cmn/css/import_common.css,Japan
https://www.nedo.go.jp,text/css,https://www.jamstec.go.jp/e/css/import_top.css,Japan
https://www.nedo.go.jp,text/css,https://www.jamstec.go.jp/flexslider/additional.css,Japan
https://www.nedo.go.jp,text/css,https://www.jamstec.go.jp/e/cmn/css/font.css,Japan
https://www.nedo.go.jp,text/javascript,https://www.jamstec.go.jp/e/cmn/js/top.js,Japan
https://www.nedo.go.jp,text/css,https://www.jamstec.go.jp/flexslider/flexslider.css,Japan
https://www.nedo.go.jp,text/css,https://www.jamstec.go.jp/e/cmn/css/common.css,Japan
https://www.nedo.go.jp,text/css,https://www.jamstec.go.jp/e/cmn/css/common_structure.css,Japan
https://www.nedo.go.jp,text/css,https://www.jamstec.go.jp/j/css/maintainance.css,Japan
https://www.nedo.go.jp,application/javascript; charset=utf-8,https://code.jquery.com/jquery-1.12.4.min.js,United States
https://www.nedo.go.jp,text/javascript,https://www.jamstec.go.jp/e/cmn/js/checkdate.js,Japan
https://www.nedo.go.jp,text/javascript,https://www.jamstec.go.jp/flexslider/jquery.flexslider-min.js,Japan
https://www.nedo.go.jp,text/css,https://www.jamstec.go.jp/e/css/style_top.css,Japan
https://www.nedo.go.jp,image/png,https://www.jamstec.go.jp/e/img/slide/20190329.png,Japan
https://www.nedo.go.jp,image/png,https://www.jamstec.go.jp/e/img/slide/20190326.png,Japan
https://www.nedo.go.jp,image/png,https://www.jamstec.go.jp/e/img/slide/20190207.png,Japan
https://www.nedo.go.jp,image/png,https://www.jamstec.go.jp/e/img/slide/20190301.png,Japan
https://www.nedo.go.jp,image/png,https://www.jamstec.go.jp/e/img/slide/20190225.png,Japan
https://www.nedo.go.jp,image/png,https://www.jamstec.go.jp/j/cmn/img/global_navi_on.png,Japan
https://www.nedo.go.jp,image/png,https://www.jamstec.go.jp/e/cmn/img/global_navi_off.png,Japan
https://www.nedo.go.jp,image/png,https://www.jamstec.go.jp/j/cmn/img/header_logo.png,Japan
https://www.nedo.go.jp,image/png,https://www.jamstec.go.jp/e/cmn/img/header_link_btn.png,Japan
https://www.nedo.go.jp,image/png,https://www.jamstec.go.jp/e/img/slide/20190206.png,Japan
https://www.nedo.go.jp,image/jpeg,https://www.jamstec.go.jp/e/jamstec_news/img/20190329.jpg,Japan
https://www.nedo.go.jp,image/jpeg,https://www.jamstec.go.jp/e/jamstec_news/img/20190326.jpg,Japan
https://www.nedo.go.jp,image/jpeg,https://www.jamstec.go.jp/e/jamstec_news/img/20190301.jpg,Japan
https://www.nedo.go.jp,image/jpeg,https://www.jamstec.go.jp/e/jamstec_news/img/20190225.jpg,Japan
https://www.nedo.go.jp,image/jpeg,https://www.jamstec.go.jp/e/jamstec_news/img/20190207.jpg,Japan
https://www.nedo.go.jp,image/jpeg,https://www.jamstec.go.jp/e/jamstec_news/img/20190206.jpg,Japan
https://www.nedo.go.jp,image/png,https://www.jamstec.go.jp/e/img/bnr/bnr_sdgs.png,Japan
https://www.nedo.go.jp,image/jpeg,https://www.jamstec.go.jp/e/img/bnr/bnr_souran.jpg,Japan
https://www.nedo.go.jp,image/jpeg,https://www.jamstec.go.jp/e/img/bnr/bnr_teams.jpg,Japan
https://www.nedo.go.jp,image/jpeg,https://www.jamstec.go.jp/j/img/bnr/bnr_jarcnet.jpg,Japan
https://www.nedo.go.jp,image/jpeg,https://www.jamstec.go.jp/j/img/bnr/bnr_kuroshio.jpg,Japan
https://www.nedo.go.jp,image/png,https://www.jamstec.go.jp/j/cmn/img/arrow_blue_on.png,Japan
https://www.nedo.go.jp,image/png,https://www.jamstec.go.jp/j/img/h3_bg.png,Japan
https://www.nedo.go.jp,image/png,https://www.jamstec.go.jp/j/img/top_jn_press.png,Japan
https://www.nedo.go.jp,image/png,https://www.jamstec.go.jp/e/cmn/img/footer_bg.png,Japan
https://www.nedo.go.jp,image/png,https://www.jamstec.go.jp/flexslider/images/next.png,Japan
https://www.nedo.go.jp,image/png,https://www.jamstec.go.jp/flexslider/images/prev.png,Japan
https://www.nirs.qst.go.jp,image/png,https://www.nedo.go.jp/content/100891127.png,Japan
https://www.nirs.qst.go.jp,image/png,https://www.nedo.go.jp/content/100891128.png,Japan
https://www.nntt.jac.go.jp,application/javascript; charset=utf-8,https://platform.twitter.com/widgets.js,United States
https://www.ntj.jac.go.jp,application/javascript,https://www.nntt.jac.go.jp/common_files/js/redirect.js,Japan
https://www.ntj.jac.go.jp,image/png,https://www.nntt.jac.go.jp/home_files/images/home_visual_1001.png,Japan
https://www.ntj.jac.go.jp,image/png,https://www.nntt.jac.go.jp/home_files/images/home_visual_cinderella.png,Japan
https://www.ntj.jac.go.jp,image/png,https://www.nntt.jac.go.jp/home_files/images/home_visual_dongiovanni.png,Japan
https://www.ntj.jac.go.jp,image/png,https://www.nntt.jac.go.jp/home_files/images/home_visual_set_ticket_2019_opera.png,Japan
https://www.ntj.jac.go.jp,image/png,https://www.nntt.jac.go.jp/home_files/images/home_visual_ninja.png,Japan
https://www.ntj.jac.go.jp,image/png,https://www.nntt.jac.go.jp/home_files/images/home_visual_set_ticket_2019.png,Japan
https://www.ncvc.go.jp,image/png,https://www.ntj.jac.go.jp/assets/files/shared/images/btn_nihonhau_link_on.png,Japan
https://www.jpf.go.jp,application/x-javascript,https://sv7.logmill.net/bin/ina?1206317597D9399msep;https://www.jpf.go.jp/,Japan
https://www.jpf.go.jp,application/x-javascript,https://sv7.logmill.net/bin/opo?2msep;msep;8b554087cf34e2b6edffmsep;1msep;FDSSCOMPIDmsep;FDSSSSVCIDmsep;msep;https://www.jpf.go.jp/msep;500msep;320msep;18msep;320msep;258msep;,Japan
https://www.jftc.go.jp,image/png,https://www.momat.go.jp/wp-content/themes/momat28/img/top-ribbons-today-wrap.png,Japan
https://www.nmwa.go.jp,application/javascript; charset=utf-8,https://platform.twitter.com/widgets.js,United States
https://www.nmwa.go.jp,application/javascript; charset=utf-8,https://platform.twitter.com/js/moment~timeline~tweet.6e5b62723488aee38af0c77681396a5b.js,United States
https://www.nmwa.go.jp,application/javascript; charset=utf-8,https://platform.twitter.com/js/timeline.4c6ab682148a0366f9efb1647a3f4799.js,United States
https://www.nmwa.go.jp,application/javascript; charset=utf-8,https://platform.twitter.com/js/button.dd024c345fc26f7c7a8d9938b67e5d3d.js,United States
https://www.nmwa.go.jp,text/css; charset=utf-8,https://platform.twitter.com/css/timeline.0940efb0bc0eb82a2de893b3e7b414bf.light.ltr.css,United States
https://www.nmwa.go.jp,text/css; charset=utf-8,https://platform.twitter.com/css/timeline.0940efb0bc0eb82a2de893b3e7b414bf.light.ltr.css,United States
https://www.japaneselawtranslation.go.jp,image/gif,http://www.japaneselawtranslation.go.jp/img/logo.gif,Japan
https://www.japaneselawtranslation.go.jp,image/gif,http://www.japaneselawtranslation.go.jp/img/bth_fc_en.gif,Japan
https://www.japaneselawtranslation.go.jp,image/gif,http://www.japaneselawtranslation.go.jp/img/bth_f1_en.gif,Japan
https://www.japaneselawtranslation.go.jp,image/gif,http://www.japaneselawtranslation.go.jp/img/bth_f2_en.gif,Japan
https://www.japaneselawtranslation.go.jp,image/gif,http://www.japaneselawtranslation.go.jp/img/bth_bar_en.gif,Japan
https://www.japaneselawtranslation.go.jp,image/gif,http://www.japaneselawtranslation.go.jp/img/bth_f3_en.gif,Japan
https://www.japaneselawtranslation.go.jp,image/gif,http://www.japaneselawtranslation.go.jp/img/bth_sitemap_en.gif,Japan
https://www.japaneselawtranslation.go.jp,image/gif,http://www.japaneselawtranslation.go.jp/img/bth_help_en.gif,Japan
https://www.japaneselawtranslation.go.jp,image/gif,http://www.japaneselawtranslation.go.jp/img/icon_arrow.gif,Japan
https://www.japaneselawtranslation.go.jp,image/gif,http://www.japaneselawtranslation.go.jp/img/bth_ja.gif,Japan
https://www.japaneselawtranslation.go.jp,image/gif,http://www.japaneselawtranslation.go.jp/img/title_whatsnew_en.gif,Japan
https://www.japaneselawtranslation.go.jp,image/gif,http://www.japaneselawtranslation.go.jp/img/about_site_en.gif,Japan
https://www.japaneselawtranslation.go.jp,image/jpeg,http://www.japaneselawtranslation.go.jp/img/yaku.jpg,Japan
https://www.japaneselawtranslation.go.jp,image/gif,http://www.japaneselawtranslation.go.jp/img/mojlogo.gif,Japan
https://www.nite.go.jp,application/javascript; charset=utf-8,https://platform.twitter.com/widgets.js,United States
https://www.nite.go.jp,application/javascript; charset=utf-8,https://platform.twitter.com/js/moment~timeline~tweet.6e5b62723488aee38af0c77681396a5b.js,United States
https://www.nite.go.jp,application/javascript; charset=utf-8,https://platform.twitter.com/js/timeline.4c6ab682148a0366f9efb1647a3f4799.js,United States
https://www.nite.go.jp,text/css; charset=utf-8,https://platform.twitter.com/css/timeline.0940efb0bc0eb82a2de893b3e7b414bf.light.ltr.css,United States
https://www.nite.go.jp,text/css; charset=utf-8,https://platform.twitter.com/css/timeline.0940efb0bc0eb82a2de893b3e7b414bf.light.ltr.css,United States
https://www.nihs.go.jp,image/gif,http://www.nihs.go.jp/images/common/logo.gif,Japan
https://www.nihs.go.jp,image/gif,http://www.nihs.go.jp/images/english/english-logo.gif,Japan
https://www.nihs.go.jp,image/gif,http://www.nihs.go.jp/images/common/spacer.gif,Japan
https://www.nihs.go.jp,image/gif,http://www.nihs.go.jp/images/english/menu2.gif,Japan
https://www.nihs.go.jp,image/gif,http://www.nihs.go.jp/images/english/menu1.gif,Japan
https://www.nihs.go.jp,image/gif,http://www.nihs.go.jp/images/english/menu4.gif,Japan
https://www.nihs.go.jp,image/gif,http://www.nihs.go.jp/images/english/menu5.gif,Japan
https://www.nihs.go.jp,image/gif,http://www.nihs.go.jp/images/english/menu-home.gif,Japan
https://www.nihs.go.jp,image/gif,http://www.nihs.go.jp/images/english/mainPH.gif,Japan
https://www.nihs.go.jp,image/gif,http://www.nihs.go.jp/images/english/menu3.gif,Japan
https://www.nihs.go.jp,text/css,http://www.nihs.go.jp/css/import.css,Japan
https://www.nihs.go.jp,image/gif,http://www.nihs.go.jp/images/common/title-contents.gif,Japan
https://www.nihs.go.jp,image/gif,http://www.nihs.go.jp/images/common/ya-b.gif,Japan
https://www.nihs.go.jp,image/gif,http://www.nihs.go.jp/images/common/icon1.gif,Japan
https://www.nihs.go.jp,image/gif,http://www.nihs.go.jp/images/common/icon2.gif,Japan
https://www.nihs.go.jp,image/gif,http://www.nihs.go.jp/images/english/title-aboutNIHS.gif,Japan
https://www.nihs.go.jp,text/css,http://www.nihs.go.jp/css/common.css,Japan
https://www.nihs.go.jp,text/css,http://www.nihs.go.jp/css/deco.css,Japan
https://www.nihs.go.jp,image/gif,http://www.nihs.go.jp/images/english/line.gif,Japan
https://www.nihs.go.jp,image/gif,http://www.nihs.go.jp/images/english/title-DrugsMedicalDevices.gif,Japan
https://www.nihs.go.jp,image/gif,http://www.nihs.go.jp/images/english/title-UsefulInfomation.gif,Japan
https://www.nihs.go.jp,image/gif,http://www.nihs.go.jp/images/english/title-Foods.gif,Japan
https://www.nihs.go.jp,image/gif,http://www.nihs.go.jp/images/english/title-Chemicals.gif,Japan
https://www.nihs.go.jp,image/gif,http://www.nihs.go.jp/images/english/title-Others.gif,Japan
https://www.nihs.go.jp,image/gif,http://www.nihs.go.jp/images/english/title-Others-bg.gif,Japan
https://www.nihs.go.jp,image/gif,http://www.nihs.go.jp/images/japan/title-iyakuhin_bg.gif,Japan
https://www.nihs.go.jp,image/gif,http://www.nihs.go.jp/images/japan/title-shokuhin_bg.gif,Japan
https://www.nihs.go.jp,image/gif,http://www.nihs.go.jp/images/common/hootbg.gif,Japan
https://www.ppc.go.jp,image/jpeg,https://www.jpnsport.go.jp/Portals/0/images/toppickup/integrity_top.jpg,Japan
https://www.ppc.go.jp,image/jpeg,https://www.jpnsport.go.jp//corp/Portals/0/images/contents/pickup/hpckoubo.jpg?11713109270,Japan
https://www.ppc.go.jp,image/jpeg,https://www.jpnsport.go.jp//corp/Portals/0/corp/jouhou_kokusai/imgjsn.jpg?1175314292237,Japan
https://www.ppc.go.jp,image/jpeg,https://www.jpnsport.go.jp/Portals/0/images/topPickup/history_3.jpg,Japan
https://www.ppc.go.jp,image/jpeg,https://www.jpnsport.go.jp/Portals/0/images/topPickup/sports_soudan_banner.jpg,Japan
https://www.ppc.go.jp,image/jpeg,https://www.jpnsport.go.jp/corp/Portals/0/images/contents/pickup/sinko.jpg,Japan
https://www.ppc.go.jp,image/jpeg,https://www.jpnsport.go.jp/corp/Portals/0/images/contents/pickup/waiwai.jpg,Japan
https://www.ppc.go.jp,image/gif,https://www.jpnsport.go.jp//images/banner_totobigsite.gif,Japan
https://www.ppc.go.jp,image/jpeg,https://www.jpnsport.go.jp/corp/Portals/0/jsc_top/growing_banner.jpg,Japan
https://www.ppc.go.jp,image/gif,https://www.jpnsport.go.jp//images/banner_kokoroproject.gif,Japan
https://www.ppc.go.jp,image/jpeg,https://www.jpnsport.go.jp//Portals/0/images/topbanner/ajitore_online_banner2.jpg,Japan
https://www.ppc.go.jp,image/gif,https://www.jpnsport.go.jp/corp/Portals/0/top_all/images/newsrelease.gif,Japan
https://www.ppc.go.jp,image/jpeg,https://www.jpnsport.go.jp//Portals/0/images/topslide/SFTBanner-200by80.jpg,Japan
https://www.ppc.go.jp,image/jpeg,https://www.jpnsport.go.jp//corp/Portals/0/images/JSAbanner.jpg,Japan
https://www.ppc.go.jp,image/jpeg,https://www.jpnsport.go.jp/Portals/0/images/topPickup/chiikidayori.jpg,Japan
https://www.ppc.go.jp,image/jpeg,https://www.jpnsport.go.jp//Portals/0/images/topbanner/ourstadiumu_banner.jpg,Japan
https://www.ppc.go.jp,image/png,https://www.jpnsport.go.jp/corp/Portals/0/jsc_top/banner_220%C3%9780.png,Japan
https://www.ppc.go.jp,image/jpeg,https://www.jpnsport.go.jp//corp/Portals/0/jsc_top/kaihatsu.jpg?1193114244315,Japan
https://www.ppc.go.jp,image/jpeg,https://www.jpnsport.go.jp/corp/Portals/0/jsc_top/banner_100%C3%9775.jpg,Japan
https://www.ppc.go.jp,image/jpeg,https://www.jpnsport.go.jp//Portals/0/images/topslide/SFTBanner-120by90.jpg,Japan
https://www.ppc.go.jp,image/jpeg,https://www.jpnsport.go.jp/corp/Portals/0/jsc_top/pathway.jpg,Japan
https://www.ppc.go.jp,image/gif,https://www.jpnsport.go.jp/corp/Portals/0/top_all/images/chichibunomiya.gif,Japan
https://www.ppc.go.jp,image/gif,https://www.jpnsport.go.jp/corp/Portals/0/top_all/images/nishigaoka.gif,Japan
https://www.ppc.go.jp,image/jpeg,https://www.jpnsport.go.jp//images/topSlider/ambassador.jpg,Japan
https://www.ppc.go.jp,image/png,https://www.jpnsport.go.jp/images/carouselParts/bg_topCarousel_detail.png,Japan
https://www.ppc.go.jp,image/png,https://www.jpnsport.go.jp/images/carouselParts/arrow_topCarousel_prev.png,Japan
https://www.ppc.go.jp,image/png,https://www.jpnsport.go.jp/images/carouselParts/bg_topCarousel.png,Japan
https://www.ppc.go.jp,image/png,https://www.jpnsport.go.jp/images/carouselParts/arrow_topCarousel_next.png,Japan
https://www.ppc.go.jp,image/png,https://www.jpnsport.go.jp/images/carouselParts/arrow_middleCarousel_prev.png,Japan
https://www.ppc.go.jp,image/png,https://www.jpnsport.go.jp/images/carouselParts/arrow_middleCarousel_next.png,Japan
https://www.ppc.go.jp,image/png,https://www.jpnsport.go.jp/images/bg_tabPartition.png,Japan
https://www.ppc.go.jp,image/gif,https://www.jpnsport.go.jp/corp/Portals/0/top_all/images/sinko.gif,Japan
https://www.ppc.go.jp,image/gif,https://www.jpnsport.go.jp/corp/Portals/0/top_all/images/anzen.gif,Japan
https://www.ppc.go.jp,image/gif,https://www.jpnsport.go.jp/corp/Portals/0/top_all/images/newstadium.gif,Japan
https://www.ppc.go.jp,image/gif,https://www.jpnsport.go.jp/corp/Portals/0/top_all/images/other.gif,Japan
https://www.ppc.go.jp,image/gif,https://www.jpnsport.go.jp/corp/Portals/0/top_all/images/yoyogi.gif,Japan
https://www.ppc.go.jp,image/gif,https://www.jpnsport.go.jp/corp/Portals/0/top_all/images/jiss.gif,Japan
https://www.ncnp.go.jp,application/javascript; charset=utf-8,https://platform.twitter.com/widgets.js,United States
https://www.ncnp.go.jp,application/javascript; charset=utf-8,https://platform.twitter.com/js/moment~timeline~tweet.6e5b62723488aee38af0c77681396a5b.js,United States
https://www.ncnp.go.jp,application/javascript; charset=utf-8,https://platform.twitter.com/js/timeline.4c6ab682148a0366f9efb1647a3f4799.js,United States
https://www.ncnp.go.jp,text/css; charset=utf-8,https://platform.twitter.com/css/timeline.0940efb0bc0eb82a2de893b3e7b414bf.light.ltr.css,United States
https://www.ncnp.go.jp,text/css; charset=utf-8,https://platform.twitter.com/css/timeline.0940efb0bc0eb82a2de893b3e7b414bf.light.ltr.css,United States
https://www.tobunken.go.jp,image/png,https://www.ncnp.go.jp/css/default/arrows.png,Japan
https://www.tobunken.go.jp,image/png,https://www.ncnp.go.jp/css/default/bullets.png,Japan
https://www.jishin.go.jp,text/css,https://hello.myfonts.net/count/2b21cc,United States
https://www.jishin.go.jp,application/javascript; charset=utf-8,https://platform.twitter.com/widgets.js,United States
https://www.jishin.go.jp,application/javascript; charset=utf-8,https://platform.twitter.com/js/button.dd024c345fc26f7c7a8d9938b67e5d3d.js,United States
https://www.jishin.go.jp,image/png,https://www.static.jishin.go.jp/img/common/header_bg.png,Japan
https://www.jbic.go.jp/ja/,application/javascript,https://bizsearch-asp.accelatech.com/bizasp/js/accela_suggest.js,Japan
https://www.jbic.go.jp/ja/,application/javascript,https://bizsearch-asp.accelatech.com/bizasp/js/accela_suggest2.js,Japan
