https://www.gov.taipei,text/css,https://cloud.taipei/resources/css/web/bootstrap/bootstrap.min.css;jsessionid=9597FF044A25B5EAB15BC20314C0CF91,Taiwan
https://www.gov.taipei,text/css,https://cloud.taipei/resources/css/web/reset.css;jsessionid=9597FF044A25B5EAB15BC20314C0CF91,Taiwan
https://www.gov.taipei,text/css,https://cloud.taipei/resources/css/web/bootstrap/bootstrap-loading.css;jsessionid=9597FF044A25B5EAB15BC20314C0CF91,Taiwan
https://www.gov.taipei,text/css,https://cloud.taipei/resources/css/web/font-awesome/css/font-awesome.min.css;jsessionid=9597FF044A25B5EAB15BC20314C0CF91,Taiwan
https://www.gov.taipei,text/css,https://cloud.taipei/resources/css/web/style.css;jsessionid=9597FF044A25B5EAB15BC20314C0CF91,Taiwan
https://www.gov.taipei,text/css,https://cloud.taipei/resources/css/web/mutiplecommunity-access.css;jsessionid=9597FF044A25B5EAB15BC20314C0CF91,Taiwan
https://www.gov.taipei,text/css,https://cloud.taipei/resources/css/web/stmt.css;jsessionid=9597FF044A25B5EAB15BC20314C0CF91,Taiwan
https://www.gov.taipei,text/css,https://cloud.taipei/resources/css/web/SpryAssets/SpryTabbedPanels.css;jsessionid=9597FF044A25B5EAB15BC20314C0CF91,Taiwan
https://www.gov.taipei,text/css,https://cloud.taipei/resources/css/web/tablet.css;jsessionid=9597FF044A25B5EAB15BC20314C0CF91,Taiwan
https://www.gov.taipei,text/css,https://cloud.taipei/resources/css/web/jquery-ui-1.10.4.custom.css;jsessionid=9597FF044A25B5EAB15BC20314C0CF91,Taiwan
https://www.gov.taipei,text/css,https://cloud.taipei/resources/css/web/iframe.css;jsessionid=9597FF044A25B5EAB15BC20314C0CF91,Taiwan
https://www.gov.taipei,text/css,https://cloud.taipei/resources/css/web/mapfunc/mapfunc_tgos.css;jsessionid=9597FF044A25B5EAB15BC20314C0CF91,Taiwan
https://www.gov.taipei,text/css,https://cloud.taipei/resources/css/web/tree/bootstrap.min.css;jsessionid=9597FF044A25B5EAB15BC20314C0CF91,Taiwan
https://www.gov.taipei,application/javascript,https://cloud.taipei/resources/js/web/jquery-1.12.0.min.js;jsessionid=9597FF044A25B5EAB15BC20314C0CF91,Taiwan
https://www.gov.taipei,text/css,https://cloud.taipei/resources/css/web/SpryAssets/SpryMenuBarHorizontal.css;jsessionid=9597FF044A25B5EAB15BC20314C0CF91,Taiwan
https://www.gov.taipei,application/javascript,https://cloud.taipei/resources/js/web/jquery-ui-1.10.4.custom.min.js;jsessionid=9597FF044A25B5EAB15BC20314C0CF91,Taiwan
https://www.gov.taipei,application/javascript,https://cloud.taipei/resources/js/web/bootstrap/js/bootstrap.min.js;jsessionid=9597FF044A25B5EAB15BC20314C0CF91,Taiwan
https://www.gov.taipei,application/javascript,https://cloud.taipei/resources/js/web/SpryAssets/SpryMenuBar.js;jsessionid=9597FF044A25B5EAB15BC20314C0CF91,Taiwan
https://www.gov.taipei,application/javascript,https://cloud.taipei/resources/js/web/SpryAssets/SpryTabbedPanels.js;jsessionid=9597FF044A25B5EAB15BC20314C0CF91,Taiwan
https://www.gov.taipei,application/javascript,https://cloud.taipei/resources/js/web/jquery.marquee.min.js;jsessionid=9597FF044A25B5EAB15BC20314C0CF91,Taiwan
https://www.gov.taipei,application/javascript,https://cloud.taipei/resources/js/web/jquery.bcSwipe.min.js;jsessionid=9597FF044A25B5EAB15BC20314C0CF91,Taiwan
https://www.gov.taipei,application/javascript,https://cloud.taipei/resources/js/web/mutiplecommunity-access.js;jsessionid=9597FF044A25B5EAB15BC20314C0CF91,Taiwan
https://www.gov.taipei,application/javascript,https://cloud.taipei/resources/js/web/setting.js;jsessionid=9597FF044A25B5EAB15BC20314C0CF91,Taiwan
https://www.gov.taipei,application/javascript,https://cloud.taipei/resources/js/web/google-analytics.js;jsessionid=9597FF044A25B5EAB15BC20314C0CF91?tracker=UA-73312234-1&contentGroup=%E5%91%A8%E9%82%8A%E6%8E%A2%E7%B4%A2,Taiwan
https://www.gov.taipei,application/javascript,https://cloud.taipei/resources/js/web/mapfunc/mapfunc_tgos.js;jsessionid=9597FF044A25B5EAB15BC20314C0CF91,Taiwan
https://www.gov.taipei,image/png,https://cloud.taipei/resources/images/web/mobile.png,Taiwan
https://www.gov.taipei,image/png,https://cloud.taipei/resources/images/web/s01.png,Taiwan
https://www.gov.taipei,image/gif,https://cloud.taipei/resources/images/web/logo-s-GOV.gif,Taiwan
https://www.gov.taipei,image/gif,https://cloud.taipei/resources/images/web/logo-s-TPE.gif,Taiwan
https://www.gov.taipei,text/css,https://cloud.taipei/resources/css/web/fullhd.css;jsessionid=9597FF044A25B5EAB15BC20314C0CF91,Taiwan
https://www.gov.taipei,text/css,https://cloud.taipei/resources/css/web/mobile.css;jsessionid=9597FF044A25B5EAB15BC20314C0CF91,Taiwan
https://www.gov.taipei,text/css,https://cloud.taipei/resources/css/web/print.css;jsessionid=9597FF044A25B5EAB15BC20314C0CF91,Taiwan
https://www.gov.taipei,text/javascript; charset=utf-8,https://api.tgos.tw/Agent/Google/Agent_TGOSMAPWORLD3857.aspx/GetCacheConfig?Format=JSON&appid=ynTNBbeFnj6FNarEZCS3/ORYlYXbaJHavxzzpjieaVmz6nnVN4SOeg==&apikey=cGEErDNy5yN/1fQ0vyTOZrghjE+jIU6u5u6w9dC3wydKXmGK1cGvXLMeUBfUvbKSqb0PavClm5s+oz1cfOynoDWMYKCkM6R5+gDZ1pNrR6pUuvY89cRURgAdyqwhq3QCXhCb48Yi6ZyFs7CXXqefQcfOiy6jLWpb5kyn5FzKCFOuFl/+e/WJNsJBno5lS3xcGqNHbj4GLdYGjMaWMfzXE7heC+udkK7H39NdhlkTZI87jLi61ay8QSoue0S1LUEi9opFq05zLgW4Br0NL9YOtZ1fy7tFklG/lVt8QvhxsIAEPhTGstzq2Ad43Jja+WO7CxA/B4eyRbpMoyLm8svhP+0vhNo3658C5pdIjK2QHwgCBZRXKJdpKW2gVB7+3xsyJbm9yjsvUQ4j2wRjNNuArQ==&Result=_result_google_0,Taiwan
https://www.gov.taipei,application/json,https://cloud.taipei/web_nms?test,Taiwan
https://www.gov.taipei,image/png,https://cloud.taipei/resources/images/web/mapfunc/set-center.png,Taiwan
https://www.gov.taipei,text/javascript; charset=utf-8,https://api.tgos.tw/Agent/Google/Agent_F2IMAGE3857.aspx/GetCacheConfig?Format=JSON&appid=ynTNBbeFnj6FNarEZCS3/ORYlYXbaJHavxzzpjieaVmz6nnVN4SOeg==&apikey=cGEErDNy5yN/1fQ0vyTOZrghjE+jIU6u5u6w9dC3wydKXmGK1cGvXLMeUBfUvbKSqb0PavClm5s+oz1cfOynoDWMYKCkM6R5+gDZ1pNrR6pUuvY89cRURgAdyqwhq3QCXhCb48Yi6ZyFs7CXXqefQcfOiy6jLWpb5kyn5FzKCFOuFl/+e/WJNsJBno5lS3xcGqNHbj4GLdYGjMaWMfzXE7heC+udkK7H39NdhlkTZI87jLi61ay8QSoue0S1LUEi9opFq05zLgW4Br0NL9YOtZ1fy7tFklG/lVt8QvhxsIAEPhTGstzq2Ad43Jja+WO7CxA/B4eyRbpMoyLm8svhP+0vhNo3658C5pdIjK2QHwgCBZRXKJdpKW2gVB7+3xsyJbm9yjsvUQ4j2wRjNNuArQ==&Result=_result_google_1,Taiwan
https://www.gov.taipei,image/png,https://cloud.taipei/resources/images/web/mapfunc/return-center.png,Taiwan
https://www.gov.taipei,image/png,https://cloud.taipei/resources/images/web/mapfunc/return-my-position.png,Taiwan
https://www.gov.taipei,text/javascript; charset=utf-8,https://api.tgos.tw/Agent/Google/Agent_ROADMAP3857.aspx/GetCacheConfig?Format=JSON&appid=ynTNBbeFnj6FNarEZCS3/ORYlYXbaJHavxzzpjieaVmz6nnVN4SOeg==&apikey=cGEErDNy5yN/1fQ0vyTOZrghjE+jIU6u5u6w9dC3wydKXmGK1cGvXLMeUBfUvbKSqb0PavClm5s+oz1cfOynoDWMYKCkM6R5+gDZ1pNrR6pUuvY89cRURgAdyqwhq3QCXhCb48Yi6ZyFs7CXXqefQcfOiy6jLWpb5kyn5FzKCFOuFl/+e/WJNsJBno5lS3xcGqNHbj4GLdYGjMaWMfzXE7heC+udkK7H39NdhlkTZI87jLi61ay8QSoue0S1LUEi9opFq05zLgW4Br0NL9YOtZ1fy7tFklG/lVt8QvhxsIAEPhTGstzq2Ad43Jja+WO7CxA/B4eyRbpMoyLm8svhP+0vhNo3658C5pdIjK2QHwgCBZRXKJdpKW2gVB7+3xsyJbm9yjsvUQ4j2wRjNNuArQ==&Result=_result_google_2,Taiwan
https://www.gov.taipei,text/javascript; charset=utf-8,https://api.tgos.tw/Agent/Google/Agent_HILLSHADEMIX3857.aspx/GetCacheConfig?Format=JSON&appid=ynTNBbeFnj6FNarEZCS3/ORYlYXbaJHavxzzpjieaVmz6nnVN4SOeg==&apikey=cGEErDNy5yN/1fQ0vyTOZrghjE+jIU6u5u6w9dC3wydKXmGK1cGvXLMeUBfUvbKSqb0PavClm5s+oz1cfOynoDWMYKCkM6R5+gDZ1pNrR6pUuvY89cRURgAdyqwhq3QCXhCb48Yi6ZyFs7CXXqefQcfOiy6jLWpb5kyn5FzKCFOuFl/+e/WJNsJBno5lS3xcGqNHbj4GLdYGjMaWMfzXE7heC+udkK7H39NdhlkTZI87jLi61ay8QSoue0S1LUEi9opFq05zLgW4Br0NL9YOtZ1fy7tFklG/lVt8QvhxsIAEPhTGstzq2Ad43Jja+WO7CxA/B4eyRbpMoyLm8svhP+0vhNo3658C5pdIjK2QHwgCBZRXKJdpKW2gVB7+3xsyJbm9yjsvUQ4j2wRjNNuArQ==&Result=_result_google_3,Taiwan
https://www.gov.taipei,application/json,https://cloud.taipei/web_msg?test,Taiwan
https://www.gov.taipei,text/javascript; charset=utf-8,https://api.tgos.tw/Agent/Google/Agent_SEGISMAP3857.aspx/GetCacheConfig?Format=JSON&appid=ynTNBbeFnj6FNarEZCS3/ORYlYXbaJHavxzzpjieaVmz6nnVN4SOeg==&apikey=cGEErDNy5yN/1fQ0vyTOZrghjE+jIU6u5u6w9dC3wydKXmGK1cGvXLMeUBfUvbKSqb0PavClm5s+oz1cfOynoDWMYKCkM6R5+gDZ1pNrR6pUuvY89cRURgAdyqwhq3QCXhCb48Yi6ZyFs7CXXqefQcfOiy6jLWpb5kyn5FzKCFOuFl/+e/WJNsJBno5lS3xcGqNHbj4GLdYGjMaWMfzXE7heC+udkK7H39NdhlkTZI87jLi61ay8QSoue0S1LUEi9opFq05zLgW4Br0NL9YOtZ1fy7tFklG/lVt8QvhxsIAEPhTGstzq2Ad43Jja+WO7CxA/B4eyRbpMoyLm8svhP+0vhNo3658C5pdIjK2QHwgCBZRXKJdpKW2gVB7+3xsyJbm9yjsvUQ4j2wRjNNuArQ==&Result=_result_google_5,Taiwan
https://www.gov.taipei,text/javascript; charset=utf-8,https://api.tgos.tw/Agent/Google/Agent_TGOSMAPWORLDNP3857.aspx/GetCacheConfig?Format=JSON&appid=ynTNBbeFnj6FNarEZCS3/ORYlYXbaJHavxzzpjieaVmz6nnVN4SOeg==&apikey=cGEErDNy5yN/1fQ0vyTOZrghjE+jIU6u5u6w9dC3wydKXmGK1cGvXLMeUBfUvbKSqb0PavClm5s+oz1cfOynoDWMYKCkM6R5+gDZ1pNrR6pUuvY89cRURgAdyqwhq3QCXhCb48Yi6ZyFs7CXXqefQcfOiy6jLWpb5kyn5FzKCFOuFl/+e/WJNsJBno5lS3xcGqNHbj4GLdYGjMaWMfzXE7heC+udkK7H39NdhlkTZI87jLi61ay8QSoue0S1LUEi9opFq05zLgW4Br0NL9YOtZ1fy7tFklG/lVt8QvhxsIAEPhTGstzq2Ad43Jja+WO7CxA/B4eyRbpMoyLm8svhP+0vhNo3658C5pdIjK2QHwgCBZRXKJdpKW2gVB7+3xsyJbm9yjsvUQ4j2wRjNNuArQ==&Result=_result_google_6,Taiwan
https://www.gov.taipei,image/png,https://cloud.taipei/resources/images/web/mapfunc/calc-route.png,Taiwan
https://www.gov.taipei,image/png,https://cloud.taipei/resources/images/web/mapfunc/search-landmark.png,Taiwan
https://www.gov.taipei,text/javascript; charset=utf-8,https://api.tgos.tw/Agent/Google/Agent_TGOSMAPWORLD3857_IV.aspx/GetCacheConfig?Format=JSON&appid=ynTNBbeFnj6FNarEZCS3/ORYlYXbaJHavxzzpjieaVmz6nnVN4SOeg==&apikey=cGEErDNy5yN/1fQ0vyTOZrghjE+jIU6u5u6w9dC3wydKXmGK1cGvXLMeUBfUvbKSqb0PavClm5s+oz1cfOynoDWMYKCkM6R5+gDZ1pNrR6pUuvY89cRURgAdyqwhq3QCXhCb48Yi6ZyFs7CXXqefQcfOiy6jLWpb5kyn5FzKCFOuFl/+e/WJNsJBno5lS3xcGqNHbj4GLdYGjMaWMfzXE7heC+udkK7H39NdhlkTZI87jLi61ay8QSoue0S1LUEi9opFq05zLgW4Br0NL9YOtZ1fy7tFklG/lVt8QvhxsIAEPhTGstzq2Ad43Jja+WO7CxA/B4eyRbpMoyLm8svhP+0vhNo3658C5pdIjK2QHwgCBZRXKJdpKW2gVB7+3xsyJbm9yjsvUQ4j2wRjNNuArQ==&Result=_result_google_7,Taiwan
https://www.gov.taipei,image/png,https://cloud.taipei/resources/images/web/mapfunc/near-point.png,Taiwan
https://www.gov.taipei,text/javascript; charset=utf-8,https://api.tgos.tw/Agent/Google/Agent_F2IMAGE3857_IV.aspx/GetCacheConfig?Format=JSON&appid=ynTNBbeFnj6FNarEZCS3/ORYlYXbaJHavxzzpjieaVmz6nnVN4SOeg==&apikey=cGEErDNy5yN/1fQ0vyTOZrghjE+jIU6u5u6w9dC3wydKXmGK1cGvXLMeUBfUvbKSqb0PavClm5s+oz1cfOynoDWMYKCkM6R5+gDZ1pNrR6pUuvY89cRURgAdyqwhq3QCXhCb48Yi6ZyFs7CXXqefQcfOiy6jLWpb5kyn5FzKCFOuFl/+e/WJNsJBno5lS3xcGqNHbj4GLdYGjMaWMfzXE7heC+udkK7H39NdhlkTZI87jLi61ay8QSoue0S1LUEi9opFq05zLgW4Br0NL9YOtZ1fy7tFklG/lVt8QvhxsIAEPhTGstzq2Ad43Jja+WO7CxA/B4eyRbpMoyLm8svhP+0vhNo3658C5pdIjK2QHwgCBZRXKJdpKW2gVB7+3xsyJbm9yjsvUQ4j2wRjNNuArQ==&Result=_result_google_8,Taiwan
https://www.gov.taipei,application/json,https://cloud.taipei/web_today?test,Taiwan
https://www.gov.taipei,text/javascript; charset=utf-8,https://api.tgos.tw/Agent/Google/Agent_ROADMAP3857_IV.aspx/GetCacheConfig?Format=JSON&appid=ynTNBbeFnj6FNarEZCS3/ORYlYXbaJHavxzzpjieaVmz6nnVN4SOeg==&apikey=cGEErDNy5yN/1fQ0vyTOZrghjE+jIU6u5u6w9dC3wydKXmGK1cGvXLMeUBfUvbKSqb0PavClm5s+oz1cfOynoDWMYKCkM6R5+gDZ1pNrR6pUuvY89cRURgAdyqwhq3QCXhCb48Yi6ZyFs7CXXqefQcfOiy6jLWpb5kyn5FzKCFOuFl/+e/WJNsJBno5lS3xcGqNHbj4GLdYGjMaWMfzXE7heC+udkK7H39NdhlkTZI87jLi61ay8QSoue0S1LUEi9opFq05zLgW4Br0NL9YOtZ1fy7tFklG/lVt8QvhxsIAEPhTGstzq2Ad43Jja+WO7CxA/B4eyRbpMoyLm8svhP+0vhNo3658C5pdIjK2QHwgCBZRXKJdpKW2gVB7+3xsyJbm9yjsvUQ4j2wRjNNuArQ==&Result=_result_google_9,Taiwan
https://www.gov.taipei,text/javascript; charset=utf-8,https://api.tgos.tw/Agent/Google/Agent_HILLSHADEMIX3857_IV.aspx/GetCacheConfig?Format=JSON&appid=ynTNBbeFnj6FNarEZCS3/ORYlYXbaJHavxzzpjieaVmz6nnVN4SOeg==&apikey=cGEErDNy5yN/1fQ0vyTOZrghjE+jIU6u5u6w9dC3wydKXmGK1cGvXLMeUBfUvbKSqb0PavClm5s+oz1cfOynoDWMYKCkM6R5+gDZ1pNrR6pUuvY89cRURgAdyqwhq3QCXhCb48Yi6ZyFs7CXXqefQcfOiy6jLWpb5kyn5FzKCFOuFl/+e/WJNsJBno5lS3xcGqNHbj4GLdYGjMaWMfzXE7heC+udkK7H39NdhlkTZI87jLi61ay8QSoue0S1LUEi9opFq05zLgW4Br0NL9YOtZ1fy7tFklG/lVt8QvhxsIAEPhTGstzq2Ad43Jja+WO7CxA/B4eyRbpMoyLm8svhP+0vhNo3658C5pdIjK2QHwgCBZRXKJdpKW2gVB7+3xsyJbm9yjsvUQ4j2wRjNNuArQ==&Result=_result_google_10,Taiwan
https://www.gov.taipei,text/javascript; charset=utf-8,https://api.tgos.tw/Agent/Google/Agent_HILLSHADE3857_IV.aspx/GetCacheConfig?Format=JSON&appid=ynTNBbeFnj6FNarEZCS3/ORYlYXbaJHavxzzpjieaVmz6nnVN4SOeg==&apikey=cGEErDNy5yN/1fQ0vyTOZrghjE+jIU6u5u6w9dC3wydKXmGK1cGvXLMeUBfUvbKSqb0PavClm5s+oz1cfOynoDWMYKCkM6R5+gDZ1pNrR6pUuvY89cRURgAdyqwhq3QCXhCb48Yi6ZyFs7CXXqefQcfOiy6jLWpb5kyn5FzKCFOuFl/+e/WJNsJBno5lS3xcGqNHbj4GLdYGjMaWMfzXE7heC+udkK7H39NdhlkTZI87jLi61ay8QSoue0S1LUEi9opFq05zLgW4Br0NL9YOtZ1fy7tFklG/lVt8QvhxsIAEPhTGstzq2Ad43Jja+WO7CxA/B4eyRbpMoyLm8svhP+0vhNo3658C5pdIjK2QHwgCBZRXKJdpKW2gVB7+3xsyJbm9yjsvUQ4j2wRjNNuArQ==&Result=_result_google_11,Taiwan
https://www.gov.taipei,text/javascript; charset=utf-8,https://api.tgos.tw/Agent/Google/Agent_SEGISMAP3857_IV.aspx/GetCacheConfig?Format=JSON&appid=ynTNBbeFnj6FNarEZCS3/ORYlYXbaJHavxzzpjieaVmz6nnVN4SOeg==&apikey=cGEErDNy5yN/1fQ0vyTOZrghjE+jIU6u5u6w9dC3wydKXmGK1cGvXLMeUBfUvbKSqb0PavClm5s+oz1cfOynoDWMYKCkM6R5+gDZ1pNrR6pUuvY89cRURgAdyqwhq3QCXhCb48Yi6ZyFs7CXXqefQcfOiy6jLWpb5kyn5FzKCFOuFl/+e/WJNsJBno5lS3xcGqNHbj4GLdYGjMaWMfzXE7heC+udkK7H39NdhlkTZI87jLi61ay8QSoue0S1LUEi9opFq05zLgW4Br0NL9YOtZ1fy7tFklG/lVt8QvhxsIAEPhTGstzq2Ad43Jja+WO7CxA/B4eyRbpMoyLm8svhP+0vhNo3658C5pdIjK2QHwgCBZRXKJdpKW2gVB7+3xsyJbm9yjsvUQ4j2wRjNNuArQ==&Result=_result_google_12,Taiwan
https://www.gov.taipei,text/javascript; charset=utf-8,https://api.tgos.tw/Agent/Google/Agent_TGOSMAPWORLDNP3857_IV.aspx/GetCacheConfig?Format=JSON&appid=ynTNBbeFnj6FNarEZCS3/ORYlYXbaJHavxzzpjieaVmz6nnVN4SOeg==&apikey=cGEErDNy5yN/1fQ0vyTOZrghjE+jIU6u5u6w9dC3wydKXmGK1cGvXLMeUBfUvbKSqb0PavClm5s+oz1cfOynoDWMYKCkM6R5+gDZ1pNrR6pUuvY89cRURgAdyqwhq3QCXhCb48Yi6ZyFs7CXXqefQcfOiy6jLWpb5kyn5FzKCFOuFl/+e/WJNsJBno5lS3xcGqNHbj4GLdYGjMaWMfzXE7heC+udkK7H39NdhlkTZI87jLi61ay8QSoue0S1LUEi9opFq05zLgW4Br0NL9YOtZ1fy7tFklG/lVt8QvhxsIAEPhTGstzq2Ad43Jja+WO7CxA/B4eyRbpMoyLm8svhP+0vhNo3658C5pdIjK2QHwgCBZRXKJdpKW2gVB7+3xsyJbm9yjsvUQ4j2wRjNNuArQ==&Result=_result_google_13,Taiwan
https://www.gov.taipei,image/png,https://cloud.taipei/resources/css/web/images/ui-bg_flat_75_ffffff_40x100.png,Taiwan
https://www.gov.taipei,image/jpeg,https://cloud.taipei/resources/images/web/mapfunc/btn-route-type2.jpg,Taiwan
https://www.gov.taipei,image/png,https://cloud.taipei/resources/css/web/images/ui-icons_222222_256x240.png,Taiwan
https://www.gov.taipei,image/png,https://api.tgos.tw/TGOS_API/images/scale.png,Taiwan
https://www.gov.taipei,image/gif,https://cloud.taipei/resources/images/web/SpryAssets/SpryMenuBarDownHover.gif,Taiwan
https://www.gov.taipei,image/png,https://api.tgos.tw/TGOS_API/images/NLSCMAP_n.png,Taiwan
https://www.gov.taipei,image/png,https://api.tgos.tw/TGOS_API/images/NLSCMAP_d.png,Taiwan
https://www.gov.taipei,image/png,https://api.tgos.tw/TGOS_API/images/F2IMAGE_n.png,Taiwan
https://www.gov.taipei,image/png,https://api.tgos.tw/TGOS_API/images/HILLSHADE_n.png,Taiwan
https://www.gov.taipei,image/png,https://api.tgos.tw/TGOS_API/images/ROADMAP_n.png,Taiwan
https://www.gov.taipei,image/png,https://api.tgos.tw/TGOS_API/images/HILLSHADEMIX_n.png,Taiwan
https://www.gov.taipei,image/png,https://api.tgos.tw/TGOS_API/images/IMAGENLSC_n.png,Taiwan
https://www.gov.taipei,image/png,https://api.tgos.tw/TGOS_API/images/icons/bar_06.png,Taiwan
https://www.gov.taipei,image/gif,https://api.tgos.tw/TGOS_API/images/ShowOpen.gif,Taiwan
https://www.gov.taipei,image/png,https://api.tgos.tw/TGOS_API/images/TGOS01_01.png,Taiwan
https://www.gov.taipei,image/png,https://api.tgos.tw/TGOS_API/images/TGOS01_02.png,Taiwan
https://www.gov.taipei,image/png,https://api.tgos.tw/TGOS_API/images/Sample/Angle.png,Taiwan
https://www.gov.taipei,image/jpeg,https://wmts.nlsc.gov.tw/wmts/EMAP/default/GoogleMapsCompatible/15/14027/27445,Taiwan
https://www.gov.taipei,image/jpeg,https://wmts.nlsc.gov.tw/wmts/EMAP/default/GoogleMapsCompatible/15/14027/27443,Taiwan
https://www.gov.taipei,image/jpeg,https://wmts.nlsc.gov.tw/wmts/EMAP/default/GoogleMapsCompatible/15/14028/27443,Taiwan
https://www.gov.taipei,image/jpeg,https://wmts.nlsc.gov.tw/wmts/EMAP/default/GoogleMapsCompatible/15/14026/27443,Taiwan
https://www.gov.taipei,image/jpeg,https://wmts.nlsc.gov.tw/wmts/EMAP/default/GoogleMapsCompatible/15/14028/27444,Taiwan
https://www.gov.taipei,image/jpeg,https://wmts.nlsc.gov.tw/wmts/EMAP/default/GoogleMapsCompatible/15/14028/27445,Taiwan
https://www.gov.taipei,image/jpeg,https://wmts.nlsc.gov.tw/wmts/EMAP/default/GoogleMapsCompatible/15/14027/27444,Taiwan
https://www.gov.taipei,image/jpeg,https://wmts.nlsc.gov.tw/wmts/EMAP/default/GoogleMapsCompatible/15/14026/27444,Taiwan
https://www.gov.taipei,image/jpeg,https://wmts.nlsc.gov.tw/wmts/EMAP/default/GoogleMapsCompatible/15/14026/27445,Taiwan
https://www.gov.taipei,image/jpeg,https://wmts.nlsc.gov.tw/wmts/EMAP/default/GoogleMapsCompatible/15/14029/27445,Taiwan
https://www.gov.taipei,image/jpeg,https://wmts.nlsc.gov.tw/wmts/EMAP/default/GoogleMapsCompatible/15/14026/27446,Taiwan
https://www.gov.taipei,image/jpeg,https://wmts.nlsc.gov.tw/wmts/EMAP/default/GoogleMapsCompatible/15/14027/27446,Taiwan
https://www.gov.taipei,image/jpeg,https://wmts.nlsc.gov.tw/wmts/EMAP/default/GoogleMapsCompatible/15/14028/27446,Taiwan
https://www.gov.taipei,image/jpeg,https://wmts.nlsc.gov.tw/wmts/EMAP/default/GoogleMapsCompatible/15/14029/27446,Taiwan
https://www.gov.taipei,image/jpeg,https://wmts.nlsc.gov.tw/wmts/EMAP/default/GoogleMapsCompatible/15/14029/27444,Taiwan
https://www.gov.taipei,image/jpeg,https://wmts.nlsc.gov.tw/wmts/EMAP/default/GoogleMapsCompatible/1/0/1,Taiwan
https://www.gov.taipei,text/javascript; charset=utf-8,https://api.tgos.tw/Agent/Google/Agent_HILLSHADE3857.aspx/GetCacheConfig?Format=JSON&appid=ynTNBbeFnj6FNarEZCS3/ORYlYXbaJHavxzzpjieaVmz6nnVN4SOeg==&apikey=cGEErDNy5yN/1fQ0vyTOZrghjE+jIU6u5u6w9dC3wydKXmGK1cGvXLMeUBfUvbKSqb0PavClm5s+oz1cfOynoDWMYKCkM6R5+gDZ1pNrR6pUuvY89cRURgAdyqwhq3QCXhCb48Yi6ZyFs7CXXqefQcfOiy6jLWpb5kyn5FzKCFOuFl/+e/WJNsJBno5lS3xcGqNHbj4GLdYGjMaWMfzXE7heC+udkK7H39NdhlkTZI87jLi61ay8QSoue0S1LUEi9opFq05zLgW4Br0NL9YOtZ1fy7tFklG/lVt8QvhxsIAEPhTGstzq2Ad43Jja+WO7CxA/B4eyRbpMoyLm8svhP+0vhNo3658C5pdIjK2QHwgCBZRXKJdpKW2gVB7+3xsyJbm9yjsvUQ4j2wRjNNuArQ==&Result=_result_google_4,Taiwan
https://www.gov.taipei,image/jpeg,https://wmts.nlsc.gov.tw/wmts/EMAP/default/GoogleMapsCompatible/15/14029/27443,Taiwan
https://www.sinica.edu.tw,image/jpeg,https://wmts.nlsc.gov.tw/wmts/EMAP/default/GoogleMapsCompatible/2/1/3,Taiwan
https://www.ncl.edu.tw,image/jpeg,https://nclfile.ncl.edu.tw/banner/small/5028838c-5883-4608-bf41-deea0deefdb6.jpg,Taiwan
https://www.ncl.edu.tw,image/jpeg,https://nclfile.ncl.edu.tw/banner/small/c88c0451-8368-4ab2-b5a8-045afb5c8c11.jpg,Taiwan
https://www.ncl.edu.tw,image/jpeg,https://nclfile.ncl.edu.tw/banner/small/c2cc4b69-f876-45ba-a15e-e6ce1c31be9f.jpg,Taiwan
https://www.ncl.edu.tw,image/jpeg,https://nclfile.ncl.edu.tw/information/small/46b572a9-70d5-49e6-9d08-8d6a36bc62d4.jpg,Taiwan
https://www.ncl.edu.tw,image/jpeg,https://nclfile.ncl.edu.tw/banner/small/8f54be1f-cfe6-4af9-8ca4-271cced8d0a6.jpg,Taiwan
https://www.ncl.edu.tw,image/jpeg,https://nclfile.ncl.edu.tw/banner/small/cd2bd99a-680b-4751-b23e-b38c03a47919.jpg,Taiwan
https://www.ncl.edu.tw,image/jpeg,https://nclfile.ncl.edu.tw/information/small/674fcba1-acbf-45c3-9190-b1fc69a43631.jpg,Taiwan
https://www.ncl.edu.tw,image/jpeg,https://nclfile.ncl.edu.tw/information/small/4eb77d42-f2aa-4d91-b52a-33758f14387b.jpg,Taiwan
https://www.ncl.edu.tw,image/jpeg,https://nclfile.ncl.edu.tw/activityhistory/small/f4129137-4858-442e-9bd9-3f9af96563fa.jpg,Taiwan
https://www.ncl.edu.tw,image/jpeg,https://nclfile.ncl.edu.tw/banner/small/d713b724-ecfc-4c88-8786-a22286064fce.jpg,Taiwan
https://www.ncl.edu.tw,image/jpeg,https://nclfile.ncl.edu.tw/banner/small/2656ba8f-9668-411a-aa87-6a289c43b5c6.jpg,Taiwan
https://www.ncl.edu.tw,image/jpeg,https://nclfile.ncl.edu.tw/information/small/a5cee0e7-34b2-40cb-9cce-fba5ff442ef7.jpg,Taiwan
https://www.ncl.edu.tw,image/jpeg,https://nclfile.ncl.edu.tw/banner/small/3ef87389-6d37-4375-a5cc-d02ec87baec5.jpg,Taiwan
https://www.ncl.edu.tw,image/jpeg,https://nclfile.ncl.edu.tw/banner/small/2c24eb22-6a94-4a15-b7e1-874fd2fa67dc.jpg,Taiwan
https://www.ncl.edu.tw,image/jpeg,https://nclfile.ncl.edu.tw/movie/small/fa93e0be-3bb7-4c51-ad7b-3a3a132c611a.jpg,Taiwan
https://www.ncl.edu.tw,image/jpeg,https://nclfile.ncl.edu.tw/relatedlink/small/502f94f9-31c8-4ba8-93f5-a81325a7443d.jpg,Taiwan
https://www.ncl.edu.tw,image/jpeg,https://nclfile.ncl.edu.tw/relatedlink/small/8934aa2a-1980-44da-b0b3-c5eff14f453f.jpg,Taiwan
https://www.ncl.edu.tw,image/jpeg,https://nclfile.ncl.edu.tw/relatedlink/small/489f71a6-1c11-4654-a04e-ff0f1dac69a5.jpg,Taiwan
https://www.ncl.edu.tw,image/jpeg,https://nclfile.ncl.edu.tw/relatedlink/small/ed557b01-b623-4de8-8cce-6cbebe0946b8.jpg,Taiwan
https://www.ncl.edu.tw,image/jpeg,https://nclfile.ncl.edu.tw/relatedlink/small/bbe8fc7e-6b31-43cf-aa75-8341393c3e72.jpg,Taiwan
https://www.ncl.edu.tw,image/jpeg,https://nclfile.ncl.edu.tw/relatedlink/small/a075ad8c-d608-4b2e-9732-55cf00234ff7.jpg,Taiwan
https://www.ncl.edu.tw,image/jpeg,https://nclfile.ncl.edu.tw/relatedlink/small/1321ab6c-74c6-471e-bc3b-da0eff20c1a7.jpg,Taiwan
https://www.ncl.edu.tw,image/jpeg,https://nclfile.ncl.edu.tw/relatedlink/small/f2e7d38b-782e-49d5-85a3-9b6ec94ee926.jpg,Taiwan
https://www.ncl.edu.tw,image/jpeg,https://nclfile.ncl.edu.tw/relatedlink/small/1132f530-7cd7-4c5e-894b-2b092ed04994.jpg,Taiwan
https://www.ncl.edu.tw,image/jpeg,https://nclfile.ncl.edu.tw/relatedlink/small/a6d95a55-10e6-4560-85bd-3f3c7bc64e82.jpg,Taiwan
https://www.tc.edu.tw,application/javascript,https://alerts.ncdr.nat.gov.tw/temp/StaticFiles/Immediately/CapInfoNormal_66_180155.js,Taiwan
https://www.tc.edu.tw,text/css,https://alerts.ncdr.nat.gov.tw/CSS/banner.css?version=2,Taiwan
https://www.tc.edu.tw,application/javascript,https://alerts.ncdr.nat.gov.tw/scripts/jquery.innerfade.js,Taiwan
https://www.tc.edu.tw,image/jpeg,https://alerts.ncdr.nat.gov.tw/Images/banner_logo.jpg,Taiwan
https://www.beitun.taichung.gov.tw/,image/jpeg,https://vod.taichung.gov.tw/public/Data/7261561071.jpg,Taiwan
https://www.beitun.taichung.gov.tw/,application/javascript,https://alerts.ncdr.nat.gov.tw/OutSource/Taichung/jquery-1.8.2.js,Taiwan
https://www.beitun.taichung.gov.tw/,text/css,https://alerts.ncdr.nat.gov.tw/OutSource/Taichung/banner_forTCC.css,Taiwan
https://www.beitun.taichung.gov.tw/,application/javascript,https://alerts.ncdr.nat.gov.tw/OutSource/Taichung/CapInfo_country.js,Taiwan
https://www.beitun.taichung.gov.tw/,text/css,https://alerts.ncdr.nat.gov.tw/OutSource/Taichung/basic_forTCC.css,Taiwan
https://www.beitun.taichung.gov.tw/,application/javascript,https://alerts.ncdr.nat.gov.tw/OutSource/Taichung/jquery.innerfade.js,Taiwan
https://www.beitun.taichung.gov.tw/,image/jpeg,https://alerts.ncdr.nat.gov.tw/Images/banner_logo.jpg,Taiwan
https://www.beitun.taichung.gov.tw/,image/png,https://alerts.ncdr.nat.gov.tw/Images/todayIsGoodDay.png,Taiwan
https://www.daan.taichung.gov.tw/,image/jpeg,https://vod.taichung.gov.tw/public/Data/310815141271.jpg,Taiwan
https://www.daan.taichung.gov.tw/,application/javascript,https://alerts.ncdr.nat.gov.tw/OutSource/Taichung/CapInfo_country.js,Taiwan
https://www.daan.taichung.gov.tw/,application/javascript,https://alerts.ncdr.nat.gov.tw/OutSource/Taichung/jquery.innerfade.js,Taiwan
https://www.daan.taichung.gov.tw/,text/css,https://alerts.ncdr.nat.gov.tw/OutSource/Taichung/banner_forTCC.css,Taiwan
https://www.daan.taichung.gov.tw/,text/css,https://alerts.ncdr.nat.gov.tw/OutSource/Taichung/basic_forTCC.css,Taiwan
https://www.daan.taichung.gov.tw/,application/javascript,https://alerts.ncdr.nat.gov.tw/OutSource/Taichung/jquery-1.8.2.js,Taiwan
https://www.daan.taichung.gov.tw/,image/png,https://alerts.ncdr.nat.gov.tw/Images/todayIsGoodDay.png,Taiwan
https://www.daan.taichung.gov.tw/,image/jpeg,https://alerts.ncdr.nat.gov.tw/Images/banner_logo.jpg,Taiwan
https://www.dadu.taichung.gov.tw/,application/javascript,https://alerts.ncdr.nat.gov.tw/OutSource/Taichung/jquery-1.8.2.js,Taiwan
https://www.dadu.taichung.gov.tw/,application/javascript,https://alerts.ncdr.nat.gov.tw/OutSource/Taichung/CapInfo_country.js,Taiwan
https://www.dadu.taichung.gov.tw/,application/javascript,https://alerts.ncdr.nat.gov.tw/OutSource/Taichung/jquery.innerfade.js,Taiwan
https://www.dadu.taichung.gov.tw/,text/css,https://alerts.ncdr.nat.gov.tw/OutSource/Taichung/banner_forTCC.css,Taiwan
https://www.dadu.taichung.gov.tw/,text/css,https://alerts.ncdr.nat.gov.tw/OutSource/Taichung/basic_forTCC.css,Taiwan
https://www.dadu.taichung.gov.tw/,image/png,https://alerts.ncdr.nat.gov.tw/Images/todayIsGoodDay.png,Taiwan
https://www.dadu.taichung.gov.tw/,image/jpeg,https://alerts.ncdr.nat.gov.tw/Images/banner_logo.jpg,Taiwan
https://www.east.taichung.gov.tw,image/jpeg,https://vod.taichung.gov.tw/public/Data/941116401271.jpg,Taiwan
https://www.east.taichung.gov.tw,application/javascript,https://alerts.ncdr.nat.gov.tw/OutSource/Taichung/jquery-1.8.2.js,Taiwan
https://www.east.taichung.gov.tw,application/javascript,https://alerts.ncdr.nat.gov.tw/OutSource/Taichung/CapInfo_country.js,Taiwan
https://www.east.taichung.gov.tw,application/javascript,https://alerts.ncdr.nat.gov.tw/OutSource/Taichung/jquery.innerfade.js,Taiwan
https://www.east.taichung.gov.tw,text/css,https://alerts.ncdr.nat.gov.tw/OutSource/Taichung/banner_forTCC.css,Taiwan
https://www.east.taichung.gov.tw,text/css,https://alerts.ncdr.nat.gov.tw/OutSource/Taichung/basic_forTCC.css,Taiwan
https://www.east.taichung.gov.tw,image/png,https://alerts.ncdr.nat.gov.tw/Images/todayIsGoodDay.png,Taiwan
https://www.east.taichung.gov.tw,image/jpeg,https://alerts.ncdr.nat.gov.tw/Images/banner_logo.jpg,Taiwan
https://www.economic.taichung.gov.tw,image/jpeg,https://vod.taichung.gov.tw/public/Data/922614154771.jpg,Taiwan
https://www.economic.taichung.gov.tw,application/javascript,https://alerts.ncdr.nat.gov.tw/OutSource/Taichung/jquery-1.8.2.js,Taiwan
https://www.economic.taichung.gov.tw,application/javascript,https://alerts.ncdr.nat.gov.tw/OutSource/Taichung/CapInfo_country.js,Taiwan
https://www.economic.taichung.gov.tw,application/javascript,https://alerts.ncdr.nat.gov.tw/OutSource/Taichung/jquery.innerfade.js,Taiwan
https://www.economic.taichung.gov.tw,text/css,https://alerts.ncdr.nat.gov.tw/OutSource/Taichung/banner_forTCC.css,Taiwan
https://www.economic.taichung.gov.tw,text/css,https://alerts.ncdr.nat.gov.tw/OutSource/Taichung/basic_forTCC.css,Taiwan
https://www.economic.taichung.gov.tw,image/png,https://alerts.ncdr.nat.gov.tw/Images/todayIsGoodDay.png,Taiwan
https://www.economic.taichung.gov.tw,image/jpeg,https://alerts.ncdr.nat.gov.tw/Images/banner_logo.jpg,Taiwan
https://www.ethics.taichung.gov.tw,application/javascript,https://alerts.ncdr.nat.gov.tw/OutSource/Taichung/jquery-1.8.2.js,Taiwan
https://www.ethics.taichung.gov.tw,application/javascript,https://alerts.ncdr.nat.gov.tw/OutSource/Taichung/CapInfo_country.js,Taiwan
https://www.ethics.taichung.gov.tw,application/javascript,https://alerts.ncdr.nat.gov.tw/OutSource/Taichung/jquery.innerfade.js,Taiwan
https://www.ethics.taichung.gov.tw,text/css,https://alerts.ncdr.nat.gov.tw/OutSource/Taichung/banner_forTCC.css,Taiwan
https://www.ethics.taichung.gov.tw,text/css,https://alerts.ncdr.nat.gov.tw/OutSource/Taichung/basic_forTCC.css,Taiwan
https://www.ethics.taichung.gov.tw,image/png,https://alerts.ncdr.nat.gov.tw/Images/todayIsGoodDay.png,Taiwan
https://www.ethics.taichung.gov.tw,image/jpeg,https://alerts.ncdr.nat.gov.tw/Images/banner_logo.jpg,Taiwan
https://www.fengyuan.taichung.gov.tw,application/javascript,https://alerts.ncdr.nat.gov.tw/OutSource/Taichung/jquery-1.8.2.js,Taiwan
https://www.fengyuan.taichung.gov.tw,application/javascript,https://alerts.ncdr.nat.gov.tw/OutSource/Taichung/CapInfo_country.js,Taiwan
https://www.fengyuan.taichung.gov.tw,application/javascript,https://alerts.ncdr.nat.gov.tw/OutSource/Taichung/jquery.innerfade.js,Taiwan
https://www.fengyuan.taichung.gov.tw,text/css,https://alerts.ncdr.nat.gov.tw/OutSource/Taichung/banner_forTCC.css,Taiwan
https://www.fengyuan.taichung.gov.tw,text/css,https://alerts.ncdr.nat.gov.tw/OutSource/Taichung/basic_forTCC.css,Taiwan
https://www.fengyuan.taichung.gov.tw,image/png,https://alerts.ncdr.nat.gov.tw/Images/todayIsGoodDay.png,Taiwan
https://www.fengyuan.taichung.gov.tw,image/jpeg,https://alerts.ncdr.nat.gov.tw/Images/banner_logo.jpg,Taiwan
https://www.fire.taichung.gov.tw,application/javascript,https://alerts.ncdr.nat.gov.tw/temp/StaticFiles/Immediately/CapInfoNormal_66_180155.js,Taiwan
https://www.fire.taichung.gov.tw,application/javascript,https://alerts.ncdr.nat.gov.tw/temp/StaticFiles/Immediately/CapInfoNormal_66_300250.js,Taiwan
https://www.fire.taichung.gov.tw,text/css,https://alerts.ncdr.nat.gov.tw/CSS/banner.css?version=2,Taiwan
https://www.fire.taichung.gov.tw,application/javascript,https://alerts.ncdr.nat.gov.tw/scripts/jquery.innerfade.js,Taiwan
https://www.fire.taichung.gov.tw,image/jpeg,https://alerts.ncdr.nat.gov.tw/Images/banner_logo.jpg,Taiwan
https://www.fire.taichung.gov.tw,image/png,https://alerts.ncdr.nat.gov.tw/Images/todayIsGoodDay.png,Taiwan
https://www.im.taichung.gov.tw,application/javascript,https://alerts.ncdr.nat.gov.tw/OutSource/Taichung/jquery-1.8.2.js,Taiwan
https://www.im.taichung.gov.tw,application/javascript,https://alerts.ncdr.nat.gov.tw/OutSource/Taichung/CapInfo_country.js,Taiwan
https://www.im.taichung.gov.tw,application/javascript,https://alerts.ncdr.nat.gov.tw/OutSource/Taichung/jquery.innerfade.js,Taiwan
https://www.im.taichung.gov.tw,text/css,https://alerts.ncdr.nat.gov.tw/OutSource/Taichung/banner_forTCC.css,Taiwan
https://www.im.taichung.gov.tw,text/css,https://alerts.ncdr.nat.gov.tw/OutSource/Taichung/basic_forTCC.css,Taiwan
https://www.im.taichung.gov.tw,image/png,https://alerts.ncdr.nat.gov.tw/Images/todayIsGoodDay.png,Taiwan
https://www.im.taichung.gov.tw,image/jpeg,https://alerts.ncdr.nat.gov.tw/Images/banner_logo.jpg,Taiwan
https://www.longjing.taichung.gov.tw/,image/jpeg,https://vod.taichung.gov.tw/public/Data/1016.jpg,Taiwan
https://www.longjing.taichung.gov.tw/,application/javascript,https://alerts.ncdr.nat.gov.tw/OutSource/Taichung/jquery-1.8.2.js,Taiwan
https://www.longjing.taichung.gov.tw/,application/javascript,https://alerts.ncdr.nat.gov.tw/OutSource/Taichung/CapInfo_country.js,Taiwan
https://www.longjing.taichung.gov.tw/,application/javascript,https://alerts.ncdr.nat.gov.tw/OutSource/Taichung/jquery.innerfade.js,Taiwan
https://www.longjing.taichung.gov.tw/,text/css,https://alerts.ncdr.nat.gov.tw/OutSource/Taichung/banner_forTCC.css,Taiwan
https://www.longjing.taichung.gov.tw/,text/css,https://alerts.ncdr.nat.gov.tw/OutSource/Taichung/basic_forTCC.css,Taiwan
https://www.longjing.taichung.gov.tw/,image/png,https://alerts.ncdr.nat.gov.tw/Images/todayIsGoodDay.png,Taiwan
https://www.longjing.taichung.gov.tw/,image/jpeg,https://alerts.ncdr.nat.gov.tw/Images/banner_logo.jpg,Taiwan
https://www.nantun.taichung.gov.tw/,image/jpeg,https://vod.taichung.gov.tw/public/Data/66271556171.JPG,Taiwan
https://www.nantun.taichung.gov.tw/,application/javascript,https://alerts.ncdr.nat.gov.tw/OutSource/Taichung/jquery-1.8.2.js,Taiwan
https://www.nantun.taichung.gov.tw/,application/javascript,https://alerts.ncdr.nat.gov.tw/OutSource/Taichung/CapInfo_country.js,Taiwan
https://www.nantun.taichung.gov.tw/,application/javascript,https://alerts.ncdr.nat.gov.tw/OutSource/Taichung/jquery.innerfade.js,Taiwan
https://www.nantun.taichung.gov.tw/,text/css,https://alerts.ncdr.nat.gov.tw/OutSource/Taichung/banner_forTCC.css,Taiwan
https://www.nantun.taichung.gov.tw/,text/css,https://alerts.ncdr.nat.gov.tw/OutSource/Taichung/basic_forTCC.css,Taiwan
https://www.nantun.taichung.gov.tw/,image/png,https://alerts.ncdr.nat.gov.tw/Images/todayIsGoodDay.png,Taiwan
https://www.nantun.taichung.gov.tw/,image/jpeg,https://alerts.ncdr.nat.gov.tw/Images/banner_logo.jpg,Taiwan
https://www.police.taichung.gov.tw/ch/index.jsp,application/javascript,https://alerts.ncdr.nat.gov.tw/temp/StaticFiles/Immediately/CAP300100_CapInfo.js,Taiwan
https://www.police.taichung.gov.tw/ch/index.jsp,text/css,https://alerts.ncdr.nat.gov.tw/CSS/banner.css?version=2,Taiwan
https://www.police.taichung.gov.tw/ch/index.jsp,application/javascript,https://alerts.ncdr.nat.gov.tw/scripts/jquery.innerfade.js,Taiwan
https://www.police.taichung.gov.tw/ch/index.jsp,image/jpeg,https://alerts.ncdr.nat.gov.tw/Images/banner_logo.jpg,Taiwan
https://www.police.taichung.gov.tw/ch/index.jsp,image/png,https://alerts.ncdr.nat.gov.tw/Images/calamityIcon150Black_RC.png?version=1,Taiwan
https://www.shalu.taichung.gov.tw,image/jpeg,https://vod.taichung.gov.tw/public/Data/794103871.jpg,Taiwan
https://www.shalu.taichung.gov.tw,application/javascript,https://alerts.ncdr.nat.gov.tw/OutSource/Taichung/jquery-1.8.2.js,Taiwan
https://www.shalu.taichung.gov.tw,application/javascript,https://alerts.ncdr.nat.gov.tw/OutSource/Taichung/CapInfo_country.js,Taiwan
https://www.shalu.taichung.gov.tw,text/css,https://alerts.ncdr.nat.gov.tw/OutSource/Taichung/banner_forTCC.css,Taiwan
https://www.shalu.taichung.gov.tw,text/css,https://alerts.ncdr.nat.gov.tw/OutSource/Taichung/basic_forTCC.css,Taiwan
https://www.shalu.taichung.gov.tw,application/javascript,https://alerts.ncdr.nat.gov.tw/OutSource/Taichung/jquery.innerfade.js,Taiwan
https://www.shalu.taichung.gov.tw,image/png,https://alerts.ncdr.nat.gov.tw/Images/todayIsGoodDay.png,Taiwan
https://www.shalu.taichung.gov.tw,image/jpeg,https://alerts.ncdr.nat.gov.tw/Images/banner_logo.jpg,Taiwan
https://www.shigang.taichung.gov.tw/,application/javascript,https://alerts.ncdr.nat.gov.tw/OutSource/Taichung/jquery-1.8.2.js,Taiwan
https://www.shigang.taichung.gov.tw/,application/javascript,https://alerts.ncdr.nat.gov.tw/OutSource/Taichung/CapInfo_country.js,Taiwan
https://www.shigang.taichung.gov.tw/,application/javascript,https://alerts.ncdr.nat.gov.tw/OutSource/Taichung/jquery.innerfade.js,Taiwan
https://www.shigang.taichung.gov.tw/,text/css,https://alerts.ncdr.nat.gov.tw/OutSource/Taichung/banner_forTCC.css,Taiwan
https://www.shigang.taichung.gov.tw/,text/css,https://alerts.ncdr.nat.gov.tw/OutSource/Taichung/basic_forTCC.css,Taiwan
https://www.shigang.taichung.gov.tw/,image/png,https://alerts.ncdr.nat.gov.tw/Images/todayIsGoodDay.png,Taiwan
https://www.shigang.taichung.gov.tw/,image/jpeg,https://alerts.ncdr.nat.gov.tw/Images/banner_logo.jpg,Taiwan
https://www.south.taichung.gov.tw,application/javascript,https://alerts.ncdr.nat.gov.tw/OutSource/Taichung/jquery-1.8.2.js,Taiwan
https://www.south.taichung.gov.tw,application/javascript,https://alerts.ncdr.nat.gov.tw/OutSource/Taichung/CapInfo_country.js,Taiwan
https://www.south.taichung.gov.tw,application/javascript,https://alerts.ncdr.nat.gov.tw/OutSource/Taichung/jquery.innerfade.js,Taiwan
https://www.south.taichung.gov.tw,text/css,https://alerts.ncdr.nat.gov.tw/OutSource/Taichung/banner_forTCC.css,Taiwan
https://www.south.taichung.gov.tw,text/css,https://alerts.ncdr.nat.gov.tw/OutSource/Taichung/basic_forTCC.css,Taiwan
https://www.south.taichung.gov.tw,image/png,https://alerts.ncdr.nat.gov.tw/Images/todayIsGoodDay.png,Taiwan
https://www.south.taichung.gov.tw,image/jpeg,https://alerts.ncdr.nat.gov.tw/Images/banner_logo.jpg,Taiwan
https://www.taiping.taichung.gov.tw,application/javascript,https://alerts.ncdr.nat.gov.tw/OutSource/Taichung/jquery-1.8.2.js,Taiwan
https://www.taiping.taichung.gov.tw,application/javascript,https://alerts.ncdr.nat.gov.tw/OutSource/Taichung/CapInfo_country.js,Taiwan
https://www.taiping.taichung.gov.tw,application/javascript,https://alerts.ncdr.nat.gov.tw/OutSource/Taichung/jquery.innerfade.js,Taiwan
https://www.taiping.taichung.gov.tw,text/css,https://alerts.ncdr.nat.gov.tw/OutSource/Taichung/banner_forTCC.css,Taiwan
https://www.taiping.taichung.gov.tw,text/css,https://alerts.ncdr.nat.gov.tw/OutSource/Taichung/basic_forTCC.css,Taiwan
https://www.taiping.taichung.gov.tw,image/jpeg,https://alerts.ncdr.nat.gov.tw/Images/banner_logo.jpg,Taiwan
https://www.taiping.taichung.gov.tw,image/png,https://alerts.ncdr.nat.gov.tw/Images/todayIsGoodDay.png,Taiwan
https://www.traffic.taichung.gov.tw,application/javascript,https://alerts.ncdr.nat.gov.tw/temp/StaticFiles/Immediately/CapInfoNormal_66_180155.js,Taiwan
https://www.traffic.taichung.gov.tw,text/css,https://alerts.ncdr.nat.gov.tw/CSS/banner.css?version=2,Taiwan
https://www.traffic.taichung.gov.tw,application/javascript,https://alerts.ncdr.nat.gov.tw/scripts/jquery.innerfade.js,Taiwan
https://www.traffic.taichung.gov.tw,image/jpeg,https://alerts.ncdr.nat.gov.tw/Images/banner_logo.jpg,Taiwan
https://www.ud.taichung.gov.tw,image/jpeg,https://vod.taichung.gov.tw/public/Data/811141313529.jpg,Taiwan
https://www.ud.taichung.gov.tw,application/javascript,https://alerts.ncdr.nat.gov.tw/OutSource/Taichung/jquery-1.8.2.js,Taiwan
https://www.ud.taichung.gov.tw,application/javascript,https://alerts.ncdr.nat.gov.tw/OutSource/Taichung/CapInfo_country.js,Taiwan
https://www.ud.taichung.gov.tw,application/javascript,https://alerts.ncdr.nat.gov.tw/OutSource/Taichung/jquery.innerfade.js,Taiwan
https://www.ud.taichung.gov.tw,text/css,https://alerts.ncdr.nat.gov.tw/OutSource/Taichung/banner_forTCC.css,Taiwan
https://www.ud.taichung.gov.tw,text/css,https://alerts.ncdr.nat.gov.tw/OutSource/Taichung/basic_forTCC.css,Taiwan
https://www.ud.taichung.gov.tw,image/png,https://alerts.ncdr.nat.gov.tw/Images/todayIsGoodDay.png,Taiwan
https://www.ud.taichung.gov.tw,image/jpeg,https://alerts.ncdr.nat.gov.tw/Images/banner_logo.jpg,Taiwan
https://www.west.taichung.gov.tw/,image/png,https://vod.taichung.gov.tw/public/Data/821311134971.PNG,Taiwan
https://www.west.taichung.gov.tw/,application/javascript,https://alerts.ncdr.nat.gov.tw/OutSource/Taichung/jquery-1.8.2.js,Taiwan
https://www.west.taichung.gov.tw/,application/javascript,https://alerts.ncdr.nat.gov.tw/OutSource/Taichung/CapInfo_country.js,Taiwan
https://www.west.taichung.gov.tw/,application/javascript,https://alerts.ncdr.nat.gov.tw/OutSource/Taichung/jquery.innerfade.js,Taiwan
https://www.west.taichung.gov.tw/,text/css,https://alerts.ncdr.nat.gov.tw/OutSource/Taichung/banner_forTCC.css,Taiwan
https://www.west.taichung.gov.tw/,text/css,https://alerts.ncdr.nat.gov.tw/OutSource/Taichung/basic_forTCC.css,Taiwan
https://www.west.taichung.gov.tw/,image/png,https://alerts.ncdr.nat.gov.tw/Images/todayIsGoodDay.png,Taiwan
https://www.west.taichung.gov.tw/,image/jpeg,https://alerts.ncdr.nat.gov.tw/Images/banner_logo.jpg,Taiwan
https://www.wuri.taichung.gov.tw/,application/javascript,https://alerts.ncdr.nat.gov.tw/OutSource/Taichung/jquery-1.8.2.js,Taiwan
https://www.wuri.taichung.gov.tw/,application/javascript,https://alerts.ncdr.nat.gov.tw/OutSource/Taichung/CapInfo_country.js,Taiwan
https://www.wuri.taichung.gov.tw/,application/javascript,https://alerts.ncdr.nat.gov.tw/OutSource/Taichung/jquery.innerfade.js,Taiwan
https://www.wuri.taichung.gov.tw/,text/css,https://alerts.ncdr.nat.gov.tw/OutSource/Taichung/banner_forTCC.css,Taiwan
https://www.wuri.taichung.gov.tw/,text/css,https://alerts.ncdr.nat.gov.tw/OutSource/Taichung/basic_forTCC.css,Taiwan
https://www.wuri.taichung.gov.tw/,image/png,https://alerts.ncdr.nat.gov.tw/Images/todayIsGoodDay.png,Taiwan
https://www.wuri.taichung.gov.tw/,image/jpeg,https://alerts.ncdr.nat.gov.tw/Images/banner_logo.jpg,Taiwan
https://www.xinshe.taichung.gov.tw/,application/javascript,https://alerts.ncdr.nat.gov.tw/OutSource/Taichung/jquery-1.8.2.js,Taiwan
https://www.xinshe.taichung.gov.tw/,application/javascript,https://alerts.ncdr.nat.gov.tw/OutSource/Taichung/CapInfo_country.js,Taiwan
https://www.xinshe.taichung.gov.tw/,application/javascript,https://alerts.ncdr.nat.gov.tw/OutSource/Taichung/jquery.innerfade.js,Taiwan
https://www.xinshe.taichung.gov.tw/,text/css,https://alerts.ncdr.nat.gov.tw/OutSource/Taichung/banner_forTCC.css,Taiwan
https://www.xinshe.taichung.gov.tw/,text/css,https://alerts.ncdr.nat.gov.tw/OutSource/Taichung/basic_forTCC.css,Taiwan
https://www.xinshe.taichung.gov.tw/,image/png,https://alerts.ncdr.nat.gov.tw/Images/todayIsGoodDay.png,Taiwan
https://www.xinshe.taichung.gov.tw/,image/jpeg,https://alerts.ncdr.nat.gov.tw/Images/banner_logo.jpg,Taiwan
https://www.xitun.taichung.gov.tw/,application/javascript,https://alerts.ncdr.nat.gov.tw/OutSource/Taichung/jquery-1.8.2.js,Taiwan
https://www.xitun.taichung.gov.tw/,application/javascript,https://alerts.ncdr.nat.gov.tw/OutSource/Taichung/CapInfo_country.js,Taiwan
https://www.xitun.taichung.gov.tw/,application/javascript,https://alerts.ncdr.nat.gov.tw/OutSource/Taichung/jquery.innerfade.js,Taiwan
https://www.xitun.taichung.gov.tw/,text/css,https://alerts.ncdr.nat.gov.tw/OutSource/Taichung/banner_forTCC.css,Taiwan
https://www.xitun.taichung.gov.tw/,text/css,https://alerts.ncdr.nat.gov.tw/OutSource/Taichung/basic_forTCC.css,Taiwan
https://www.xitun.taichung.gov.tw/,image/png,https://alerts.ncdr.nat.gov.tw/Images/todayIsGoodDay.png,Taiwan
https://www.xitun.taichung.gov.tw/,image/jpeg,https://alerts.ncdr.nat.gov.tw/Images/banner_logo.jpg,Taiwan
https://www.tps.moj.gov.tw/,text/css,https://code.jquery.com/ui/1.12.0/themes/smoothness/jquery-ui.css,United States
https://www.tps.moj.gov.tw/,application/javascript; charset=utf-8,https://code.jquery.com/ui/1.12.0/jquery-ui.min.js,United States
https://www.kmh.moj.gov.tw/mp008.html,image/gif,http://www.kmh.moj.gov.tw/public/Data/7109141313712.gif,Taiwan
https://www.kmh.moj.gov.tw/mp008.html,image/gif,http://www.kmh.moj.gov.tw/public/Data/7109115555397.gif,Taiwan
https://www.kmh.moj.gov.tw/mp008.html,image/gif,http://www.kmh.moj.gov.tw/public/Data/7109165555608.gif,Taiwan
https://www.kmh.moj.gov.tw/mp008.html,image/gif,http://www.kmh.moj.gov.tw/public/Data/93410564105.gif?%e6%8b%92%e7%b5%95%e6%af%92%e5%ae%b3=,Taiwan
https://www.kmh.moj.gov.tw/mp008.html,image/gif,http://www.kmh.moj.gov.tw/public/Data/934105618927.gif,Taiwan
https://www.kmh.moj.gov.tw/mp008.html,image/gif,http://www.kmh.moj.gov.tw/public/Data/93411181656.gif,Taiwan
https://www.kmh.moj.gov.tw/mp008.html,image/gif,http://www.tnh.moj.gov.tw/site/moj/public/MMO/tnh/flower2.gif,Taiwan
https://www.kmh.moj.gov.tw/mp008.html,image/gif,http://www.tnh.moj.gov.tw/site/moj/public/MMO/tnh/flower1.gif,Taiwan
https://www.kmh.moj.gov.tw/mp008.html,image/gif,http://www.ksh.moj.gov.tw/site/moj/public/MMO/ksh/%E9%A0%81%E5%B0%BElogo.gif,Taiwan
https://www.kmh.moj.gov.tw/mp008.html,image/gif,http://www.tnh.moj.gov.tw/site/moj/public/MMO/tnh/%E6%AA%A2%E8%88%89%E9%9B%BB%E8%A9%B1.gif,Taiwan
https://www.kmh.moj.gov.tw/mp008.html,image/jpeg,http://www.ksh.moj.gov.tw/site/moj/public/MMO/ksh/6101813232747.jpg,Taiwan
https://www.ljc.moj.gov.tw/mp029.html,image/jpeg,http://www.ljc.moj.gov.tw/site/moj/public/MMO/ljc/untitled.jpg,Taiwan
https://www.ljc.moj.gov.tw/mp029.html,image/jpeg,http://www.ljc.moj.gov.tw/site/moj/public/MMO/ljc/%E6%9C%AC%E7%BD%B2%E7%95%B6%E5%89%8D%E5%B7%A5%E4%BD%9C%E9%87%8D%E9%BB%9E%E5%8D%80.jpg,Taiwan
https://www.ljc.moj.gov.tw/mp029.html,image/jpeg,http://www.ljc.moj.gov.tw/site/moj/public/MMO/ljc/%E5%8F%8D%E8%B3%84%E9%81%B8-1024.jpg,Taiwan
https://www.mjac.moj.gov.tw,text/css,https://code.jquery.com/ui/1.12.0/themes/smoothness/jquery-ui.css,United States
https://www.mjac.moj.gov.tw,application/javascript; charset=utf-8,https://code.jquery.com/ui/1.12.0/jquery-ui.min.js,United States
https://www.tph.moj.gov.tw,text/css,https://code.jquery.com/ui/1.12.0/themes/smoothness/jquery-ui.css,United States
https://www.tph.moj.gov.tw,application/javascript; charset=utf-8,https://code.jquery.com/ui/1.12.0/jquery-ui.min.js,United States
https://www.tpk.moj.gov.tw,text/css,https://code.jquery.com/ui/1.12.0/themes/smoothness/jquery-ui.css,United States
https://www.tpk.moj.gov.tw,application/javascript; charset=utf-8,https://code.jquery.com/ui/1.12.0/jquery-ui.min.js,United States
https://www.tps.moj.gov.tw,text/css,https://code.jquery.com/ui/1.12.0/themes/smoothness/jquery-ui.css,United States
https://www.tps.moj.gov.tw,application/javascript; charset=utf-8,https://code.jquery.com/ui/1.12.0/jquery-ui.min.js,United States
https://www.tyc.edu.tw,image/jpeg; charset=utf-8,https://www.tycg.gov.tw/uploaddowndoc?file=smallbanner/2019022711152600_small.jpg&filedisplay=1080226_converted_pages-to-jpg-0001.jpg&flag=pic,Taiwan
https://www.tyc.edu.tw,image/jpeg; charset=utf-8,https://www.tycg.gov.tw/uploaddowndoc?file=smallbanner/2019041015442000_small.JPG&filedisplay=%E4%BE%86%E6%96%871%E9%99%84%E4%BB%B62.JPG&flag=pic,Taiwan
https://www.tyc.edu.tw,image/png; charset=utf-8,https://www.tycg.gov.tw/uploaddowndoc?file=smallbanner/2019022715501900_small.png&filedisplay=0002735A00_ATTCH2.png&flag=pic,Taiwan
https://www.tyc.edu.tw,image/jpeg; charset=utf-8,https://www.tycg.gov.tw/uploaddowndoc?file=cheducation1/2019041810070811_small.jpg&filedisplay=%E9%AB%98%E4%B8%AD%E8%81%B7%E7%86%B1%E8%88%9E%E5%A4%A7%E8%B3%BD%E8%A8%98%E8%80%85%E6%9C%83.jpg&flag=pic,Taiwan
https://www.tyc.edu.tw,image/jpeg; charset=utf-8,https://www.tycg.gov.tw/uploaddowndoc?file=smallbanner/2018072509044200_small.jpg&filedisplay=%E6%80%A7%E5%B9%B3%E8%BE%A6%E5%85%AC%E5%AE%A4BENNER_121x60-01.jpg&flag=pic,Taiwan
https://www.tyc.edu.tw,image/png; charset=utf-8,https://www.tycg.gov.tw/uploaddowndoc?file=smallbanner/2019041719165500_small.png&filedisplay=%E7%94%84%E9%81%B8.png&flag=pic,Taiwan
https://www.tyc.edu.tw,image/jpeg; charset=utf-8,https://www.tycg.gov.tw/uploaddowndoc?file=smallbanner/2018043013380200_small.jpg&filedisplay=%E5%89%B5%E9%80%A0%E5%8A%9B%E5%B9%B3%E8%87%BA.jpg&flag=pic,Taiwan
https://www.tyc.edu.tw,image/jpeg; charset=utf-8,https://www.tycg.gov.tw/uploaddowndoc?file=smallbanner/2018043013414000_small.jpg&filedisplay=%E6%A1%83%E5%9C%92%E5%B8%82%E5%89%B5%E5%AE%A2%E8%81%AF%E7%9B%9F.jpg&flag=pic,Taiwan
https://www.tyc.edu.tw,image/png; charset=utf-8,https://www.tycg.gov.tw/uploaddowndoc?file=smallbanner/2018071010131100_small.PNG&filedisplay=%E4%BE%86%E6%96%871%E9%99%84%E4%BB%B62.PNG&flag=pic,Taiwan
https://www.tyc.edu.tw,image/jpeg; charset=utf-8,https://www.tycg.gov.tw/uploaddowndoc?file=smallbanner/2019010714040200_small.JPG&filedisplay=%E4%BE%86%E6%96%871%E9%99%84%E4%BB%B61.JPG&flag=pic,Taiwan
https://www.tyc.edu.tw,image/jpeg; charset=utf-8,https://www.tycg.gov.tw/uploaddowndoc?file=smallbanner/2018042013250900_small.jpg&filedisplay=%E6%95%99%E5%B8%AB%E9%97%9C%E6%87%B7%E5%B0%88%E7%B7%9A-%E5%AE%A3%E5%82%B3%E5%9C%96%E7%A4%BA.jpg&flag=pic,Taiwan
https://www.tyc.edu.tw,image/jpeg; charset=utf-8,https://www.tycg.gov.tw/uploaddowndoc?file=smallbanner/2018022311254000_small.jpg&filedisplay=teach-2562905_1920.jpg&flag=pic,Taiwan
https://www.tyc.edu.tw,image/gif; charset=utf-8,https://www.tycg.gov.tw/uploaddowndoc?file=smallbanner/2017031516032300_small.gif&filedisplay=epaper.gif&flag=pic,Taiwan
https://www.tyc.edu.tw,image/jpeg; charset=utf-8,https://www.tycg.gov.tw/uploaddowndoc?file=smallbanner/2018012409574900_small.jpeg&filedisplay=BU2y7XNMKDGNRL7ppQCWtNQkElZVXbnSCt1qXJ9O.jpeg&flag=pic,Taiwan
https://www.tyc.edu.tw,image/png; charset=utf-8,https://www.tycg.gov.tw/uploaddowndoc?file=smallbanner/2018011817572500_small.PNG&filedisplay=%E6%93%B7%E5%8F%96%28%E9%80%A3%E7%B5%90%E5%9C%96%E6%AA%94-%E9%9D%9E%E5%AD%B8%E6%A0%A1%E5%9E%8B%E6%85%8B%E5%AF%A6%E9%A9%97%E6%95%99%E8%82%B2%29.PNG&flag=pic,Taiwan
https://www.tyc.edu.tw,image/jpeg; charset=utf-8,https://www.tycg.gov.tw/uploaddowndoc?file=smallbanner/2017032216165500_small.jpg&filedisplay=img_0172.jpg&flag=pic,Taiwan
https://www.tyc.edu.tw,image/png; charset=utf-8,https://www.tycg.gov.tw/uploaddowndoc?file=smallbanner/2017031516142800_small.png&filedisplay=logo.png&flag=pic,Taiwan
https://www.tyc.edu.tw,image/png; charset=utf-8,https://www.tycg.gov.tw/uploaddowndoc?file=smallbanner/201703151613190.png&filedisplay=header.png&flag=pic,Taiwan
https://www.tyc.edu.tw,image/jpeg; charset=utf-8,https://www.tycg.gov.tw/uploaddowndoc?file=smallbanner/2017031516114100_small.jpg&filedisplay=aerotropolis.jpg&flag=pic,Taiwan
https://www.tyc.edu.tw,image/gif; charset=utf-8,https://www.tycg.gov.tw/uploaddowndoc?file=smallbanner/2017031516123000_small.gif&filedisplay=151017152583.gif&flag=pic,Taiwan
https://www.tyc.edu.tw,image/gif; charset=utf-8,https://www.tycg.gov.tw/uploaddowndoc?file=smallbanner/2017031516004900_small.gif&filedisplay=ey410_170.gif&flag=pic,Taiwan
https://www.tyc.edu.tw,image/gif; charset=utf-8,https://www.tycg.gov.tw/uploaddowndoc?file=smallbanner/2017031516061300_small.gif&filedisplay=item09.gif&flag=pic,Taiwan
https://www.tyc.edu.tw,image/jpeg; charset=utf-8,https://www.tycg.gov.tw/uploaddowndoc?file=smallbanner/2017031515583000_small.jpg&filedisplay=water1008.jpg&flag=pic,Taiwan
https://www.tyc.edu.tw,image/gif; charset=utf-8,https://www.tycg.gov.tw/uploaddowndoc?file=smallbanner/201703151557370.gif&filedisplay=633560879.gif&flag=pic,Taiwan
https://www.tyc.edu.tw,image/jpeg; charset=utf-8,https://www.tycg.gov.tw/uploaddowndoc?file=smallbanner/2017031515545300_small.jpg&filedisplay=agefriendly-icon.jpg&flag=pic,Taiwan
https://www.tyc.edu.tw,image/png; charset=utf-8,https://www.tycg.gov.tw/uploaddowndoc?file=smallbanner/201703151553570.png&filedisplay=viis135x50.png&flag=pic,Taiwan
https://www.tyc.edu.tw,image/png; charset=utf-8,https://www.tycg.gov.tw/uploaddowndoc?file=smallbanner/201703151556530.png&filedisplay=104summer-icon.png&flag=pic,Taiwan
https://www.tyc.edu.tw,image/jpeg; charset=utf-8,https://www.tycg.gov.tw/uploaddowndoc?file=smallbanner/2017031515521300_small.jpg&filedisplay=arte.jpg&flag=pic,Taiwan
https://www.tyc.edu.tw,image/gif; charset=utf-8,https://www.tycg.gov.tw/uploaddowndoc?file=smallbanner/2017031515511600_small.gif&filedisplay=lunch130x55.gif&flag=pic,Taiwan
https://www.tyc.edu.tw,image/jpeg; charset=utf-8,https://www.tycg.gov.tw/uploaddowndoc?file=smallbanner/2017031515530700_small.jpg&filedisplay=tyc_art.jpg&flag=pic,Taiwan
https://www.tyc.edu.tw,image/gif; charset=utf-8,https://www.tycg.gov.tw/uploaddowndoc?file=smallbanner/2017031515501800_small.gif&filedisplay=373110404671.gif&flag=pic,Taiwan
https://www.tyc.edu.tw,image/png; charset=utf-8,https://www.tycg.gov.tw/uploaddowndoc?file=smallbanner/201703151544090.png&filedisplay=1999server.png&flag=pic,Taiwan
https://www.tyc.edu.tw,image/png; charset=utf-8,https://www.tycg.gov.tw/uploaddowndoc?file=smallbanner/201703151545430.png&filedisplay=1950-icon.png&flag=pic,Taiwan
https://www.tyc.edu.tw,image/jpeg; charset=utf-8,https://www.tycg.gov.tw/uploaddowndoc?file=smallbanner/2017031515470900_small.jpg&filedisplay=isp_moe_edu.jpg&flag=pic,Taiwan
https://www.tyc.edu.tw,image/jpeg; charset=utf-8,https://www.tycg.gov.tw/uploaddowndoc?file=smallbanner/2017031515480200_small.jpg&filedisplay=g-banner.jpg&flag=pic,Taiwan
https://www.tyc.edu.tw,application/javascript,https://alerts.ncdr.nat.gov.tw/temp/StaticFiles/Immediately/CapInfoNormal_68_180155.js,Taiwan
https://www.tyc.edu.tw,text/css,https://alerts.ncdr.nat.gov.tw/CSS/banner.css?version=2,Taiwan
https://www.tyc.edu.tw,application/javascript,https://alerts.ncdr.nat.gov.tw/scripts/jquery-1.8.2.js,Taiwan
https://www.tyc.edu.tw,application/javascript,https://alerts.ncdr.nat.gov.tw/scripts/jquery.innerfade.js,Taiwan
https://www.tyc.edu.tw,image/jpeg,https://alerts.ncdr.nat.gov.tw/Images/banner_logo.jpg,Taiwan
https://wwwc.moex.gov.tw/main/home/wfrmHome.aspx,application/javascript,https://www.ey.gov.tw/Template/EY/js/bootsnav.js,Taiwan
https://adh.mohw.gov.tw,image/png,https://wwwc.moex.gov.tw/main/images/rwd/font_m_f.png,Taiwan
https://phsch.mohw.gov.tw,image/gif,http://phsch.mohw.gov.tw/chinese/UpLoad/Banner/39497_458750.gif,Taiwan
https://phsch.mohw.gov.tw,image/gif,http://phsch.mohw.gov.tw/chinese/UpLoad/Banner/41235_46478009262.gif,Taiwan
https://phsch.mohw.gov.tw,image/gif,http://phsch.mohw.gov.tw/chinese/UpLoad/Banner/41235_46478009260.gif,Taiwan
https://phsch.mohw.gov.tw,image/jpeg,http://phsch.mohw.gov.tw/chinese/UpLoad/Banner/41235_46478009261.jpg,Taiwan
https://phsch.mohw.gov.tw,image/jpeg,http://phsch.mohw.gov.tw/chinese/UpLoad/Banner/41065_44805555560.jpg,Taiwan
https://phsch.mohw.gov.tw,image/gif,http://phsch.mohw.gov.tw/chinese/UpLoad/Banner/41235_46478009263.gif,Taiwan
https://srsch.mohw.gov.tw,image/gif,https://srch.mohw.gov.tw/images/topbanner_03-over.gif,Taiwan
https://srsch.mohw.gov.tw,image/gif,https://srch.mohw.gov.tw/images/topbanner_04-over.gif,Taiwan
https://srsch.mohw.gov.tw,image/gif,https://srch.mohw.gov.tw/images/topbanner_07-over.gif,Taiwan
https://srsch.mohw.gov.tw,image/gif,https://srch.mohw.gov.tw/images/topbanner_05-over.gif,Taiwan
https://srsch.mohw.gov.tw,image/gif,https://srch.mohw.gov.tw/images/topbanner_06-over.gif,Taiwan
https://srsch.mohw.gov.tw,image/png,https://api.qrserver.com/v1/create-qr-code/?size=100x100&data=https%3a%2f%2fsrsch.mohw.gov.tw%2findex.aspx,Germany
